﻿<?xml version="1.0" encoding="UTF-8"?>
<!DOCTYPE xliff PUBLIC "-//XLIFF//DTD XLIFF//EN" "http://www.oasis-open.org/committees/xliff/documents/xliff.dtd">
<xliff version="1.0">
<file source-language="EN" target-language="lv" datatype="plaintext" original="messages" date="2010-04-08T13:53:17Z" product-name="messages">
<header/>
<body>
<trans-unit id="1"><source>Petition</source><target>Petīcija</target></trans-unit>
<trans-unit id="2"><source>Email action</source><target>e-pastu akcija </target></trans-unit>
<trans-unit id="3"><source>Initiative</source><target>Iniciatīva</target></trans-unit>
<trans-unit id="4"><source>Appeal</source><target>Apelācija</target></trans-unit>
<trans-unit id="5"><source>Community</source><target>Kopiena</target></trans-unit>
<trans-unit id="6"><source>Newsletter</source><target>koalīcijas ziņas</target></trans-unit>
<trans-unit id="7"><source>Join</source><target>Piedalies </target></trans-unit>
<trans-unit id="8"><source>Sign up</source><target>Pieteikties </target></trans-unit>
<trans-unit id="9"><source>Sign up to the newsletter</source><target>Pierasties ziņu saņemšanai </target></trans-unit>
<trans-unit id="11"><source>Sign the Petition</source><target>Paraksti petīciju</target></trans-unit>
<trans-unit id="12"><source>Send an Email</source><target>Sūtīt e-pastu</target></trans-unit>
<trans-unit id="13"><source>Support</source><target>Atbalstīt</target></trans-unit>
<trans-unit id="14"><source>Take action</source><target>Rīkoties </target></trans-unit>
<trans-unit id="15"><source>Sign</source><target>Parakstīt</target></trans-unit>
<trans-unit id="16"><source>Send</source><target>Sūtīt</target></trans-unit>
<trans-unit id="17"><source>Subscribe</source><target>Abonēt</target></trans-unit>
<trans-unit id="18"><source>Support the initiative</source><target>Parakstīt iniciatīvu</target></trans-unit>
<trans-unit id="19"><source>Support the appeal</source><target>Atbalstīt apelāciju </target></trans-unit>
<trans-unit id="20"><source>Join the community</source><target>Pievienojies kopienai </target></trans-unit>
<trans-unit id="21"><source>Name</source><target>Vārds </target></trans-unit>
<trans-unit id="22"><source>Full name</source><target>Pilns vārds un uzvārds</target></trans-unit>
<trans-unit id="23"><source>First name</source><target>Vārds</target></trans-unit>
<trans-unit id="24"><source>Last name</source><target>Uzvārds</target></trans-unit>
<trans-unit id="25"><source>Mr</source><target>kungs</target></trans-unit>
<trans-unit id="26"><source>Mrs</source><target>kundze</target></trans-unit>
<trans-unit id="27"><source>Mrs/Mr</source><target>kundze / kungs</target></trans-unit>
<trans-unit id="28"><source>City</source><target>Pilsēta</target></trans-unit>
<trans-unit id="29"><source>Post code</source><target>Pasta indekss</target></trans-unit>
<trans-unit id="30"><source>Country</source><target>Valsts</target></trans-unit>
<trans-unit id="31"><source>Address</source><target>Adrese</target></trans-unit>
<trans-unit id="32"><source>Email address</source><target>E-pasta adrese</target></trans-unit>
<trans-unit id="33"><source>Personal comment</source><target>Piezīme</target></trans-unit>
<trans-unit id="34"><source>PP Heading</source><target>Privātuma politika</target></trans-unit>
<trans-unit id="35"><source>I accept the _privacy policy_</source><target>Piekrītu _privātuma politikai_</target></trans-unit>
<trans-unit id="36"><source>Keep me posted on this and similar campaigns.</source><target>Informējiet mani par šo un līdzīgām akcijām.</target></trans-unit>
<trans-unit id="37"><source>Reminder:</source><target>Atgādinājums: </target></trans-unit>
<trans-unit id="38"><source>Thank you</source><target>Paldies!</target></trans-unit>
<trans-unit id="46"><source>Share</source><target>Dalīties</target></trans-unit>
<trans-unit id="47"><source>Tell your friends</source><target>Pastāstiet saviem draugiem</target></trans-unit>
<trans-unit id="48"><source>Separate email addresses with a comma.</source><target>Atdaliet e-pasta adreses ar komatu.</target></trans-unit>
<trans-unit id="49"><source>We have sent an email with information about this campaign to the address(es) specified.</source><target>Mēs esam nosūtījuši e-pastu ar informāciju par šo kampaņu uz norādīto adresi (norādītajām adresēm).</target></trans-unit>
<trans-unit id="50"><source>Donate</source><target>Ziedot</target></trans-unit>
<trans-unit id="51"><source>Help us fund this campaign. Give whatever you can now using the safe and secure paypal form below.</source><target>Palīdziet mums finansēt šo kampaņu. Atbalstiet ar jebkādu summu,  izmantojot drošu paypal formu zemāk.</target></trans-unit>
<trans-unit id="52"><source>Amount</source><target>Summa</target></trans-unit>
<trans-unit id="53"><source>Last signers</source><target>Pēdējie parakstītāji </target></trans-unit>
<trans-unit id="54"><source>All signers</source><target>Visi parakstītāji </target></trans-unit>
<trans-unit id="61"><source>Back</source><target>Atpakaļ</target></trans-unit>
<trans-unit id="62"><source>Background</source><target>Pamatinformācija</target></trans-unit>
<trans-unit id="63"><source>Read more</source><target>Lasīt vairāk</target></trans-unit>
<trans-unit id="64"><source>More actions</source><target>Uzsākiet savu petīciju!</target></trans-unit>
<trans-unit id="66"><source># Participants</source><target># dalībnieki līdz šim</target></trans-unit>
<trans-unit id="67"><source># emails sent</source><target># e-pasti nosūtīti</target></trans-unit>
<trans-unit id="68"><source>The action starts on #DATE#. Stay tuned and spread the word!</source><target>Akcija sākas #DATE#. Pievienojieties un iesaistiet citus!</target></trans-unit>
<trans-unit id="69"><source>This action is over. Thanks to the #COUNTER# people who signed-up!</source><target>Šī akcija ir beigusies. Paldies #COUNTER# cilvēku, kuri piereģistrējās!</target></trans-unit>
<trans-unit id="70"><source>select</source><target>Atlasīt</target></trans-unit>
<trans-unit id="71"><source>select all</source><target>Nosūtīt visiem</target></trans-unit>
<trans-unit id="72"><source>Recipient(s)</source><target>Saņēmējs(-i)</target></trans-unit>
<trans-unit id="81"><source>Embed this</source><target>Iegult</target></trans-unit>
<trans-unit id="82"><source>Organisation</source><target>Organizācija</target></trans-unit>
<trans-unit id="83"><source>Register your widget</source><target>Reģistrējiet savu logrīku</target></trans-unit>
<trans-unit id="84"><source>Generate widget</source><target>Veidot logrīku</target></trans-unit>
<trans-unit id="85"><source>Change widget</source><target>Izmainīt logrīku </target></trans-unit>
<trans-unit id="86"><source>Embed this code</source><target>Iegult kodu</target></trans-unit>
<trans-unit id="101"><source>Customise your widget</source><target>Pielāgot jūsu logrīku </target></trans-unit>
<trans-unit id="102"><source>Widget type</source><target>Logrīka veids</target></trans-unit>
<trans-unit id="103"><source>Embed</source><target>Iegult</target></trans-unit>
<trans-unit id="104"><source>Popup</source><target>Parādīties </target></trans-unit>
<trans-unit id="105"><source>Email Validation Landingpage - auto forwarding to external page</source><target>Piekrišanas apstiprinājums mērķlapai ar e-pastu </target></trans-unit>
<trans-unit id="106"><source>Width</source><target>Platums</target></trans-unit>
<trans-unit id="107"><source>You may define a precise widget width. Select "auto" and the widget will adapt to the space available (max: 1000px). Should there be less than 440px width available, contents will display in one column (instead of two) with the sign-on-form below the petition text. On mobile devices with less than 768px device-width, the widget-width is set to 360px for smooth reading on smartphones.</source><target>Jūs varat noteikt precīzu logrīka platumu. Izvēlieties "auto" un logrīkam būs jāpielāgojas pieejamajam platumam (max: 1000px). Ja nepieciešams mazāks platums kā 440px, saturs būs redzams vienā kolonnā (nevis divās) ar parakstīšanās formu zem petīcijas teksta. Uz mobilajām ierīcēm, kurās ir mazākas nekā 768px platumā, logrīka platums ir iestatīts uz 360px, lai nodrošinātu vienmērīgu lasījumu.</target></trans-unit>
<trans-unit id="108"><source>Text title</source><target>Virsraksts, pa kreisi</target></trans-unit>
<trans-unit id="109"><source>Text body</source><target>Pamatteksts</target></trans-unit>
<trans-unit id="110"><source>Button</source><target>Poga</target></trans-unit>
<trans-unit id="111"><source>Backgr left</source><target>Fonā pa kreisi</target></trans-unit>
<trans-unit id="121"><source>Backgr right</source><target>Fonā pa labi</target></trans-unit>
<trans-unit id="122"><source>Form title</source><target>Virsraksts, labi</target></trans-unit>
<trans-unit id="123"><source>Customise contents: use your own words to convince your target group. To change the title, introduction and background texts, copy the texts from the edit fields into a text editor, make your changes and paste them back into the edit fields. Thereafter, adapt the width and the colours to seamlessly integrate the widget into your website design.</source><target>Pielāgojiet saturu: izmantojiet savu uzrunu, lai pārliecinātu savu mērķa grupu. Lai mainītu virsrakstu, ievadu un fona tekstus, nokopējiet tekstus no rediģēšanas laukiem uz teksta redaktoru, veiciet izmaiņas un ielīmējiet tos atpakaļ rediģēšanas laukos. Pēc tam pielāgojiet platumu un krāsas, lai nemanāmi integrētu logrīku savas vietnes dizainā.</target></trans-unit>
<trans-unit id="124"><source>Title</source><target>virsraksts</target></trans-unit>
<trans-unit id="125"><source>Target, Subheading</source><target>apakšvirsraksts</target></trans-unit>
<trans-unit id="126"><source>Intro</source><target>Ievads</target></trans-unit>
<trans-unit id="127"><source>Body</source><target>Petīcija teksts</target></trans-unit>
<trans-unit id="128"><source>Footer</source><target>Noslēguma teksts</target></trans-unit>
<trans-unit id="129"><source>Subject</source><target>Tēma</target></trans-unit>
<trans-unit id="130"><source>Email body</source><target>e-pasta saturs </target></trans-unit>
<trans-unit id="131"><source>Choose 'Embed' to have this box ("widget") embedded into your webpage, including texts and action-form. Visitors can instantly read all and take action. However, you need at least 440px width to embed the widget. Choose 'Popup' if you lack sufficient space on your webpage. You will get a small box ("teaser") with flexible width (at least 150px). If visitors click on the teaser, the big action-widget pops up.</source><target>Izvēlieties "Iegult", lai varētu šo lauciņu ("logrīku") iegult savā mājaslapā, ieskaitot tekstus un veidlapu darbības veikšanai. Apmeklētāji var nekavējoties visu izlasīt un rīkoties. Tomēr jums nepieciešams vismaz 440px platums, lai iegultu šo logrīku. Izvēlieties lodziņu "Uznirstošais elements", ja jūsu mājaslapā nepietiek vietas. Jūs saņemsiet mazu lauciņu ("tīzeri") ar maināmu platumu (vismaz 150px). Ja apmeklētāji uzklikšķina uz tīzera, uznirst lielais logrīks darbības veikšanai.</target></trans-unit>
<trans-unit id="166"><source>Target #</source><target>Mērķis #</target></trans-unit>
<trans-unit id="201"><source>Hello</source><target>Sveiki!</target></trans-unit>
<trans-unit id="202"><source>Dear Madam %F %L,</source><target>Cien./god. %F %L ,</target></trans-unit>
<trans-unit id="203"><source>Dear Sir %F %L,</source><target>Cien./god. %F %L ,</target></trans-unit>
<trans-unit id="204"><source>Dear Sir/Madam %F %L,</source><target>Cien./god. %F %L ,</target></trans-unit>
<trans-unit id="301"><source>Yes</source><target>Jā</target></trans-unit>
<trans-unit id="302"><source>No</source><target>Nē</target></trans-unit>
<trans-unit id="303"><source>No comment</source><target>Bez komentāriem</target></trans-unit>
<trans-unit id="304"><source>Secure your pledge page with a password (optional).</source><target>Nodrošiniet pieeju jūsu lapai ar paroli (pēc izvēles).</target></trans-unit>
<trans-unit id="305"><source>Change your password (optional).</source><target>Mainiet savu paroli (nav obligāti).</target></trans-unit>
<trans-unit id="306"><source>Passwords do not match.</source><target>Paroles nesakrīt.</target></trans-unit>
<trans-unit id="307"><source>Password is too short. Use at least 8 characters.</source><target>Parole ir pārāk īsa. Jāizmanto vismaz 8 rakstu zīmes.</target></trans-unit>
<trans-unit id="308"><source>Save &amp; submit my pledges</source><target>Saglabāt un iesniegt savus solījumus</target></trans-unit>
<trans-unit id="309"><source>Please enter your password.</source><target>Lūdzu, ievadiet savu paroli.</target></trans-unit>
<trans-unit id="310"><source>Company</source><target>Kompānija</target></trans-unit>
<trans-unit id="311"><source>Party</source><target>Politiskā partija</target></trans-unit>
<trans-unit id="312"><source>Electorate</source><target>Vēlētāji</target></trans-unit>
<trans-unit id="313"><source>Recipients</source><target>Saņēmēji</target></trans-unit>
<trans-unit id="314"><source>Read pledge text</source><target>Lasīt solījuma tekstu.</target></trans-unit>
<trans-unit id="315"><source>Password</source><target>Parole</target></trans-unit>
<trans-unit id="316"><source>Password again</source><target>Parole vēlreiz</target></trans-unit>
<trans-unit id="317"><source>Enter</source><target>Ievadiet</target></trans-unit>
<trans-unit id="318"><source>I pledged on #DATE#</source><target>Mans solījums uz #DATE#</target></trans-unit>
<trans-unit id="400"><source>Attention: You will receive a confirmation email. Check your email inbox (and junk folder) now! To confirm your action, click the link given in the email.</source><target>Uzmanību! Jūs saņemsiet apstiprinājuma e-pastu. Uzreiz pārbaudiet savu e-pasta iesūtni (un mēstuļu mapi)! Lai apstiprinātu savu darbību, klikšķiniet uz e-pastā norādītās saites.</target></trans-unit>
<trans-unit id="401"><source>Attention: You've already taken part in this action (maybe on another website).</source><target>Uzmanību! Jūs jau esat piedalījies šajā akcijā (varbūt citā mājaslapā).</target></trans-unit>
<trans-unit id="402"><source>Your email is being validated, please wait!</source><target>Jūsu e-pasts tiek pārbaudīts, lūdzu uzgaidiet!</target></trans-unit>
<trans-unit id="403"><source>You verified your email address.</source><target>Jūsu e-pasta adrese ir pārbaudīta.</target></trans-unit>
<trans-unit id="404"><source>Your action is confirmed.</source><target>Jūsu darbība ir apstiprināta.</target></trans-unit>
<trans-unit id="405"><source>Use this moment to tell friends and family.</source><target>Izmantojiet šo mirkli, lai pastāstītu par šo saviem draugiem un ģimenei.</target></trans-unit>
<trans-unit id="406"><source>Your statement of support has been submitted successfully.</source><target>Paldies, ka piedalījāties! Jūs esat parakstījis EPI. </target></trans-unit>
<trans-unit id="407"><source>Signature identifier</source><target>Jūsu paraksts tiks reģistrēts ES Komisijā ar šādu paraksta identifikatoru</target></trans-unit>
<trans-unit id="408"><source>Yes, please</source><target>Jā</target></trans-unit>
<trans-unit id="409"><source>No, thank you</source><target>Nē </target></trans-unit>
<trans-unit id="410"><source>Become part of the movement</source><target>Pierasties ziņu saņemšanai </target></trans-unit>
<trans-unit id="411"><source>Join now</source><target>Pievienojies tūlīt</target></trans-unit>
<trans-unit id="412"><source>Confirm and continue</source><target>Apstiprināt un turpināt </target></trans-unit>
<trans-unit id="413"><source>Skip and go directly to signing the initiative in step 2</source><target>Izlaist un uzreiz doties uz iniciatīvas parakstīšanu 2. solī</target></trans-unit>
<trans-unit id="414"><source>Why do I have to share all this information?</source><target>Kāpēc man ir jāsniedz šī informācija?</target></trans-unit>
<trans-unit id="415"><source>Your national government decides what information you need to provide for a European Citizens' Initiative so that your signature can be validated and counted. Therefore, please fill in all lines. (Your data will be transmitted securely and encrypted. Your data can only be accessed by national authorities for verification purposes.)</source><target>Jūsu valsts valdība nosaka, kāda informācija ir jāsniedz Eiropas pilsoņu iniciatīvai, lai jūsu parakstu varētu pārbaudīt un ņemt vērā. Tāpēc, lūdzu, aizpildiet visus laukus. (Jūsu dati tiks šifrēti un droši nosūtīti. Valsts iestādes var piekļūt EPI datiem tikai pārbaudes nolūkos).</target></trans-unit>
<trans-unit id="416"><source>Sign up and become part of the movement.</source><target>&nbsp;</target></trans-unit>
</body>
</file>
</xliff>