﻿<?xml version="1.0" encoding="UTF-8"?>
<!DOCTYPE xliff PUBLIC "-//XLIFF//DTD XLIFF//EN" "http://www.oasis-open.org/committees/xliff/documents/xliff.dtd">
<xliff version="1.0">
<file source-language="EN" target-language="gl" datatype="plaintext" original="messages" date="2019-01-30T00:00:17Z" product-name="messages">
<header/>
<body>
<trans-unit id="1"><source>Petition</source><target>Petición</target></trans-unit>
<trans-unit id="2"><source>Email action</source><target>Ciberacción</target></trans-unit>
<trans-unit id="3"><source>Initiative</source><target>Iniciativa</target></trans-unit>
<trans-unit id="4"><source>Appeal</source><target>Chamamento</target></trans-unit>
<trans-unit id="5"><source>Community</source><target>Comunidad</target></trans-unit>
<trans-unit id="6"><source>Newsletter</source><target>Boletín dixital</target></trans-unit>
<trans-unit id="7"><source>Join</source><target>Únete</target></trans-unit>
<trans-unit id="8"><source>Sign up</source><target>Rexístrate</target></trans-unit>
<trans-unit id="9"><source>Sign up to the newsletter</source><target>Rexístrate no boletín dixital</target></trans-unit>
<trans-unit id="11"><source>Sign the Petition</source><target>Asina a petición</target></trans-unit>
<trans-unit id="12"><source>Send an Email</source><target>Envía un Email</target></trans-unit>
<trans-unit id="13"><source>Support</source><target>Apoio</target></trans-unit>
<trans-unit id="14"><source>Take action</source><target>Actúa</target></trans-unit>
<trans-unit id="15"><source>Sign</source><target>Asina</target></trans-unit>
<trans-unit id="16"><source>Send</source><target>Envía</target></trans-unit>
<trans-unit id="17"><source>Subscribe</source><target>Suscríbete</target></trans-unit>
<trans-unit id="18"><source>Support the initiative</source><target>Apoia a iniciativa</target></trans-unit>
<trans-unit id="19"><source>Support the appeal</source><target>Apoia o manifesto</target></trans-unit>
<trans-unit id="20"><source>Join the community</source><target>Únete a rede</target></trans-unit>
<trans-unit id="21"><source>Name</source><target>Nome</target></trans-unit>
<trans-unit id="22"><source>Full name</source><target>Nome completo</target></trans-unit>
<trans-unit id="23"><source>First name</source><target>Primeiro apelido</target></trans-unit>
<trans-unit id="24"><source>Last name</source><target>Segundo apelido</target></trans-unit>
<trans-unit id="25"><source>Mr</source><target>Sr</target></trans-unit>
<trans-unit id="26"><source>Mrs</source><target>Sra</target></trans-unit>
<trans-unit id="27"><source>Mrs/Mr</source><target>Sra/Sr</target></trans-unit>
<trans-unit id="28"><source>City</source><target>Cidade</target></trans-unit>
<trans-unit id="29"><source>Post code</source><target>Código postal</target></trans-unit>
<trans-unit id="30"><source>Country</source><target>País</target></trans-unit>
<trans-unit id="31"><source>Address</source><target>Enderezo</target></trans-unit>
<trans-unit id="32"><source>Email address</source><target>E-mail</target></trans-unit>
<trans-unit id="33"><source>Personal comment</source><target>Comentarios</target></trans-unit>
<trans-unit id="34"><source>Privacy policy</source><target>Política de privacidade</target></trans-unit>
<trans-unit id="35"><source>Keep me posted on this and similar campaigns.</source><target>Mantenme informada de campañas similares</target></trans-unit>
<trans-unit id="36"><source>Reminder:</source><target>Recordatorio:</target></trans-unit>
<trans-unit id="37"><source>By signing, I agree with the _privacy policy_.</source><target>Asinando, acepto a _política de privacidade_</target></trans-unit>
<trans-unit id="41"><source>Thank you</source><target>Gracias</target></trans-unit>
<trans-unit id="42"><source>Attention: You will receive a confirmation email. Check your email inbox (and junk folder) now! To confirm your action, click the link given in the email.</source><target>Atención: Recibirás a confirmación do e-mail. Comproba a bandexa de entrada do teu correo electrónico agora! (e tamén na carpeta de Spam) Para confirmar o teu apoio debes facer "click" no vínculo que atoparás nese correo.</target></trans-unit>
<trans-unit id="43"><source>Attention: You've already taken part in this action (maybe on another website).</source><target>Atención: Xa tomaches parte nesta acción (se cadra a través doutra web)</target></trans-unit>
<trans-unit id="44"><source>Your email is being validated, please wait!</source><target>O teu correo electrónico está a ser validado, por favor, agarda!</target></trans-unit>
<trans-unit id="45"><source>You verified your email address. Your action is confirmed. Use this moment to tell friends and family.</source><target>Verificaches o teu enderezo de correo. A túa participación está confirmada. Aproveita este momento para compartir con amigas e familiares.</target></trans-unit>
<trans-unit id="46"><source>Share</source><target>Comparte</target></trans-unit>
<trans-unit id="47"><source>Tell your friends</source><target>Dillo as túas amizades</target></trans-unit>
<trans-unit id="48"><source>Separate email addresses with a comma.</source><target>Separa os correos cunha coma.</target></trans-unit>
<trans-unit id="49"><source>We have sent an email with information about this campaign to the address(es) specified.</source><target>Enviamoslle un e-mail coa información sobre a campaña aos enderezos que especificaches.</target></trans-unit>
<trans-unit id="50"><source>Donate</source><target>Doa</target></trans-unit>
<trans-unit id="51"><source>Help us fund this campaign. Give whatever you can now using the safe and secure paypal form below.</source><target>Axudanos a financiar a campaña. Achega o que poidas usando esta conta de paypal segura.</target></trans-unit>
<trans-unit id="52"><source>Amount</source><target>Importe</target></trans-unit>
<trans-unit id="53"><source>Last signers</source><target>Últimos asinante</target></trans-unit>
<trans-unit id="54"><source>All signers</source><target>Todas as asinantes</target></trans-unit>
<trans-unit id="61"><source>Back</source><target>Regresar</target></trans-unit>
<trans-unit id="62"><source>Background</source><target>Fondo</target></trans-unit>
<trans-unit id="63"><source>Read more</source><target>Ler máis</target></trans-unit>
<trans-unit id="64"><source>More actions</source><target>Máis accións</target></trans-unit>
<trans-unit id="65"><source>PP Heading</source><target>Política de Privacidade</target></trans-unit>
<trans-unit id="66"><source># Participants</source><target># Participantes</target></trans-unit>
<trans-unit id="67"><source># emails sent</source><target># Correos enviados</target></trans-unit>
<trans-unit id="68"><source>The action starts on #DATE#. Stay tuned and spread the word!</source><target>A acción comeza #DATE#. Estate atenta e difunde a todo o mundo!</target></trans-unit>
<trans-unit id="69"><source>This action is over. Thanks to the #COUNTER# people who signed-up!</source><target>Esta acción rematou. Gracias a #COUNTER# persoas rexistradas!</target></trans-unit>
<trans-unit id="70"><source>select</source><target>Seleccionar</target></trans-unit>
<trans-unit id="71"><source>select all</source><target>Seleccionar todo</target></trans-unit>
<trans-unit id="72"><source>Recipient(s)</source><target>Destinatarias</target></trans-unit>
<trans-unit id="81"><source>Embed this</source><target>Incrusta esto</target></trans-unit>
<trans-unit id="82"><source>Organisation</source><target>Organización</target></trans-unit>
<trans-unit id="83"><source>Register your widget</source><target>Rexistra o teu widget</target></trans-unit>
<trans-unit id="84"><source>Generate widget</source><target>Xenera widget</target></trans-unit>
<trans-unit id="85"><source>Change widget</source><target>Cambia widget</target></trans-unit>
<trans-unit id="86"><source>Embed this code</source><target>Incrusta este código</target></trans-unit>
<trans-unit id="101"><source>Customise your widget</source><target>Personaliza o teu widget</target></trans-unit>
<trans-unit id="102"><source>Widget type</source><target>Tipo de widget</target></trans-unit>
<trans-unit id="103"><source>Embed</source><target>Incrusta</target></trans-unit>
<trans-unit id="104"><source>Popup</source><target>Ventana emerxente</target></trans-unit>
<trans-unit id="105"><source>Email Validation Landingpage - auto forwarding to external page</source><target>Correo electrónico de validación de páxina de destino: reenvío automático a unha páxina externa</target></trans-unit>
<trans-unit id="106"><source>Width</source><target>Ancho</target></trans-unit>
<trans-unit id="107"><source>You may define a precise widget width. Select "auto" and the widget will adapt to the space available (max: 1000px). Should there be less than 440px width available, contents will display in one column (instead of two) with the sign-on-form below the petition text. On mobile devices with less than 768px device-width, the widget-width is set to 360px for smooth reading on smartphones.</source><target>Pode definir un ancho para o widget. Seleccione "auto" e o widget adaptarase ao espazo dispoñible (max: 1000px). Se houbera menos de 440 píxeles de ancho dispoñible, os contidos amosaranse nunha columna (no lugar de dúas) co formulario de inicio de sesión baixo o texto da petición. En dispositivos móbiles con menos de 768 píxeles de ancho de dispositivo, o ancho do widget establecese en 360 píxeles para unha lectura agradable nos teléfonos intelixentes.</target></trans-unit>
<trans-unit id="108"><source>Text title</source><target>Título de texto</target></trans-unit>
<trans-unit id="109"><source>Text body</source><target>Corpo do Texto</target></trans-unit>
<trans-unit id="110"><source>Button</source><target>Botón</target></trans-unit>
<trans-unit id="111"><source>Backgr left</source><target>Fondo esquerda</target></trans-unit>
<trans-unit id="121"><source>Backgr right</source><target>Fondo dereita</target></trans-unit>
<trans-unit id="122"><source>Form title</source><target>Título do formulario</target></trans-unit>
<trans-unit id="123"><source>Customise contents: use your own words to convince your target group. To change the title, introduction and background texts, copy the texts from the edit fields into a text editor, make your changes and paste them back into the edit fields. Thereafter, adapt the width and the colours to seamlessly integrate the widget into your website design.</source><target>Personaliza os contidos: usa as túas propias palabras para convencer ao teu grupo obxectivo. Para cambiar o título, a introdución e os textos de fondo, copia os textos dos campos de edición nun editor de textos, realiza os cambios e pegaos novamenteo nos campos de edición. Logo, adapta o ancho e as cores para integrar perfectamente o widget no deseño do seu sitio web.</target></trans-unit>
<trans-unit id="124"><source>Title</source><target>Título</target></trans-unit>
<trans-unit id="125"><source>Target, Subheading</source><target>Obxectivo, subtítulo</target></trans-unit>
<trans-unit id="126"><source>Intro</source><target>Introdución</target></trans-unit>
<trans-unit id="127"><source>Body</source><target>Corpo</target></trans-unit>
<trans-unit id="128"><source>Footer</source><target>Pé de páxina</target></trans-unit>
<trans-unit id="129"><source>Subject</source><target>Asunto</target></trans-unit>
<trans-unit id="130"><source>Email body</source><target>Corpo do correo</target></trans-unit>
<trans-unit id="131"><source>Choose 'Embed' to have this box ("widget") embedded into your webpage, including texts and action-form. Visitors can instantly read all and take action. However, you need at least 440px width to embed the widget. Choose 'Popup' if you lack sufficient space on your webpage. You will get a small box ("teaser") with flexible width (at least 150px). If visitors click on the teaser, the big action-widget pops up.</source><target>Elixe 'Insertar' para ter este cadro ("widget") incrustado na sua páxina web, incluidos os textos e o formulario de acción. Os visitantes poden ler todo instantáneamente e tomar medidas. Porén, precisas a lo menos 440 píxeles de ancho para incrustar o widget. Elixe 'Popup' se non ten suficiente espazo na súa páxina web. Obterá unha pequena caixa ("teaser") con ancho flexible (a lo menos 150px). Se os visitantes fan clic no teaser, aparece o gran widget de acción.</target></trans-unit>
<trans-unit id="166"><source>Target #</source><target>Obxectivo #</target></trans-unit>
<trans-unit id="201"><source>Hello</source><target>0</target></trans-unit>
<trans-unit id="202"><source>Dear Madam %F %L,</source><target>0</target></trans-unit>
<trans-unit id="203"><source>Dear Sir %F %L,</source><target>0</target></trans-unit>
<trans-unit id="204"><source>Dear Sir/Madam %F %L,</source><target>0</target></trans-unit>
<trans-unit id="301"><source>Yes</source><target>0</target></trans-unit>
<trans-unit id="302"><source>No</source><target>0</target></trans-unit>
<trans-unit id="303"><source>No comment</source><target>0</target></trans-unit>
<trans-unit id="304"><source>Secure your pledge page with a password (optional).</source><target>0</target></trans-unit>
<trans-unit id="305"><source>Change your password (optional).</source><target>0</target></trans-unit>
<trans-unit id="306"><source>Passwords do not match.</source><target>0</target></trans-unit>
<trans-unit id="307"><source>Password is too short. Use at least 8 characters.</source><target>0</target></trans-unit>
<trans-unit id="308"><source>Save &amp; submit my pledges</source><target>0</target></trans-unit>
<trans-unit id="309"><source>Please enter your password.</source><target>0</target></trans-unit>
<trans-unit id="310"><source>Company</source><target>0</target></trans-unit>
<trans-unit id="311"><source>Party</source><target>0</target></trans-unit>
<trans-unit id="312"><source>Electorate</source><target>0</target></trans-unit>
<trans-unit id="313"><source>Recipients</source><target>0</target></trans-unit>
<trans-unit id="314"><source>Read pledge text</source><target>0</target></trans-unit>
<trans-unit id="315"><source>Password</source><target>0</target></trans-unit>
<trans-unit id="316"><source>Password again</source><target>0</target></trans-unit>
<trans-unit id="317"><source>Enter</source><target>0</target></trans-unit>
<trans-unit id="318"><source>I pledged on #DATE#</source><target>0</target></trans-unit>
</body>
</file>
</xliff>
