﻿<?xml version="1.0" encoding="UTF-8"?>
<!DOCTYPE xliff PUBLIC "-//XLIFF//DTD XLIFF//EN" "http://www.oasis-open.org/committees/xliff/documents/xliff.dtd">
<xliff version="1.0">
<file source-language="EN" target-language="el" datatype="plaintext" original="messages" date="2019-10-30T13:53:17Z" product-name="messages">
<header/>
<body>
<trans-unit id="1"><source>Petition</source><target>Αίτημα</target></trans-unit>
<trans-unit id="2"><source>Email action</source><target>Δράση με email</target></trans-unit>
<trans-unit id="3"><source>Initiative</source><target>Πρωτοβουλία</target></trans-unit>
<trans-unit id="4"><source>Appeal</source><target>Έκκληση</target></trans-unit>
<trans-unit id="5"><source>Community</source><target>Κοινότητα</target></trans-unit>
<trans-unit id="6"><source>Newsletter</source><target>Newsletter</target></trans-unit>
<trans-unit id="7"><source>Join</source><target>Συμμετοχή</target></trans-unit>
<trans-unit id="8"><source>Sign up</source><target>Εγγραφή</target></trans-unit>
<trans-unit id="9"><source>Sign up to the newsletter</source><target>Εγγραφή στο ενημερωτικό δελτίο</target></trans-unit>
<trans-unit id="11"><source>Sign the Petition</source><target>Υπέγραψε το αίτημα</target></trans-unit>
<trans-unit id="12"><source>Send an Email</source><target>Στείλε e-mail</target></trans-unit>
<trans-unit id="13"><source>Support</source><target>Υποστήριξε</target></trans-unit>
<trans-unit id="14"><source>Take action</source><target>Δράσε!</target></trans-unit>
<trans-unit id="15"><source>Sign</source><target>Υπέγραψε</target></trans-unit>
<trans-unit id="16"><source>Send</source><target>Αποστολή</target></trans-unit>
<trans-unit id="17"><source>Subscribe</source><target>Εγγραφή</target></trans-unit>
<trans-unit id="18"><source>Support the initiative</source><target>Υποστήριξε την πρωτοβουλία</target></trans-unit>
<trans-unit id="19"><source>Support the appeal</source><target>Υποστήριξε το αίτημα</target></trans-unit>
<trans-unit id="20"><source>Join the community</source><target>Γίνε μέλος της κοινότητας</target></trans-unit>
<trans-unit id="21"><source>Name</source><target>Όνομα</target></trans-unit>
<trans-unit id="22"><source>Full name</source><target>Ονοματεπώνυμο</target></trans-unit>
<trans-unit id="23"><source>First name</source><target>Όνομα</target></trans-unit>
<trans-unit id="24"><source>Last name</source><target>Επώνυμο</target></trans-unit>
<trans-unit id="25"><source>Mr</source><target>Κος</target></trans-unit>
<trans-unit id="26"><source>Mrs</source><target>Κα</target></trans-unit>
<trans-unit id="27"><source>Mrs/Mr</source><target>Κα/Κος</target></trans-unit>
<trans-unit id="28"><source>City</source><target>Πόλη</target></trans-unit>
<trans-unit id="29"><source>Post code</source><target>Ταχ. Κώδ.</target></trans-unit>
<trans-unit id="30"><source>Country</source><target>Χώρα</target></trans-unit>
<trans-unit id="31"><source>Address</source><target>Διεύθυνση</target></trans-unit>
<trans-unit id="32"><source>Email address</source><target>Διεύθ. ηλεκτ. ταχ.</target></trans-unit>
<trans-unit id="33"><source>Personal comment</source><target>Σχόλια</target></trans-unit>
<trans-unit id="34"><source>PP Heading</source><target>Πολιτική απορρήτου</target></trans-unit>
<trans-unit id="35"><source>I accept the _privacy policy_</source><target>Συμφωνώ με την _Πολιτική Απορρήτου_.</target></trans-unit>
<trans-unit id="36"><source>Keep me posted on this and similar campaigns.</source><target>Να ενημερώνομαι για αυτήν και κάθε παρόμοια καμπάνια.</target></trans-unit>
<trans-unit id="37"><source>Reminder:</source><target>Υπενθύμιση:</target></trans-unit>
<trans-unit id="38"><source>Thank you</source><target>Ευχαριστούμε!</target></trans-unit>
<trans-unit id="46"><source>Share</source><target>Διαδώστε!</target></trans-unit>
<trans-unit id="47"><source>Tell your friends</source><target>Πείτε το και στους φίλους σας!</target></trans-unit>
<trans-unit id="48"><source>Separate email addresses with a comma.</source><target>Διαχωρίστε τις διευθύνσεις ηλεκτρονικού ταχυδρομείου με κόμμα. </target></trans-unit>
<trans-unit id="49"><source>We have sent an email with information about this campaign to the address(es) specified.</source><target>Έχουμε στείλει ένα email με πληροφορίες σχετικά με την εκστρατεία στη διεύθυνση(εις) που αναφέρεται(ονται).</target></trans-unit>
<trans-unit id="50"><source>Donate</source><target>Δωρεά</target></trans-unit>
<trans-unit id="51"><source>Help us fund this campaign. Give whatever you can now using the safe and secure paypal form below.</source><target>Βοηθήστε μας να χρηματοδοτήσουμε αυτή την εκστρατεία. Δώστε ότι μπορείτε τώρα χρησιμοποιώντας την παρακάτω ασφαλή φόρμα paypal.</target></trans-unit>
<trans-unit id="52"><source>Amount</source><target>ποσό που </target></trans-unit>
<trans-unit id="53"><source>Last signers</source><target>Τελευταίοι υπογράφοντες</target></trans-unit>
<trans-unit id="54"><source>All signers</source><target>Όλοι οι υπογράφοντες</target></trans-unit>
<trans-unit id="61"><source>Back</source><target>Πίσω</target></trans-unit>
<trans-unit id="62"><source>Background</source><target>Ιστορικό </target></trans-unit>
<trans-unit id="63"><source>Read more</source><target>Διαβάστε περισσότερα</target></trans-unit>
<trans-unit id="64"><source>More actions</source><target>Ξεκινήστε την αίτηση!</target></trans-unit>
<trans-unit id="66"><source># Participants</source><target># συμμετέχοντες έως τώρα</target></trans-unit>
<trans-unit id="67"><source># emails sent</source><target># e-mails που έχουν σταλεί</target></trans-unit>
<trans-unit id="68"><source>The action starts on #DATE#. Stay tuned and spread the word!</source><target>Η δράση ξεκινά την #DATE#. Μείνετε συντονισμένοι και κοινοποιήστε!</target></trans-unit>
<trans-unit id="69"><source>This action is over. Thanks to the #COUNTER# people who signed-up!</source><target>Η δράση ολοκληρώθηκε. Ευχαριστούμε τους #COUNTER# ανθρώπους που υπέγραψαν!</target></trans-unit>
<trans-unit id="70"><source>select</source><target>Επιλογή</target></trans-unit>
<trans-unit id="71"><source>select all</source><target>Αποστολή σε όλους</target></trans-unit>
<trans-unit id="72"><source>Recipient(s)</source><target>Παραλήπτης(ες)</target></trans-unit>
<trans-unit id="81"><source>Embed this</source><target>Ενσωμάτωση αυτής</target></trans-unit>
<trans-unit id="82"><source>Organisation</source><target>Οργάνωσης</target></trans-unit>
<trans-unit id="83"><source>Register your widget</source><target>Καταχώριση του widget σας</target></trans-unit>
<trans-unit id="84"><source>Generate widget</source><target>Δημιουργία widget</target></trans-unit>
<trans-unit id="85"><source>Change widget</source><target>Αλλαγή widget σας</target></trans-unit>
<trans-unit id="86"><source>Embed this code</source><target>Ενσωματώση του κωδικού</target></trans-unit>
<trans-unit id="101"><source>Customise your widget</source><target>Προσαρμόστε το widget σας </target></trans-unit>
<trans-unit id="102"><source>Widget type</source><target>Τύπος widget</target></trans-unit>
<trans-unit id="103"><source>Embed</source><target>Ενσωμάτωση</target></trans-unit>
<trans-unit id="104"><source>Popup</source><target>Αναδυόμενο παράθυρο</target></trans-unit>
<trans-unit id="105"><source>Email Validation Landingpage - auto forwarding to external page</source><target>Προαιρετική επιβεβαίωση διεύθυνσης ηλεκτρονικού ταχυδρομείου (http://…)</target></trans-unit>
<trans-unit id="106"><source>Width</source><target>Πλάτος</target></trans-unit>
<trans-unit id="107"><source>You may define a precise widget width. Select "auto" and the widget will adapt to the space available (max: 1000px). Should there be less than 440px width available, contents will display in one column (instead of two) with the sign-on-form below the petition text. On mobile devices with less than 768px device-width, the widget-width is set to 360px for smooth reading on smartphones.</source><target>Μπορείτε να ορίσετε ένα ακριβές πλάτος widget. Επιλέξτε το "auto" και το widget θα προσαρμοστεί στο διαθέσιμο χώρο (max: 1000px). Θα πρέπει να υπάρχει διαθέσιμο σε λιγότερο από 440px πλάτος, τα περιεχόμενα θα εμφανιστούν σε μία στήλη (αντί για δύο) με τη sign-on-μορφή κάτω από το κείμενο αναφοράς. Σε κινητές συσκευές με λιγότερο από 768px συσκευή πλάτους, το πλάτος του widget  έχει οριστεί σε 360px για την ομαλή ανάγνωση για smartphones.</target></trans-unit>
<trans-unit id="108"><source>Text title</source><target>Τίτλος κειμένου</target></trans-unit>
<trans-unit id="109"><source>Text body</source><target>κείμενο</target></trans-unit>
<trans-unit id="110"><source>Button</source><target>Κουμπί</target></trans-unit>
<trans-unit id="111"><source>Backgr left</source><target>Φόντο αριστερά </target></trans-unit>
<trans-unit id="121"><source>Backgr right</source><target>Φόντο δεξιά</target></trans-unit>
<trans-unit id="122"><source>Form title</source><target>Τίτλος φόρμας</target></trans-unit>
<trans-unit id="123"><source>Customise contents: use your own words to convince your target group. To change the title, introduction and background texts, copy the texts from the edit fields into a text editor, make your changes and paste them back into the edit fields. Thereafter, adapt the width and the colours to seamlessly integrate the widget into your website design.</source><target>Προσαρμόστε τα περιεχόμενα: χρησιμοποιήστε τις δικές σας λέξεις για να πείσετε την ομάδα-στόχο σας. Για να αλλάξετε τον τίτλο, την εισαγωγή και το φόντο του κειμένου, αντιγράψτε τα κείμενα από τα πεδία, επεξεργαστείτε τα σε έναν επεξεργαστή κειμένου, κάνετε τις αλλαγές σας και επικολλήστε τα πίσω στα πεδία επεξεργασίας. Στη συνέχεια, προσαρμόστε το πλάτος και τα χρώματα για να ταιριάζει το widget στο σχεδιασμό της ιστοσελίδας σας. </target></trans-unit>
<trans-unit id="124"><source>Title</source><target>Τίτλος </target></trans-unit>
<trans-unit id="125"><source>Target, Subheading</source><target>Στόχος, Υπότιτλος </target></trans-unit>
<trans-unit id="126"><source>Intro</source><target>Εισαγωγή </target></trans-unit>
<trans-unit id="127"><source>Body</source><target>Σώμα </target></trans-unit>
<trans-unit id="128"><source>Footer</source><target>Υποσέλιδο </target></trans-unit>
<trans-unit id="129"><source>Subject</source><target>Θέμα </target></trans-unit>
<trans-unit id="130"><source>Email body</source><target>σώμα email </target></trans-unit>
<trans-unit id="131"><source>Choose 'Embed' to have this box ("widget") embedded into your webpage, including texts and action-form. Visitors can instantly read all and take action. However, you need at least 440px width to embed the widget. Choose 'Popup' if you lack sufficient space on your webpage. You will get a small box ("teaser") with flexible width (at least 150px). If visitors click on the teaser, the big action-widget pops up.</source><target>Επιλέξτε "Embed" για ενσωμάτωση αυτό του πλαισίου ("widget") στην ιστοσελίδα σας, συμπεριλαμβανομένων των κειμένων και της μορφής δράσης. Οι επισκέπτες μπορούν να διαβάσουν τα πάντα αμέσως και να αναλάβουν δράση. Για την ενσωμάτωση, ωστόσο του widget χρειάζεστε πλάτος  440px. Σε περίπτωση που δεν έχετε αρκετό χώρο στην ιστοσελίδα σας επιλέξτε "Popup". Θα αποκτήσετε ένα μικρό πλαίσιο ("teaser"), του οποίου το πλάτος μπορεί να προσαρμοστεί (τουλάχιστον 150px). Εάν οι επισκέπτες κάνουν κλικ στο teaser θα εμφανιστεί το μεγάλο αναδυόμενο action-widget.</target></trans-unit>
<trans-unit id="166"><source>Target #</source><target>Στόχος #</target></trans-unit>
<trans-unit id="201"><source>Hello</source><target>Γεια σας</target></trans-unit>
<trans-unit id="202"><source>Dear Madam %F %L,</source><target>Αγαπητή Κυρία %F %L,</target></trans-unit>
<trans-unit id="203"><source>Dear Sir %F %L,</source><target>Αγαπητέ Κύριε%F %L,</target></trans-unit>
<trans-unit id="204"><source>Dear Sir/Madam %F %L,</source><target>Αγαπητέ/ή %F %L,</target></trans-unit>
<trans-unit id="301"><source>Yes</source><target>Ναι </target></trans-unit>
<trans-unit id="302"><source>No</source><target>Όχι</target></trans-unit>
<trans-unit id="303"><source>No comment</source><target>Κανένα σχόλιο </target></trans-unit>
<trans-unit id="304"><source>Secure your pledge page with a password (optional).</source><target>Ασφαλίστε τη σελίδα δέσμευσής σας με έναν κωδικό πρόσβασης (προαιρετικό). </target></trans-unit>
<trans-unit id="305"><source>Change your password (optional).</source><target>Αλλάξτε τον κωδικό σας (προαιρετικό). </target></trans-unit>
<trans-unit id="306"><source>Passwords do not match.</source><target>Οι κωδικοί πρόσβασης δεν ταιριάζουν. </target></trans-unit>
<trans-unit id="307"><source>Password is too short. Use at least 8 characters.</source><target>Ο κωδικός είναι πολύ μικρός. Χρησιμοποιήστε τουλάχιστον 8 χαρακτήρες. </target></trans-unit>
<trans-unit id="308"><source>Save &amp; submit my pledges</source><target>Αποθήκευση και υποβολή των δεσμεύσεών μου </target></trans-unit>
<trans-unit id="309"><source>Please enter your password.</source><target>Παρακαλώ εισάγετε τον κωδικό πρόσβασής σας. </target></trans-unit>
<trans-unit id="310"><source>Company</source><target>Εταιρία </target></trans-unit>
<trans-unit id="311"><source>Party</source><target>Πολιτικό κόμμα </target></trans-unit>
<trans-unit id="312"><source>Electorate</source><target>εκλογικό σώμα </target></trans-unit>
<trans-unit id="313"><source>Recipients</source><target>Αποδέκτες </target></trans-unit>
<trans-unit id="314"><source>Read pledge text</source><target>Διαβάστε το κείμενο δέσμευσης</target></trans-unit>
<trans-unit id="315"><source>Password</source><target>Password</target></trans-unit>
<trans-unit id="316"><source>Password again</source><target>Password ξανά </target></trans-unit>
<trans-unit id="317"><source>Enter</source><target>Εισαγωγή </target></trans-unit>
<trans-unit id="318"><source>I pledged on #DATE#</source><target> Δεσμέυτηκα στις #DATE#</target></trans-unit>
<trans-unit id="400"><source>Attention: You will receive a confirmation email. Check your email inbox (and junk folder) now! To confirm your action, click the link given in the email.</source><target>Προσοχή: Θα λάβετε e-mail επιβεβαίωσης. Ελέγξτε τα εισερχόμενα σας (καθώς και τον φάκελο ανεπιθύμητης αλληλογραφίας) άμεσα! Επιβεβαίωστε την δράση σας, επιλέγοντας τον σύνδεσμο σε αυτό το e-mail.</target></trans-unit>
<trans-unit id="401"><source>Attention: You've already taken part in this action (maybe on another website).</source><target>"Προσοχή: Ενδέχεται να έχετε λάβει ήδη μέρος στην δράση αυτή (σε κάποια άλλη ιστοσελίδα)
"</target></trans-unit>
<trans-unit id="402"><source>Your email is being validated, please wait!</source><target>Το e-mail σας επιβεβαιώνεται, παρακαλώ περιμένετε!</target></trans-unit>
<trans-unit id="403"><source>You verified your email address.</source><target>To e-mail σας επαληθεύτηκε. </target></trans-unit>
<trans-unit id="404"><source>Your action is confirmed.</source><target>Η δράση σας επιβεβαιώθηκε. </target></trans-unit>
<trans-unit id="405"><source>Use this moment to tell friends and family.</source><target>Δώστε ένα λεπτό για να ενημερώσετε τους φίλους και την οικογένεια σας!</target></trans-unit>
<trans-unit id="406"><source>Your statement of support has been submitted successfully.</source><target>Σας ευχαριστούμε πολύ για τη συμμετοχή σας!  Έχετε υπογράψει την ΕΠΠ. </target></trans-unit>
<trans-unit id="407"><source>Signature identifier</source><target>Η υπογραφή σας θα καταχωριστεί στην Ευρωπαϊκή Επιτροπή με το αναγνωριστικό υπογραφής</target></trans-unit>
<trans-unit id="408"><source>Yes, please</source><target>Ναι, παρακαλώ</target></trans-unit>
<trans-unit id="409"><source>No, thank you</source><target>Όχι, ευχαριστώ</target></trans-unit>
<trans-unit id="410"><source>Become part of the movement</source><target>Εγγραφή στο ενημερωτικό δελτίο</target></trans-unit>
<trans-unit id="411"><source>Join now</source><target>Ελάτε μαζί μας τώρα</target></trans-unit>
<trans-unit id="412"><source>Confirm and continue</source><target>Επιβεβαιώσετ και συνεχίστε</target></trans-unit>
<trans-unit id="413"><source>Skip and go directly to signing the initiative in step 2</source><target>Παραλείψτε αυτό το στάδιο και κατυθυνθείτε απευθείας στην υπογραφή της πρωτοβουλίας στο βήμα 2</target></trans-unit>
<trans-unit id="414"><source>Why do I have to share all this information?</source><target>Γιατί πρέπει να μοιραστώ όλες αυτές τις πληροφορίες;</target></trans-unit>
<trans-unit id="415"><source>Your national government decides what information you need to provide for a European Citizens' Initiative so that your signature can be validated and counted. Therefore, please fill in all lines. (Your data will be transmitted securely and encrypted. Your data can only be accessed by national authorities for verification purposes.)</source><target>Η κυβέρνηση της χώρας σας αποφασίζει ποιες πληροφορίες πρέπει να παράσχετε για μια "Ευρωπαϊκή Πρωτοβουλία Πολιτών", έτσι ώστε η υπογραφή σας να μπορεί να επικυρωθεί και να προσμετρηθεί. Επομένως, συμπληρώστε όλες τις γραμμές. (Τα δεδομένα σας θα μεταδοθούν με ασφάλεια, σε κρυπτογραφημένη μορφή. Η πρόσβαση στα δεδομένα ECI είναι δυνατή μόνο από εθνικές αρχές για λόγους επαλήθευσης).</target></trans-unit>
<trans-unit id="416"><source>Sign up and become part of the movement.</source><target>&nbsp;</target></trans-unit>
</body>
</file>
</xliff>
