﻿<?xml version="1.0" encoding="UTF-8"?>
<!DOCTYPE xliff PUBLIC "-//XLIFF//DTD XLIFF//EN" "http://www.oasis-open.org/committees/xliff/documents/xliff.dtd">
<xliff version="1.0">
<file source-language="EN" target-language="sk" datatype="plaintext" original="messages" date="2010-04-08T13:53:17Z" product-name="messages">
<header/>
<body>
<trans-unit id="1"><source>Petition</source><target>Petícia</target></trans-unit>
<trans-unit id="2"><source>Email action</source><target>email akcie </target></trans-unit>
<trans-unit id="3"><source>Initiative</source><target>Iniciatíva</target></trans-unit>
<trans-unit id="4"><source>Appeal</source><target>Odvolanie</target></trans-unit>
<trans-unit id="5"><source>Community</source><target>Spoločenstva</target></trans-unit>
<trans-unit id="6"><source>Newsletter</source><target>koalícia novinky </target></trans-unit>
<trans-unit id="7"><source>Join</source><target>Pripojte sa</target></trans-unit>
<trans-unit id="8"><source>Sign up</source><target>Zaregistrovať sa</target></trans-unit>
<trans-unit id="9"><source>Sign up to the newsletter</source><target>Prihláste sa na odber informačného bulletinu</target></trans-unit>
<trans-unit id="11"><source>Sign the Petition</source><target>Podpísať petíciu</target></trans-unit>
<trans-unit id="12"><source>Send an Email</source><target>Odoslať e-mail </target></trans-unit>
<trans-unit id="13"><source>Support</source><target>Podporiť </target></trans-unit>
<trans-unit id="14"><source>Take action</source><target>Akcia</target></trans-unit>
<trans-unit id="15"><source>Sign</source><target>Podpísať</target></trans-unit>
<trans-unit id="16"><source>Send</source><target>Poslať</target></trans-unit>
<trans-unit id="17"><source>Subscribe</source><target>Zapísať</target></trans-unit>
<trans-unit id="18"><source>Support the initiative</source><target>Podpísať iniciatívu</target></trans-unit>
<trans-unit id="19"><source>Support the appeal</source><target>Podporte odvolanie</target></trans-unit>
<trans-unit id="20"><source>Join the community</source><target>Pripojte sa ku komunite</target></trans-unit>
<trans-unit id="21"><source>Name</source><target>Názov</target></trans-unit>
<trans-unit id="22"><source>Full name</source><target>Meno a priezvisko</target></trans-unit>
<trans-unit id="23"><source>First name</source><target>Meno</target></trans-unit>
<trans-unit id="24"><source>Last name</source><target>Priezvisko</target></trans-unit>
<trans-unit id="25"><source>Mr</source><target>Pán</target></trans-unit>
<trans-unit id="26"><source>Mrs</source><target>Pani</target></trans-unit>
<trans-unit id="27"><source>Mrs/Mr</source><target>Pani/Pán</target></trans-unit>
<trans-unit id="28"><source>City</source><target>Mesto</target></trans-unit>
<trans-unit id="29"><source>Post code</source><target>PSČ</target></trans-unit>
<trans-unit id="30"><source>Country</source><target>Krajina</target></trans-unit>
<trans-unit id="31"><source>Address</source><target>Adresa</target></trans-unit>
<trans-unit id="32"><source>Email address</source><target>Emailová adresa</target></trans-unit>
<trans-unit id="33"><source>Personal comment</source><target>Komentár</target></trans-unit>
<trans-unit id="34"><source>PP Heading</source><target>Vyhlásenie o ochrane údajov</target></trans-unit>
<trans-unit id="35"><source>I accept the _privacy policy_</source><target>Súhlasím so _zásadami ochrany súkromia_.</target></trans-unit>
<trans-unit id="36"><source>Keep me posted on this and similar campaigns.</source><target>Informujte ma o priebehu tejto a podobných akcií.</target></trans-unit>
<trans-unit id="37"><source>Reminder:</source><target>Pripomienka</target></trans-unit>
<trans-unit id="38"><source>Thank you</source><target>Ďakujeme pekne</target></trans-unit>
<trans-unit id="46"><source>Share</source><target>Povedať priateľom</target></trans-unit>
<trans-unit id="47"><source>Tell your friends</source><target>Hovoriť ďalej</target></trans-unit>
<trans-unit id="48"><source>Separate email addresses with a comma.</source><target>Oddeľ emailové adresy čiarkou</target></trans-unit>
<trans-unit id="49"><source>We have sent an email with information about this campaign to the address(es) specified.</source><target>Zaslali sme email s informáciami o kampani ne vami zadanú(é) emailovú adresu(y).</target></trans-unit>
<trans-unit id="50"><source>Donate</source><target>Prispieť</target></trans-unit>
<trans-unit id="51"><source>Help us fund this campaign. Give whatever you can now using the safe and secure paypal form below.</source><target>Prispejte prosím ľubovoľnou čiastkou cez nižšie uvedený zabezpečený PayPal formulár</target></trans-unit>
<trans-unit id="52"><source>Amount</source><target>suma </target></trans-unit>
<trans-unit id="53"><source>Last signers</source><target>Poslední podpisovatelia</target></trans-unit>
<trans-unit id="54"><source>All signers</source><target>Všetci podpisovatelia</target></trans-unit>
<trans-unit id="61"><source>Back</source><target>Späť</target></trans-unit>
<trans-unit id="62"><source>Background</source><target>Pozadie </target></trans-unit>
<trans-unit id="63"><source>Read more</source><target>Viac informácií</target></trans-unit>
<trans-unit id="64"><source>More actions</source><target>Spustite svoju petíciu!</target></trans-unit>
<trans-unit id="66"><source># Participants</source><target># podporovateľov</target></trans-unit>
<trans-unit id="67"><source># emails sent</source><target># e-mailov odoslaných</target></trans-unit>
<trans-unit id="68"><source>The action starts on #DATE#. Stay tuned and spread the word!</source><target>Táto akcia začína #DATE#. Zostaňte tu a mobilizujte ostatných!</target></trans-unit>
<trans-unit id="69"><source>This action is over. Thanks to the #COUNTER# people who signed-up!</source><target>Táto akcia skončila. Ďakujeme pekne #COUNTER# ľuďom, ktorí spolupracovali!</target></trans-unit>
<trans-unit id="70"><source>select</source><target>zvoliť</target></trans-unit>
<trans-unit id="71"><source>select all</source><target>Poslať všetkým</target></trans-unit>
<trans-unit id="72"><source>Recipient(s)</source><target>Príjemca</target></trans-unit>
<trans-unit id="81"><source>Embed this</source><target>Vložiť</target></trans-unit>
<trans-unit id="82"><source>Organisation</source><target>Organizácia</target></trans-unit>
<trans-unit id="83"><source>Register your widget</source><target>Registrovať nástroj</target></trans-unit>
<trans-unit id="84"><source>Generate widget</source><target>Založiť nástroj</target></trans-unit>
<trans-unit id="85"><source>Change widget</source><target>Zmeňte svoj ​​widgetu</target></trans-unit>
<trans-unit id="86"><source>Embed this code</source><target>Vkladací kód</target></trans-unit>
<trans-unit id="101"><source>Customise your widget</source><target>Upravte si pomôcku </target></trans-unit>
<trans-unit id="102"><source>Widget type</source><target>Typ nástroja</target></trans-unit>
<trans-unit id="103"><source>Embed</source><target>Vloženie</target></trans-unit>
<trans-unit id="104"><source>Popup</source><target>Roletové menu</target></trans-unit>
<trans-unit id="105"><source>Email Validation Landingpage - auto forwarding to external page</source><target>Stránka na potvrdenie emailu - sem budete automaticky presmerovaní</target></trans-unit>
<trans-unit id="106"><source>Width</source><target>Šírka</target></trans-unit>
<trans-unit id="107"><source>You may define a precise widget width. Select "auto" and the widget will adapt to the space available (max: 1000px). Should there be less than 440px width available, contents will display in one column (instead of two) with the sign-on-form below the petition text. On mobile devices with less than 768px device-width, the widget-width is set to 360px for smooth reading on smartphones.</source><target>Môžete definovať presný šírku widgetu. Vyberte "AUTO" a widget sa prispôsobí priestoru je k dispozícii (max: 1000px). Mala by byť menšia ako 440px šírky k dispozícii, obsah sa zobrazí v jednom stĺpci (namiesto dvoch) sa sign-on-formulára pod textom petície. U mobilných zariadení s menej ako 768px zariadení šírku, widget šírka je nastavená na 360px plynulé čítanie na chytré telefóny.</target></trans-unit>
<trans-unit id="108"><source>Text title</source><target>Titul, vľavo </target></trans-unit>
<trans-unit id="109"><source>Text body</source><target>text </target></trans-unit>
<trans-unit id="110"><source>Button</source><target>Button </target></trans-unit>
<trans-unit id="111"><source>Backgr left</source><target>Pozadia, vľavo </target></trans-unit>
<trans-unit id="121"><source>Backgr right</source><target>Oblasť, pravá </target></trans-unit>
<trans-unit id="122"><source>Form title</source><target>Titul, pravá</target></trans-unit>
<trans-unit id="123"><source>Customise contents: use your own words to convince your target group. To change the title, introduction and background texts, copy the texts from the edit fields into a text editor, make your changes and paste them back into the edit fields. Thereafter, adapt the width and the colours to seamlessly integrate the widget into your website design.</source><target>Prispôsobte si obsah: použiť vlastné slová presvedčiť svoju cieľovú skupinu. Ak chcete zmeniť názov, úvod a pozadia textov, kopírovanie textov z textových polí do textového editora, vykonajte požadované zmeny a vložte ich späť do editačného poľa. Potom, upraviť šírku a farby pre jednoduchú integráciu widget do vášho dizajnu webových stránok. </target></trans-unit>
<trans-unit id="124"><source>Title</source><target>Názov </target></trans-unit>
<trans-unit id="125"><source>Target, Subheading</source><target>K položke </target></trans-unit>
<trans-unit id="126"><source>Intro</source><target>Úvod </target></trans-unit>
<trans-unit id="127"><source>Body</source><target>petícia texte </target></trans-unit>
<trans-unit id="128"><source>Footer</source><target>uzavretie texte </target></trans-unit>
<trans-unit id="129"><source>Subject</source><target>predmet </target></trans-unit>
<trans-unit id="130"><source>Email body</source><target>email telo </target></trans-unit>
<trans-unit id="131"><source>Choose 'Embed' to have this box ("widget") embedded into your webpage, including texts and action-form. Visitors can instantly read all and take action. However, you need at least 440px width to embed the widget. Choose 'Popup' if you lack sufficient space on your webpage. You will get a small box ("teaser") with flexible width (at least 150px). If visitors click on the teaser, the big action-widget pops up.</source><target>Stiahnite 'Embed', pokiaľ je to možné: Potrebujete minimálne 440px miesta na svojej internetovej stránke. Typ 'Embed' je lepšia voľba, lebo vaši návštevníci/návštevníčky môžu ihneď vidieť kompletný obsah  "Nástroja". Ak nemáte k dospzícii minimálne 440px miesta, stiahnite si 'Roletové menu'. Táto funkcia vytvorí malú schránku "Teaser" (flexibilná šírka, minimálne 150px). Kliknutím na Teaser sa otvorí veľký akčný nástroj v roletovom menu.</target></trans-unit>
<trans-unit id="166"><source>Target #</source><target>Cieľ #</target></trans-unit>
<trans-unit id="201"><source>Hello</source><target>bez oslovenia</target></trans-unit>
<trans-unit id="202"><source>Dear Madam %F %L,</source><target>Vážená pani %L,</target></trans-unit>
<trans-unit id="203"><source>Dear Sir %F %L,</source><target>Vážený pán %L,</target></trans-unit>
<trans-unit id="204"><source>Dear Sir/Madam %F %L,</source><target>Vážená/Vážený %F %L,</target></trans-unit>
<trans-unit id="301"><source>Yes</source><target>áno </target></trans-unit>
<trans-unit id="302"><source>No</source><target>nie </target></trans-unit>
<trans-unit id="303"><source>No comment</source><target>bez komentára </target></trans-unit>
<trans-unit id="304"><source>Secure your pledge page with a password (optional).</source><target>Zabezpečte svoj záložné stránky s heslom (voliteľné príslušenstvo). </target></trans-unit>
<trans-unit id="305"><source>Change your password (optional).</source><target>Zmeniť heslo (voliteľné). </target></trans-unit>
<trans-unit id="306"><source>Passwords do not match.</source><target>Heslá sa nezhodujú. </target></trans-unit>
<trans-unit id="307"><source>Password is too short. Use at least 8 characters.</source><target>Heslo je príliš krátke. Použite aspoň 8 znakov. </target></trans-unit>
<trans-unit id="308"><source>Save &amp; submit my pledges</source><target>Uložiť a odoslať svoje záväzky </target></trans-unit>
<trans-unit id="309"><source>Please enter your password.</source><target>Prosím, zadajte svoje heslo. </target></trans-unit>
<trans-unit id="310"><source>Company</source><target>spoločnosť </target></trans-unit>
<trans-unit id="311"><source>Party</source><target>politická strana </target></trans-unit>
<trans-unit id="312"><source>Electorate</source><target>voliči </target></trans-unit>
<trans-unit id="313"><source>Recipients</source><target>príjemcovia </target></trans-unit>
<trans-unit id="314"><source>Read pledge text</source><target>Prečítajte si text zástavy. </target></trans-unit>
<trans-unit id="315"><source>Password</source><target>heslo </target></trans-unit>
<trans-unit id="316"><source>Password again</source><target>heslo znova </target></trans-unit>
<trans-unit id="317"><source>Enter</source><target>Zadajte </target></trans-unit>
<trans-unit id="318"><source>I pledged on #DATE#</source><target>Som sľúbil na #DATE#</target></trans-unit>
<trans-unit id="400"><source>Attention: You will receive a confirmation email. Check your email inbox (and junk folder) now! To confirm your action, click the link given in the email.</source><target>Pozor: Teraz dostanete email s potvrdením. Skontrolujte si poštu (a prípadne priečinok so spamovými správami)! Na potvrdenie akcie kliknite na schvaľovací odkaz v emaili.</target></trans-unit>
<trans-unit id="401"><source>Attention: You've already taken part in this action (maybe on another website).</source><target>Pozor: Už ste sa zúčastnili na akcii (možno na inej internetovej stránke).</target></trans-unit>
<trans-unit id="402"><source>Your email is being validated, please wait!</source><target>Vaša emailová adresa bola potvrdená, prosím čakať!</target></trans-unit>
<trans-unit id="403"><source>You verified your email address.</source><target>Potvrdili ste hodnovernosť vašej emailovej adresy. </target></trans-unit>
<trans-unit id="404"><source>Your action is confirmed.</source><target> Vaša akcia sa počíta. </target></trans-unit>
<trans-unit id="405"><source>Use this moment to tell friends and family.</source><target> Informujte teraz priateľov a rodinu. </target></trans-unit>
<trans-unit id="406"><source>Your statement of support has been submitted successfully.</source><target>Ďakujeme za vašu účasť! Podpísali ste EIO. </target></trans-unit>
<trans-unit id="407"><source>Signature identifier</source><target>Váš podpis bude registrovaný v Komisii EÚ pod identifikátorom podpisu</target></trans-unit>
<trans-unit id="408"><source>Yes, please</source><target>Áno, prosím</target></trans-unit>
<trans-unit id="409"><source>No, thank you</source><target>Nie, ďakujem</target></trans-unit>
<trans-unit id="410"><source>Become part of the movement</source><target>Prihláste sa na odber informačného bulletinu</target></trans-unit>
<trans-unit id="411"><source>Join now</source><target>Pridať sa teraz</target></trans-unit>
<trans-unit id="412"><source>Confirm and continue</source><target>Potvrďte a pokračujte</target></trans-unit>
<trans-unit id="413"><source>Skip and go directly to signing the initiative in step 2</source><target>Preskočte a prejdite priamo na podpísanie iniciatívy v kroku 2</target></trans-unit>
<trans-unit id="414"><source>Why do I have to share all this information?</source><target>Prečo musím zdieľať všetky tieto informácie?</target></trans-unit>
<trans-unit id="415"><source>Your national government decides what information you need to provide for a European Citizens' Initiative so that your signature can be validated and counted. Therefore, please fill in all lines. (Your data will be transmitted securely and encrypted. Your data can only be accessed by national authorities for verification purposes.)</source><target>Vláda vášho štátu rozhoduje o tom, ktoré informácie musíte poskytnúť Európskej iniciatíve občanov, aby sa váš podpis mohol overiť a započítať. Preto, prosím, vyplňte všetky riadky. (Vaše údaje budú bezpečne odoslané a zašifrované. Údaje EIO si môžu prezerať iba štátne úrady na účely overenia).</target></trans-unit>
<trans-unit id="416"><source>Sign up and become part of the movement.</source><target>&nbsp;</target></trans-unit>
</body>
</file>
</xliff>
