﻿<?xml version="1.0" encoding="UTF-8"?>
<!DOCTYPE xliff PUBLIC "-//XLIFF//DTD XLIFF//EN" "http://www.oasis-open.org/committees/xliff/documents/xliff.dtd">
<xliff version="1.0">
<file source-language="EN" target-language="id" datatype="plaintext" original="messages" date="2010-07-27T14:00:00Z" product-name="messages">
<header/>
<body>
<trans-unit id="1"><source>Petition</source><target>Permohonan</target></trans-unit>
<trans-unit id="2"><source>Email action</source><target>Email tindakan</target></trans-unit>
<trans-unit id="3"><source>Initiative</source><target>inisiatif </target></trans-unit>
<trans-unit id="4"><source>Network-News</source><target>Jaringan-Berita</target></trans-unit>
<trans-unit id="11"><source>Sign the Petition</source><target>Sign Petisi</target></trans-unit>
<trans-unit id="12"><source>Send an Email</source><target>Kirim Email</target></trans-unit>
<trans-unit id="13"><source>Support</source><target>Dukungan </target></trans-unit>
<trans-unit id="14"><source>Take action</source><target>Tindakan</target></trans-unit>
<trans-unit id="15"><source>Sign</source><target>Menandatangani</target></trans-unit>
<trans-unit id="16"><source>Send</source><target>Mengirim</target></trans-unit>
<trans-unit id="17"><source>Subscribe</source><target>Berlangganan</target></trans-unit>
<trans-unit id="18"><source>Support the initiative</source><target>Sign inisiatif</target></trans-unit>
<trans-unit id="21"><source>Name</source><target>Nama</target></trans-unit>
<trans-unit id="22"><source>Full name</source><target>Nama lengkap</target></trans-unit>
<trans-unit id="23"><source>First name</source><target>Nama depan</target></trans-unit>
<trans-unit id="24"><source>Last name</source><target>Nama keluarga</target></trans-unit>
<trans-unit id="25"><source>Mr</source><target>Mr</target></trans-unit>
<trans-unit id="26"><source>Mrs</source><target>Nona</target></trans-unit>
<trans-unit id="27"><source>Mrs/Mr</source><target>Ms / Mr</target></trans-unit>
<trans-unit id="28"><source>City</source><target>Kota</target></trans-unit>
<trans-unit id="29"><source>Post code</source><target>Posting kode</target></trans-unit>
<trans-unit id="30"><source>Country</source><target>Negara</target></trans-unit>
<trans-unit id="31"><source>Address</source><target>Alamat</target></trans-unit>
<trans-unit id="32"><source>Email address</source><target>Alamat email</target></trans-unit>
<trans-unit id="33"><source>Comment</source><target>Komentar</target></trans-unit>
<trans-unit id="34"><source>Privacy policy</source><target>Kebijakan privasi</target></trans-unit>
<trans-unit id="35"><source>Keep me posted on this and similar campaigns.</source><target>Terus saya diposting pada kampanye ini dan yang sejenis.</target></trans-unit>
<trans-unit id="36"><source>Reminder:</source><target>Reminder:</target></trans-unit>
<trans-unit id="41"><source>Thank you</source><target>Terima kasih</target></trans-unit>
<trans-unit id="42"><source>Attention: You will receive a confirmation email. Check your email inbox (and junk folder) now! To confirm your action, click the link given in the email.</source><target>Perhatian: Anda akan menerima email konfirmasi. Periksa kotak masuk email Anda (dan folder sampah) sekarang! Untuk mengkonfirmasi tindakan Anda, klik link yang diberikan dalam email.</target></trans-unit>
<trans-unit id="43"><source>Attention: You've already taken part in this action (maybe on another website).</source><target>Perhatian: Anda sudah mengambil bagian dalam aksi ini (mungkin di website lain).</target></trans-unit>
<trans-unit id="44"><source>Your email is being validated, please wait!</source><target>Email anda divalidasi sertifikat menjadi putih, tunggu! </target></trans-unit>
<trans-unit id="45"><source>You verified your email address. Your action is confirmed. Use this moment to tell friends and family.</source><target>Anda memverifikasi alamat email Anda. Tindakan Anda dikonfirmasi. Gunakan saat ini untuk memberitahu teman-teman dan keluarga.</target></trans-unit>
<trans-unit id="46"><source>Share</source><target>Berbagi </target></trans-unit>
<trans-unit id="47"><source>Tell your friends</source><target>Beritahu teman Anda</target></trans-unit>
<trans-unit id="48"><source>Separate email addresses with a comma.</source><target>Alamat email yang terpisah dengan koma.</target></trans-unit>
<trans-unit id="49"><source>We have sent an email with information about this campaign to the address(es) specified.</source><target>Kami telah mengirim email dengan informasi tentang kampanye ini ke alamat (es) yang ditentukan.</target></trans-unit>
<trans-unit id="50"><source>Donate</source><target>Menyumbangkan</target></trans-unit>
<trans-unit id="51"><source>Help us fund this campaign. Give whatever you can now using the safe and secure paypal form below.</source><target>Bantu kami mendanai kampanye ini. Berikan apa pun yang Anda sekarang dapat menggunakan bentuk paypal aman dan aman di bawah ini.</target></trans-unit>
<trans-unit id="52"><source>Amount</source><target>Jumlah</target></trans-unit>
<trans-unit id="61"><source>Back</source><target>Kembali</target></trans-unit>
<trans-unit id="62"><source>Background</source><target>Latar belakang</target></trans-unit>
<trans-unit id="63"><source>Read more</source><target>Baca selengkapnya</target></trans-unit>
<trans-unit id="64"><source>More actions</source><target>Mulai permohonan Anda! </target></trans-unit>
<trans-unit id="65"><source>PP Heading</source><target>kebijakan Privasi </target></trans-unit>
<trans-unit id="66"><source>people so far</source><target>orang sejauh</target></trans-unit>
<trans-unit id="67"><source>emails sent</source><target>email yang dikirim</target></trans-unit>
<trans-unit id="68"><source>The action starts on #DATE#. Stay tuned and spread the word!</source><target>Pekerjaan dimulai pada #DATE# Menantikan dan menyebarkan berita! </target></trans-unit>
<trans-unit id="69"><source>This action is over. Thanks to the #COUNTER# people who signed-up!</source><target>Saham ini berakhir. Berkat #COUNTER# Siapa orang menandatangani-up! </target></trans-unit>
<trans-unit id="70"><source>select</source><target>memilih</target></trans-unit>
<trans-unit id="71"><source>select all</source><target>Kirim ke semua</target></trans-unit>
<trans-unit id="72"><source>Recipient(s)</source><target>Penerima (s)</target></trans-unit>
<trans-unit id="81"><source>Embed this</source><target>Tanamkan</target></trans-unit>
<trans-unit id="82"><source>Organisation</source><target>Organisasi</target></trans-unit>
<trans-unit id="83"><source>Register your widget</source><target>Daftarkan widget Anda</target></trans-unit>
<trans-unit id="84"><source>Generate widget</source><target>Menghasilkan widget</target></trans-unit>
<trans-unit id="85"><source>Change widget</source><target>Mengubah widget</target></trans-unit>
<trans-unit id="86"><source>Embed this code</source><target>Cantumkan kode ini</target></trans-unit>
<trans-unit id="101"><source>Customise your widget</source><target>Sesuaikan widget Anda</target></trans-unit>
<trans-unit id="102"><source>Widget type</source><target>Widget jenis</target></trans-unit>
<trans-unit id="103"><source>Embed</source><target>Menanamkan</target></trans-unit>
<trans-unit id="104"><source>Popup</source><target>Popup</target></trans-unit>
<trans-unit id="105"><source>Email Validation Landingpage - auto forwarding to external page</source><target>Opt-in halaman arahan email konfirmasi (http: // ...) </target></trans-unit>
<trans-unit id="106"><source>Width</source><target>Lebar</target></trans-unit>
<trans-unit id="107"><source>You may define a precise widget width. Select "auto" and the widget will adapt to the space available (max: 1000px). Should there be less than 440px width available, contents will display in one column (instead of two) with the sign-on-form below the petition text. On mobile devices with less than 768px device-width, the widget-width is set to 360px for smooth reading on smartphones.</source><target>Anda dapat menentukan lebar widget yang tepat. Pilih "auto" dan widget akan beradaptasi dengan ruang yang tersedia (max: 1000px). Harus ada kurang dari 440px lebar yang tersedia, isi akan ditampilkan dalam satu kolom (bukan dua) dengan sign-on-form di bawah teks permohonan. Pada perangkat mobile dengan kurang dari 768px perangkat-lebar, widget-lebar diatur ke 360px untuk membaca halus pada smartphone.</target></trans-unit>
<trans-unit id="108"><source>Text title</source><target>Judul teks</target></trans-unit>
<trans-unit id="109"><source>Text body</source><target>Teks tubuh</target></trans-unit>
<trans-unit id="110"><source>Button</source><target>Tombol</target></trans-unit>
<trans-unit id="111"><source>Backgr left</source><target>Latar belakang kiri</target></trans-unit>
<trans-unit id="121"><source>Backgr right</source><target>Latar belakang yang tepat</target></trans-unit>
<trans-unit id="122"><source>Form title</source><target>Judul, hak</target></trans-unit>
<trans-unit id="123"><source>Customise contents: use your own words to convince your target group. To change the title, introduction and background texts, copy the texts from the edit fields into a text editor, make your changes and paste them back into the edit fields. Thereafter, adapt the width and the colours to seamlessly integrate the widget into your website design.</source><target>Sesuaikan isi: menggunakan kata-kata Anda sendiri untuk meyakinkan kelompok sasaran Anda. Untuk mengubah teks judul, pengantar dan latar belakang, menyalin teks dari bidang mengedit menjadi editor teks, membuat perubahan Anda dan tempelkan kembali ke ladang edit. Setelah itu, mengadaptasi lebar dan warna untuk berintegrasi mulus widget ke dalam desain website Anda.</target></trans-unit>
<trans-unit id="124"><source>Title</source><target>Judul</target></trans-unit>
<trans-unit id="125"><source>Target, Subheading</source><target>Target, Subpos</target></trans-unit>
<trans-unit id="126"><source>Intro</source><target>Intro</target></trans-unit>
<trans-unit id="127"><source>Body</source><target>Tubuh</target></trans-unit>
<trans-unit id="128"><source>Footer</source><target>Footer</target></trans-unit>
<trans-unit id="129"><source>Subject</source><target>Subyek</target></trans-unit>
<trans-unit id="130"><source>Email body</source><target>Email tubuh</target></trans-unit>
<trans-unit id="131"><source>Choose 'Embed' to have this box ("widget") embedded into your webpage, including texts and action-form. Visitors can instantly read all and take action. However, you need at least 440px width to embed the widget. Choose 'Popup' if you lack sufficient space on your webpage. You will get a small box ("teaser") with flexible width (at least 150px). If visitors click on the teaser, the big action-widget pops up.</source><target>Pilih 'Embed' untuk memiliki kotak ("widget") tertanam ke dalam halaman web Anda, termasuk teks dan tindakan-bentuk. Pengunjung dapat langsung membaca semua dan mengambil tindakan. Namun, Anda memerlukan setidaknya 440px lebar untuk menanamkan widget. Pilih 'Popup' jika Anda tidak memiliki ruang yang cukup pada halaman Web Anda. Anda akan mendapatkan sebuah kotak kecil ("teaser") dengan lebar yang fleksibel (setidaknya 150px). Jika pengunjung mengklik teaser, aksi widget-besar muncul.</target></trans-unit>
<trans-unit id="201"><source>Hello</source><target>Hello </target></trans-unit>
<trans-unit id="202"><source>Dear Madam %F %L,</source><target>Sayang %F %L</target></trans-unit>
<trans-unit id="203"><source>Dear Sir %F %L,</source><target>Sayang %F %L</target></trans-unit>
<trans-unit id="204"><source>Dear Sir/Madam %F %L,</source><target>Sayang %F %L</target></trans-unit>
<trans-unit id="301"><source>Yes</source><target>Ya </target></trans-unit>
<trans-unit id="302"><source>No</source><target>Tidak </target></trans-unit>
<trans-unit id="303"><source>No comment</source><target>Tidak ada komentar </target></trans-unit>
<trans-unit id="304"><source>Secure your pledge page with a password (optional).</source><target>Aman halaman janji Anda dengan password (opsional). </target></trans-unit>
<trans-unit id="305"><source>Change your password (optional).</source><target>Ubah password Anda (opsional). </target></trans-unit>
<trans-unit id="306"><source>Passwords do not match.</source><target>Sandi tidak cocok. </target></trans-unit>
<trans-unit id="307"><source>Password is too short. Use at least 8 characters.</source><target>Password terlalu pendek. Gunakan setidaknya delapan karakter. </target></trans-unit>
<trans-unit id="308"><source>Save &amp; submit my pledges</source><target>Simpan &amp; mengirimkan Janji saya </target></trans-unit>
<trans-unit id="309"><source>Please enter your password.</source><target>Masukkan sandi Anda. </target></trans-unit>
<trans-unit id="310"><source>Company</source><target>perusahaan </target></trans-unit>
<trans-unit id="311"><source>Party</source><target>partai </target></trans-unit>
<trans-unit id="312"><source>Electorate</source><target>pemilih </target></trans-unit>
<trans-unit id="313"><source>Recipients</source><target>penerima </target></trans-unit>
<trans-unit id="314"><source>Read pledge text</source><target>Membaca teks janji </target></trans-unit>
<trans-unit id="315"><source>Password</source><target>sandi </target></trans-unit>
<trans-unit id="316"><source>Password again</source><target>sandi lagi </target></trans-unit>
<trans-unit id="317"><source>Enter</source><target>Masukkan </target></trans-unit>
<trans-unit id="318"><source>I pledged on #DATE#</source><target>Aku Gadai on #DATE#</target></trans-unit>

</body>
</file>
</xliff>