﻿<?xml version="1.0" encoding="UTF-8"?>
<!DOCTYPE xliff PUBLIC "-//XLIFF//DTD XLIFF//EN" "http://www.oasis-open.org/committees/xliff/documents/xliff.dtd">
<xliff version="1.0">
<file source-language="EN" target-language="th" datatype="plaintext" original="messages" date="2010-07-27T14:00:00Z" product-name="messages">
<header/>
<body>
<trans-unit id="1"><source>Petition</source><target>คำร้อง</target></trans-unit>
<trans-unit id="2"><source>Email action</source><target>การกระทำอีเมล์</target></trans-unit>
<trans-unit id="3"><source>Initiative</source><target>ความคิดริเริ่ม </target></trans-unit>
<trans-unit id="4"><source>Network-News</source><target>เครือข่ายข่าว</target></trans-unit>
<trans-unit id="11"><source>Sign the Petition</source><target>เซ็นชื​​่อในคำร้อง</target></trans-unit>
<trans-unit id="12"><source>Send an Email</source><target>ส่งอีเมล์</target></trans-unit>
<trans-unit id="13"><source>Support</source><target>การสนับสนุน </target></trans-unit>
<trans-unit id="14"><source>Take action</source><target>การกระทำ</target></trans-unit>
<trans-unit id="15"><source>Sign</source><target>ลงชื่อ</target></trans-unit>
<trans-unit id="16"><source>Send</source><target>ส่ง</target></trans-unit>
<trans-unit id="17"><source>Subscribe</source><target>สมัครสมาชิก</target></trans-unit>
<trans-unit id="18"><source>Support the initiative</source><target>เข้าสู่ระบบความคิดริเริ่ม</target></trans-unit>
<trans-unit id="21"><source>Name</source><target>ชื่อ</target></trans-unit>
<trans-unit id="22"><source>Full name</source><target>ชื่อเต็ม</target></trans-unit>
<trans-unit id="23"><source>First name</source><target>ชื่อแรก</target></trans-unit>
<trans-unit id="24"><source>Last name</source><target>นามสกุล</target></trans-unit>
<trans-unit id="25"><source>Mr</source><target>นาย</target></trans-unit>
<trans-unit id="26"><source>Mrs</source><target>นางสาว</target></trans-unit>
<trans-unit id="27"><source>Mrs/Mr</source><target>นางสาว / นาย</target></trans-unit>
<trans-unit id="28"><source>City</source><target>เมือง</target></trans-unit>
<trans-unit id="29"><source>Post code</source><target>โพสต์รหัส</target></trans-unit>
<trans-unit id="30"><source>Country</source><target>ประเทศ</target></trans-unit>
<trans-unit id="31"><source>Address</source><target>ที่อยู่</target></trans-unit>
<trans-unit id="32"><source>Email address</source><target>ที่อยู่อีเมล์</target></trans-unit>
<trans-unit id="33"><source>Comment</source><target>ความเห็น</target></trans-unit>
<trans-unit id="34"><source>Privacy policy</source><target>นโยบายความเป็นส่วนตัว</target></trans-unit>
<trans-unit id="35"><source>Keep me posted on this and similar campaigns.</source><target>ให้ฉันโพสต์ในแคมเปญนี้และคล้ายกัน</target></trans-unit>
<trans-unit id="36"><source>Reminder:</source><target>Reminder:</target></trans-unit>
<trans-unit id="41"><source>Thank you</source><target>ขอบคุณ</target></trans-unit>
<trans-unit id="42"><source>Attention: You will receive a confirmation email. Check your email inbox (and junk folder) now! To confirm your action, click the link given in the email.</source><target>ความสนใจ: คุณจะได้รับอีเมลยืนยัน ตรวจสอบกล่องจดหมายของคุณ (และโฟลเดอร์ขยะ) ตอนนี้! เพื่อยืนยันการกระทำของคุณให้คลิกลิงก์ที่ให้ไว้ในอีเมล</target></trans-unit>
<trans-unit id="43"><source>Attention: You've already taken part in this action (maybe on another website).</source><target>ความสนใจ: คุณได้ดำเนินการแล้วมีส่วนร่วมในการดำเนินการนี​​้ (อาจจะบนเว็บไซต์อื่น)</target></trans-unit>
<trans-unit id="44"><source>Your email is being validated, please wait!</source><target>อีเมลของคุณจะถูกตรวจสอบใบรับรองการเป็นสีขาวโปรดรอสักครู่! </target></trans-unit>
<trans-unit id="45"><source>You verified your email address. Your action is confirmed. Use this moment to tell friends and family.</source><target>คุณยืนยันที่อยู่อีเมลของคุณ การกระทำของคุณได้รับการยืนยัน ใช้ช่วงเวลานี้ที่จะบอกเพื่อน ๆ และครอบครัว</target></trans-unit>
<trans-unit id="46"><source>Share</source><target>แบ่งปัน </target></trans-unit>
<trans-unit id="47"><source>Tell your friends</source><target>บอกเพื่อนของคุณ</target></trans-unit>
<trans-unit id="48"><source>Separate email addresses with a comma.</source><target>แยกที่อยู่อีเมลด้วยเครื่องหมายจุลภาค</target></trans-unit>
<trans-unit id="49"><source>We have sent an email with information about this campaign to the address(es) specified.</source><target>เราได้ส่งอีเมลที่มีข้อมูลเกี่ยวกับแคมเปญนี้ไปยังที่อยู่ (e) ระบุ</target></trans-unit>
<trans-unit id="50"><source>Donate</source><target>บริจาค</target></trans-unit>
<trans-unit id="51"><source>Help us fund this campaign. Give whatever you can now using the safe and secure paypal form below.</source><target>ช่วยให้เรากองทุนแคมเปญนี้ ให้สิ่งที่คุณสามารถตอนนี้ใช้รูปแบบเพย์พาลปลอดภัยและการรักษาความปลอดภัยด้านล่าง</target></trans-unit>
<trans-unit id="52"><source>Amount</source><target>จำนวน</target></trans-unit>
<trans-unit id="61"><source>Back</source><target>กลับ</target></trans-unit>
<trans-unit id="62"><source>Background</source><target>พื้นหลัง</target></trans-unit>
<trans-unit id="63"><source>Read more</source><target>อ่านเพิ่มเติม</target></trans-unit>
<trans-unit id="64"><source>More actions</source><target>เริ่มต้นคำร้องของคุณ! </target></trans-unit>
<trans-unit id="65"><source>PP Heading</source><target>นโยบายความเป็นส่วนตัว </target></trans-unit>
<trans-unit id="66"><source>people so far</source><target>เพื่อให้ห่างไกลผู้คน</target></trans-unit>
<trans-unit id="67"><source>emails sent</source><target>อีเมลที่ส่ง</target></trans-unit>
<trans-unit id="68"><source>The action starts on #DATE#. Stay tuned and spread the word!</source><target>การทำงานจะเริ่มต้นในวันที่ #DATE# ติดตามความคืบหน้าและการแพร่กระจายคำ! </target></trans-unit>
<trans-unit id="69"><source>This action is over. Thanks to the #COUNTER# people who signed-up!</source><target>หุ้นนี้มีมากกว่า ขอบคุณที่เคาน์เตอร์ #COUNTER# ใครคนลงนามขึ้น! </target></trans-unit>
<trans-unit id="70"><source>select</source><target>เลือก</target></trans-unit>
<trans-unit id="71"><source>select all</source><target>ส่งหน้านี้ให้ทั้งหมด</target></trans-unit>
<trans-unit id="72"><source>Recipient(s)</source><target>ผู้รับ (s)</target></trans-unit>
<trans-unit id="81"><source>Embed this</source><target>ฝังนี้</target></trans-unit>
<trans-unit id="82"><source>Organisation</source><target>องค์กร</target></trans-unit>
<trans-unit id="83"><source>Register your widget</source><target>ลงทะเบียนเครื่องมือของคุณ</target></trans-unit>
<trans-unit id="84"><source>Generate widget</source><target>สร้างเครื่องมือ</target></trans-unit>
<trans-unit id="85"><source>Change widget</source><target>เปลี่ยนเครื่องมือ</target></trans-unit>
<trans-unit id="86"><source>Embed this code</source><target>ฝังโค้ดนี้</target></trans-unit>
<trans-unit id="101"><source>Customise your widget</source><target>ปรับแต่งเครื่องมือของคุณ</target></trans-unit>
<trans-unit id="102"><source>Widget type</source><target>ประเภทเครื่องมือ</target></trans-unit>
<trans-unit id="103"><source>Embed</source><target>ฝัง</target></trans-unit>
<trans-unit id="104"><source>Popup</source><target>ป๊อปอัพ</target></trans-unit>
<trans-unit id="105"><source>Email Validation Landingpage - auto forwarding to external page</source><target>เลือกในหน้าที่อีเมลยืนยัน (http: // ... ) </target></trans-unit>
<trans-unit id="106"><source>Width</source><target>ความกว้าง</target></trans-unit>
<trans-unit id="107"><source>You may define a precise widget width. Select "auto" and the widget will adapt to the space available (max: 1000px). Should there be less than 440px width available, contents will display in one column (instead of two) with the sign-on-form below the petition text. On mobile devices with less than 768px device-width, the widget-width is set to 360px for smooth reading on smartphones.</source><target>คุณอาจจะกำหนดความกว้างวิดเจ็ตที่แม่นยำ เลือก "รถยนต์" และเครื่องมือที่จะปรับให้เข้ากับพื้นที่ว่าง (สูงสุด: 1000px) ควรจะมีน้อยกว่าความกว้าง 440px มีเนื้อหาจะแสดงในคอลัมน์หนึ่ง (แทนสอง) ที่มีเครื่องหมายบนแบบฟอร์มด้านล่างข้อความคำร้อง บนอุปกรณ์มือถือที่มีน้อยกว่า 768px อุปกรณ์ความกว้างวิดเจ็ตความกว้างที่กำหนดไว้เป็น 360px สำหรับการอ่านที่ราบรื่นมาร์ทโฟน</target></trans-unit>
<trans-unit id="108"><source>Text title</source><target>ชื่อข้อความ</target></trans-unit>
<trans-unit id="109"><source>Text body</source><target>ร่างกายข้อความ</target></trans-unit>
<trans-unit id="110"><source>Button</source><target>ปุ่ม</target></trans-unit>
<trans-unit id="111"><source>Backgr left</source><target>พื้นหลังซ้าย</target></trans-unit>
<trans-unit id="121"><source>Backgr right</source><target>ขวาพื้นหลัง</target></trans-unit>
<trans-unit id="122"><source>Form title</source><target>ชื่อขวา</target></trans-unit>
<trans-unit id="123"><source>Customise contents: use your own words to convince your target group. To change the title, introduction and background texts, copy the texts from the edit fields into a text editor, make your changes and paste them back into the edit fields. Thereafter, adapt the width and the colours to seamlessly integrate the widget into your website design.</source><target>เนื้อหาปรับแต่ง: ใช้คำของคุณเองที่จะโน้มน้าวให้กลุ่มเป้าหมายของคุณ หากต้องการเปลี่ยนชื่อตำราแนะนำและพื้นหลังให้คัดลอกข้อความจากช่องแก้ไขในโปรแกรมแก้ไขข้อความให้ทำการเปลี่ยนแปลงของคุณและวางพวกเขากลับเข้ามาในเขตแก้ไข หลังจากนั้นเป็นต้นมาปรับให้เข้ากับความกว้างและสีต่อเนื่องรวมเครื่องมือในการออกแบบเว็บไซต์ของคุณ</target></trans-unit>
<trans-unit id="124"><source>Title</source><target>ชื่อเรื่อง</target></trans-unit>
<trans-unit id="125"><source>Target, Subheading</source><target>เป้าหมายย่อย,</target></trans-unit>
<trans-unit id="126"><source>Intro</source><target>แนะนำ</target></trans-unit>
<trans-unit id="127"><source>Body</source><target>ร่างกาย</target></trans-unit>
<trans-unit id="128"><source>Footer</source><target>ส่วนท้าย</target></trans-unit>
<trans-unit id="129"><source>Subject</source><target>เรื่อง</target></trans-unit>
<trans-unit id="130"><source>Email body</source><target>ร่างกายอีเมล</target></trans-unit>
<trans-unit id="131"><source>Choose 'Embed' to have this box ("widget") embedded into your webpage, including texts and action-form. Visitors can instantly read all and take action. However, you need at least 440px width to embed the widget. Choose 'Popup' if you lack sufficient space on your webpage. You will get a small box ("teaser") with flexible width (at least 150px). If visitors click on the teaser, the big action-widget pops up.</source><target>เลือก "ฝัง" ให้มีกล่องนี้ ("วิดเจ็ต") ที่ฝังลงในหน้าเว็บของคุณรวมถึงข้อความและรูปแบบการดำเนิน- ผู้เข้าชมสามารถอ่านได้ทันทีและดำเนินการ แต่คุณต้องไม่น้อยกว่า 440px ความกว้างที่จะฝังเครื่องมือ เลือก 'ป๊อปอัพ' ถ้าคุณขาดพื้นที่เพียงพอบนหน้าเว็บของคุณ คุณจะได้รับกล่องขนาดเล็ก ("ทีเซอร์") ที่มีความกว้างที่มีความยืดหยุ่น (อย่างน้อย 150px) หากผู้เข้าชมคลิกที่ทีเซอร์การกระทำเครื่องมือขนาดใหญ่ปรากฏขึ้น</target></trans-unit>
<trans-unit id="201"><source>Hello</source><target>สวัสดี </target></trans-unit>
<trans-unit id="202"><source>Dear Madam %F %L,</source><target>เรีย %F %L</target></trans-unit>
<trans-unit id="203"><source>Dear Sir %F %L,</source><target>เรีย %F %L</target></trans-unit>
<trans-unit id="204"><source>Dear Sir/Madam %F %L,</source><target>เรีย %F %L</target></trans-unit>
<trans-unit id="301"><source>Yes</source><target>ใช่ </target></trans-unit>
<trans-unit id="302"><source>No</source><target>ไม่มี </target></trans-unit>
<trans-unit id="303"><source>No comment</source><target>ไม่มีความเห็น </target></trans-unit>
<trans-unit id="304"><source>Secure your pledge page with a password (optional).</source><target>การรักษาความปลอดภัยหน้าจำนำของคุณด้วยรหัสผ่าน (ถ้ามี) </target></trans-unit>
<trans-unit id="305"><source>Change your password (optional).</source><target>เปลี่ยนรหัสผ่านของคุณ (ถ้ามี) </target></trans-unit>
<trans-unit id="306"><source>Passwords do not match.</source><target>รหัสผ่านไม่ตรงกัน </target></trans-unit>
<trans-unit id="307"><source>Password is too short. Use at least 8 characters.</source><target>รหัสผ่านสั้นเกินไป ใช้อย่างน้อยแปดตัวอักษร </target></trans-unit>
<trans-unit id="308"><source>Save &amp; submit my pledges</source><target>บันทึก &amp; ส่งคำมั่นสัญญาของฉัน </target></trans-unit>
<trans-unit id="309"><source>Please enter your password.</source><target>กรุณาใส่รหัสผ่านของคุณ </target></trans-unit>
<trans-unit id="310"><source>Company</source><target>บริษัท </target></trans-unit>
<trans-unit id="311"><source>Party</source><target>พรรค </target></trans-unit>
<trans-unit id="312"><source>Electorate</source><target>เขตเลือกตั้ง </target></trans-unit>
<trans-unit id="313"><source>Recipients</source><target>ผู้รับ </target></trans-unit>
<trans-unit id="314"><source>Read pledge text</source><target>อ่านข้อความจำนำ </target></trans-unit>
<trans-unit id="315"><source>Password</source><target>รหัสผ่าน </target></trans-unit>
<trans-unit id="316"><source>Password again</source><target>รหัสผ่านอีกครั้ง </target></trans-unit>
<trans-unit id="317"><source>Enter</source><target>ใส่ </target></trans-unit>
<trans-unit id="318"><source>I pledged on #DATE#</source><target>ผมติดภาระค้ำประกันคุณ #DATE# </target></trans-unit>

</body>
</file>
</xliff>