﻿<?xml version="1.0" encoding="UTF-8"?>
<!DOCTYPE xliff PUBLIC "-//XLIFF//DTD XLIFF//EN" "http://www.oasis-open.org/committees/xliff/documents/xliff.dtd">
<xliff version="1.0">
<file source-language="EN" target-language="sl" datatype="plaintext" original="messages" date="2010-04-08T13:53:17Z" product-name="messages">
<header/>
<body>
<trans-unit id="1"><source>Petition</source><target>Peticija</target></trans-unit>
<trans-unit id="2"><source>Email action</source><target>e-mail akcija</target></trans-unit>
<trans-unit id="3"><source>Initiative</source><target>Pobuda </target></trans-unit>
<trans-unit id="4"><source>Appeal</source><target>Pritožba</target></trans-unit>
<trans-unit id="5"><source>Community</source><target>Skupnosti</target></trans-unit>
<trans-unit id="6"><source>Newsletter</source><target>Mreža - novice</target></trans-unit>
<trans-unit id="7"><source>Join</source><target>Pridružite se</target></trans-unit>
<trans-unit id="8"><source>Sign up</source><target>Prijavite se</target></trans-unit>
<trans-unit id="9"><source>Sign up to the newsletter</source><target>Naročite se ne bilten.</target></trans-unit>
<trans-unit id="11"><source>Sign the Petition</source><target>Podpiši peticijo</target></trans-unit>
<trans-unit id="12"><source>Send an Email</source><target>Pošlji sporočilo</target></trans-unit>
<trans-unit id="13"><source>Support</source><target>Podprite</target></trans-unit>
<trans-unit id="14"><source>Take action</source><target>Ukrepaj</target></trans-unit>
<trans-unit id="15"><source>Sign</source><target>Podpis</target></trans-unit>
<trans-unit id="16"><source>Send</source><target>Pošlji</target></trans-unit>
<trans-unit id="17"><source>Subscribe</source><target>Naroči se</target></trans-unit>
<trans-unit id="18"><source>Support the initiative</source><target>Podpiši pobudo</target></trans-unit>
<trans-unit id="19"><source>Support the appeal</source><target>Podprite pritožbo</target></trans-unit>
<trans-unit id="20"><source>Join the community</source><target>Pridružite se skupnosti</target></trans-unit>
<trans-unit id="21"><source>Name</source><target>Celotno ime</target></trans-unit>
<trans-unit id="22"><source>Full name</source><target>Polno ime</target></trans-unit>
<trans-unit id="23"><source>First name</source><target>Ime</target></trans-unit>
<trans-unit id="24"><source>Last name</source><target>Priimek</target></trans-unit>
<trans-unit id="25"><source>Mr</source><target>G.</target></trans-unit>
<trans-unit id="26"><source>Mrs</source><target>Ga.</target></trans-unit>
<trans-unit id="27"><source>Mrs/Mr</source><target>Ga./G.</target></trans-unit>
<trans-unit id="28"><source>City</source><target>Mesto</target></trans-unit>
<trans-unit id="29"><source>Post code</source><target>Poštna številka</target></trans-unit>
<trans-unit id="30"><source>Country</source><target>Država</target></trans-unit>
<trans-unit id="31"><source>Address</source><target>Naslov</target></trans-unit>
<trans-unit id="32"><source>Email address</source><target>E-naslov</target></trans-unit>
<trans-unit id="33"><source>Personal comment</source><target>Pripomba</target></trans-unit>
<trans-unit id="34"><source>PP Heading</source><target>Politika zasebnosti</target></trans-unit>
<trans-unit id="35"><source>I accept the _privacy policy_</source><target>Sprejmem _politiko zasebnosti_.</target></trans-unit>
<trans-unit id="36"><source>Keep me posted on this and similar campaigns.</source><target>Želim, da me obveščate o poteku te in podobnih kampanj.</target></trans-unit>
<trans-unit id="37"><source>Reminder:</source><target>Opomnik:</target></trans-unit>
<trans-unit id="38"><source>Thank you</source><target>Hvala!</target></trans-unit>
<trans-unit id="46"><source>Share</source><target>Deli</target></trans-unit>
<trans-unit id="47"><source>Tell your friends</source><target>Povej prijateljem</target></trans-unit>
<trans-unit id="48"><source>Separate email addresses with a comma.</source><target>Ločite elektronske naslove z vejicami</target></trans-unit>
<trans-unit id="49"><source>We have sent an email with information about this campaign to the address(es) specified.</source><target>Poslali smo elektronsko sporočilo z informacijami o kampanji na navedene naslove.</target></trans-unit>
<trans-unit id="50"><source>Donate</source><target>Prispevaj</target></trans-unit>
<trans-unit id="51"><source>Help us fund this campaign. Give whatever you can now using the safe and secure paypal form below.</source><target>Pomagaj nam pri nabiranju sredstev za kampanjo. Prispevaj, kolikor želiš, z uporabo varnega obrazca, ki ga najdeš spodaj.</target></trans-unit>
<trans-unit id="52"><source>Amount</source><target>Znesek</target></trans-unit>
<trans-unit id="53"><source>Last signers</source><target>Zadnji podpisniki</target></trans-unit>
<trans-unit id="54"><source>All signers</source><target>Vsi podpisniki</target></trans-unit>
<trans-unit id="61"><source>Back</source><target>Nazaj</target></trans-unit>
<trans-unit id="62"><source>Background</source><target>Ozadje</target></trans-unit>
<trans-unit id="63"><source>Read more</source><target>Preberi več</target></trans-unit>
<trans-unit id="64"><source>More actions</source><target>Začnite svojo peticijo!</target></trans-unit>
<trans-unit id="66"><source># Participants</source><target># ljudi do sedaj</target></trans-unit>
<trans-unit id="67"><source># emails sent</source><target># emails sent</target></trans-unit>
<trans-unit id="68"><source>The action starts on #DATE#. Stay tuned and spread the word!</source><target>Akcija se začne #DATE#. Ostanite z nami in širite besedo!</target></trans-unit>
<trans-unit id="69"><source>This action is over. Thanks to the #COUNTER# people who signed-up!</source><target>Ta akcija je končana. Hvala #COUNTER# ljudem, ki so se registrirali!</target></trans-unit>
<trans-unit id="70"><source>select</source><target>Izberi</target></trans-unit>
<trans-unit id="71"><source>select all</source><target>Pošlji vsem</target></trans-unit>
<trans-unit id="72"><source>Recipient(s)</source><target>Prejemnik(i)</target></trans-unit>
<trans-unit id="81"><source>Embed this</source><target>Vstavi</target></trans-unit>
<trans-unit id="82"><source>Organisation</source><target>Organizacija</target></trans-unit>
<trans-unit id="83"><source>Register your widget</source><target>Registriraj svoje orodje</target></trans-unit>
<trans-unit id="84"><source>Generate widget</source><target>Ustvari orodje</target></trans-unit>
<trans-unit id="85"><source>Change widget</source><target>Spremeni orodje</target></trans-unit>
<trans-unit id="86"><source>Embed this code</source><target>Vstavi kodo</target></trans-unit>
<trans-unit id="101"><source>Customise your widget</source><target>Prilagodite si orodje</target></trans-unit>
<trans-unit id="102"><source>Widget type</source><target>Tip orodja</target></trans-unit>
<trans-unit id="103"><source>Embed</source><target>Vstavi</target></trans-unit>
<trans-unit id="104"><source>Popup</source><target>Pojavno okno</target></trans-unit>
<trans-unit id="105"><source>Email Validation Landingpage - auto forwarding to external page</source><target>Potrdite elektronsko pošto za vstopno stran (http://…)</target></trans-unit>
<trans-unit id="106"><source>Width</source><target>Širina</target></trans-unit>
<trans-unit id="107"><source>You may define a precise widget width. Select "auto" and the widget will adapt to the space available (max: 1000px). Should there be less than 440px width available, contents will display in one column (instead of two) with the sign-on-form below the petition text. On mobile devices with less than 768px device-width, the widget-width is set to 360px for smooth reading on smartphones.</source><target>Lahko določite natančno širino widget. Izberite "auto" in widget bo prilagoditi razpoložljivi prostor (max: 1000px). Bi morala biti na voljo manj kot 440px širine, bo vsebina prikaže v enem stolpcu (namesto dveh) z znakom-on-spodnji obrazec besedilo peticije. Na mobilnih napravah z manj kot 768px naprave širine, je widget za širino nastavite na 360px za nemoteno obravnavo o pametnih telefonih.</target></trans-unit>
<trans-unit id="108"><source>Text title</source><target>Naslov, levo </target></trans-unit>
<trans-unit id="109"><source>Text body</source><target>Besedilo </target></trans-unit>
<trans-unit id="110"><source>Button</source><target>Button </target></trans-unit>
<trans-unit id="111"><source>Backgr left</source><target>Ozadje levo</target></trans-unit>
<trans-unit id="121"><source>Backgr right</source><target>Ozadje desno</target></trans-unit>
<trans-unit id="122"><source>Form title</source><target>Naslov, desno</target></trans-unit>
<trans-unit id="123"><source>Customise contents: use your own words to convince your target group. To change the title, introduction and background texts, copy the texts from the edit fields into a text editor, make your changes and paste them back into the edit fields. Thereafter, adapt the width and the colours to seamlessly integrate the widget into your website design.</source><target>Akcijski okvir lahko vstavite v svojo spletno stran ali blog. Imenujemo ga »orodje«. Prilagodite vsebino:</target></trans-unit>
<trans-unit id="124"><source>Title</source><target>Naslov</target></trans-unit>
<trans-unit id="125"><source>Target, Subheading</source><target>Podnaslov</target></trans-unit>
<trans-unit id="126"><source>Intro</source><target>Uvod</target></trans-unit>
<trans-unit id="127"><source>Body</source><target>Telo</target></trans-unit>
<trans-unit id="128"><source>Footer</source><target>Noga besedila</target></trans-unit>
<trans-unit id="129"><source>Subject</source><target>Zadeva</target></trans-unit>
<trans-unit id="130"><source>Email body</source><target>Telo sporočila</target></trans-unit>
<trans-unit id="131"><source>Choose 'Embed' to have this box ("widget") embedded into your webpage, including texts and action-form. Visitors can instantly read all and take action. However, you need at least 440px width to embed the widget. Choose 'Popup' if you lack sufficient space on your webpage. You will get a small box ("teaser") with flexible width (at least 150px). If visitors click on the teaser, the big action-widget pops up.</source><target>Izberite »vstavi« če želite vstaviti ta okvir (»orodje«) v svojo spletno stran s tekstom in obrazcem za</target></trans-unit>
<trans-unit id="166"><source>Target #</source><target>Cilj #</target></trans-unit>
<trans-unit id="201"><source>Hello</source><target>Pozdravljeni/-a</target></trans-unit>
<trans-unit id="202"><source>Dear Madam %F %L,</source><target>Dragi %F %L,</target></trans-unit>
<trans-unit id="203"><source>Dear Sir %F %L,</source><target>Dragi %F %L,</target></trans-unit>
<trans-unit id="204"><source>Dear Sir/Madam %F %L,</source><target>Dragi %F %L,</target></trans-unit>
<trans-unit id="301"><source>Yes</source><target>Da </target></trans-unit>
<trans-unit id="302"><source>No</source><target>no </target></trans-unit>
<trans-unit id="303"><source>No comment</source><target>Brez komentarja </target></trans-unit>
<trans-unit id="304"><source>Secure your pledge page with a password (optional).</source><target>Zavarujte svojo zaobljubo stran z geslom (neobvezno). </target></trans-unit>
<trans-unit id="305"><source>Change your password (optional).</source><target>Spremeniti svoje geslo (izbirno). </target></trans-unit>
<trans-unit id="306"><source>Passwords do not match.</source><target>Gesli se ne ujemata. </target></trans-unit>
<trans-unit id="307"><source>Password is too short. Use at least 8 characters.</source><target>Geslo je prekratko. Uporabite vsaj 8 znakov. </target></trans-unit>
<trans-unit id="308"><source>Save &amp; submit my pledges</source><target>Shranite in predložiti svoje obljube </target></trans-unit>
<trans-unit id="309"><source>Please enter your password.</source><target>Prosimo, vnesite vaše geslo. </target></trans-unit>
<trans-unit id="310"><source>Company</source><target>Podjetje </target></trans-unit>
<trans-unit id="311"><source>Party</source><target>politična stranka </target></trans-unit>
<trans-unit id="312"><source>Electorate</source><target>volivci </target></trans-unit>
<trans-unit id="313"><source>Recipients</source><target>prejemniki </target></trans-unit>
<trans-unit id="314"><source>Read pledge text</source><target>Preberejo besedilo zaobljube. </target></trans-unit>
<trans-unit id="315"><source>Password</source><target>geslo </target></trans-unit>
<trans-unit id="316"><source>Password again</source><target>ponovno geslo </target></trans-unit>
<trans-unit id="317"><source>Enter</source><target>Vnesite </target></trans-unit>
<trans-unit id="318"><source>I pledged on #DATE#</source><target>Sem obljubila na #DATE#</target></trans-unit>
<trans-unit id="400"><source>Attention: You will receive a confirmation email. Check your email inbox (and junk folder) now! To confirm your action, click the link given in the email.</source><target>Pozor: Dobili boste potrditveno elektronsko sporočilo. Preverite svoj inbox (ter koš). Za potrditev svoje akcije, klikni na povezavo v elektronskem sporočilu.</target></trans-unit>
<trans-unit id="401"><source>Attention: You've already taken part in this action (maybe on another website).</source><target>Pozor: Te akcije ste se že udeležili (morda na drugi spletni strani).</target></trans-unit>
<trans-unit id="402"><source>Your email is being validated, please wait!</source><target>Vaša elektronska pošta se preverja, prosimo počakajte!</target></trans-unit>
<trans-unit id="403"><source>You verified your email address.</source><target>Preverili ste elektronski naslov. </target></trans-unit>
<trans-unit id="404"><source>Your action is confirmed.</source><target> Vaše dejanje je potrjeno. </target></trans-unit>
<trans-unit id="405"><source>Use this moment to tell friends and family.</source><target> Izkoristite ta trenutek, ter povejte še prijateljem in družini. </target></trans-unit>
<trans-unit id="406"><source>Your statement of support has been submitted successfully.</source><target>Hvala za sodelovanje! Podpisali ste evropsko državljansko pobudo. </target></trans-unit>
<trans-unit id="407"><source>Signature identifier</source><target>Vaš podpis bo registriran pri Komisiji EU pod identifikatorjem podpisa</target></trans-unit>
<trans-unit id="408"><source>Yes, please</source><target>Da, prosim</target></trans-unit>
<trans-unit id="409"><source>No, thank you</source><target>Ne, hvala</target></trans-unit>
<trans-unit id="410"><source>Become part of the movement</source><target>Naročite se ne bilten.</target></trans-unit>
<trans-unit id="411"><source>Join now</source><target>Pridruži se zdaj</target></trans-unit>
<trans-unit id="412"><source>Confirm and continue</source><target>Potrdite in nadaljujte</target></trans-unit>
<trans-unit id="413"><source>Skip and go directly to signing the initiative in step 2</source><target>Preskočite in pojdite neposredno na podpis pobude v 2. koraku</target></trans-unit>
<trans-unit id="414"><source>Why do I have to share all this information?</source><target>Zakaj potrebujete vse te podatke?</target></trans-unit>
<trans-unit id="415"><source>Your national government decides what information you need to provide for a European Citizens' Initiative so that your signature can be validated and counted. Therefore, please fill in all lines. (Your data will be transmitted securely and encrypted. Your data can only be accessed by national authorities for verification purposes.)</source><target>Vaša vlada določa, katere podatke morate posredovati za evropsko državljansko pobudo (ECI), da bi bil vaš podpis lahko potrjen in upoštevan. Zato izpolnite vse vrstice. (Vaši podatki bodo poslani na varen način in v šifrirani obliki. Do ECI podatkov lahko dostopajo samo državni organi za namene preverjanja).</target></trans-unit>
<trans-unit id="416"><source>Sign up and become part of the movement.</source><target>&nbsp;</target></trans-unit>
</body>
</file>
</xliff>
