<?xml version="1.0" encoding="UTF-8"?>
<!DOCTYPE xliff PUBLIC "-//XLIFF//DTD XLIFF//EN" "http://www.oasis-open.org/committees/xliff/documents/xliff.dtd">
<xliff version="1.0">
<file source-language="EN" target-language="fi" datatype="plaintext" original="messages" date="2019-10-08T13:53:17Z" product-name="messages">
<header/>
<body>
<trans-unit id="1"><source>Petition</source><target>Vetoomus</target></trans-unit>
<trans-unit id="2"><source>Email action</source><target>Sähköpostin toimenpide</target></trans-unit>
<trans-unit id="3"><source>Initiative</source><target>Aloite </target></trans-unit>
<trans-unit id="4"><source>Appeal</source><target>Vetoomus</target></trans-unit>
<trans-unit id="5"><source>Community</source><target>Yhteisö</target></trans-unit>
<trans-unit id="6"><source>Newsletter</source><target>Uutiskirje</target></trans-unit>
<trans-unit id="7"><source>Join</source><target>Liity</target></trans-unit>
<trans-unit id="8"><source>Sign up</source><target>Kirjaudu sisään</target></trans-unit>
<trans-unit id="9"><source>Sign up to the newsletter</source><target>Liity uutiskirjeeseen</target></trans-unit>
<trans-unit id="11"><source>Sign the Petition</source><target>Allekirjoita vetoomus</target></trans-unit>
<trans-unit id="12"><source>Send an Email</source><target>Lähetä sähköpostia</target></trans-unit>
<trans-unit id="13"><source>Support</source><target>Anna tukesi</target></trans-unit>
<trans-unit id="14"><source>Take action</source><target>Osallistu</target></trans-unit>
<trans-unit id="15"><source>Sign</source><target>Allekirjoita</target></trans-unit>
<trans-unit id="16"><source>Send</source><target>Lähetä</target></trans-unit>
<trans-unit id="17"><source>Subscribe</source><target>Tilaa</target></trans-unit>
<trans-unit id="18"><source>Support the initiative</source><target>Allekirjoita aloite</target></trans-unit>
<trans-unit id="19"><source>Support the appeal</source><target>Kannata aloitetta</target></trans-unit>
<trans-unit id="20"><source>Join the community</source><target>Liity joukkoon</target></trans-unit>
<trans-unit id="21"><source>Name</source><target>nimi</target></trans-unit>
<trans-unit id="22"><source>Full name</source><target>Täydellinen nimi</target></trans-unit>
<trans-unit id="23"><source>First name</source><target>Etunimi</target></trans-unit>
<trans-unit id="24"><source>Last name</source><target>Sukunimi</target></trans-unit>
<trans-unit id="25"><source>Mr</source><target>Hra.</target></trans-unit>
<trans-unit id="26"><source>Mrs</source><target>Rva.</target></trans-unit>
<trans-unit id="27"><source>Mrs/Mr</source><target>Hra/Rva</target></trans-unit>
<trans-unit id="28"><source>City</source><target>Paikkakunta</target></trans-unit>
<trans-unit id="29"><source>Post code</source><target>Postinumero</target></trans-unit>
<trans-unit id="30"><source>Country</source><target>Maa</target></trans-unit>
<trans-unit id="31"><source>Address</source><target>Osoite</target></trans-unit>
<trans-unit id="32"><source>Email address</source><target>Sähköpostiosoite</target></trans-unit>
<trans-unit id="33"><source>Personal comment</source><target>Kommenttisi</target></trans-unit>
<trans-unit id="34"><source>PP Heading</source><target>Yksityisyyspolitiikka</target></trans-unit>
<trans-unit id="35"><source>I accept the _privacy policy_</source><target>Hyväksyn _tietosuojakäytännön_</target></trans-unit>
<trans-unit id="36"><source>Keep me posted on this and similar campaigns.</source><target>Lähettäkää minulle tietoa tästä ja samankaltaisista kampanjoista.</target></trans-unit>
<trans-unit id="37"><source>Reminder:</source><target>Muistutus</target></trans-unit>
<trans-unit id="38"><source>Thank you</source><target>Kiitos</target></trans-unit>
<trans-unit id="46"><source>Share</source><target>Tilaa</target></trans-unit>
<trans-unit id="47"><source>Tell your friends</source><target>Kerro kavereille</target></trans-unit>
<trans-unit id="48"><source>Separate email addresses with a comma.</source><target>Erota sähköpostiosoitteet pilkulla!</target></trans-unit>
<trans-unit id="49"><source>We have sent an email with information about this campaign to the address(es) specified.</source><target>Olemme lähettäneet tästä kampanjasta sähköpostia määriteltyihin osoitteisiin.</target></trans-unit>
<trans-unit id="50"><source>Donate</source><target>Lahjoita</target></trans-unit>
<trans-unit id="51"><source>Help us fund this campaign. Give whatever you can now using the safe and secure paypal form below.</source><target>Auta meitä rahoittamaan tätä kampanjaa. Lahjoita käyttämällä allaolevaa turvattua Paypal-lomaketta.</target></trans-unit>
<trans-unit id="52"><source>Amount</source><target>Summa</target></trans-unit>
<trans-unit id="53"><source>Last signers</source><target>Viimeiset allekirjoittajat</target></trans-unit>
<trans-unit id="54"><source>All signers</source><target>Kaikki allekirjoittajat </target></trans-unit>
<trans-unit id="61"><source>Back</source><target>Takaisin</target></trans-unit>
<trans-unit id="62"><source>Background</source><target>Tausta</target></trans-unit>
<trans-unit id="63"><source>Read more</source><target>Lue lisää</target></trans-unit>
<trans-unit id="64"><source>More actions</source><target>Aloita vetoomus!</target></trans-unit>
<trans-unit id="66"><source># Participants</source><target># Ihmiset tähän mennessä</target></trans-unit>
<trans-unit id="67"><source># emails sent</source><target># lähetetyt sähköpostit</target></trans-unit>
<trans-unit id="68"><source>The action starts on #DATE#. Stay tuned and spread the word!</source><target>Tapahtuma alkaa #DATE#. Pysy ajan tasalla ja jaa tietoa!</target></trans-unit>
<trans-unit id="69"><source>This action is over. Thanks to the #COUNTER# people who signed-up!</source><target>Tämä tapahtuma on loppunut. Kiitämme #COUNTER# henkilöä osallistumasta!</target></trans-unit>
<trans-unit id="70"><source>select</source><target>valitse</target></trans-unit>
<trans-unit id="71"><source>select all</source><target>valitse kaikki</target></trans-unit>
<trans-unit id="72"><source>Recipient(s)</source><target>Vastaanottaja(t)</target></trans-unit>
<trans-unit id="81"><source>Embed this</source><target>Sisällytä tämä</target></trans-unit>
<trans-unit id="82"><source>Organisation</source><target>Organisaatio</target></trans-unit>
<trans-unit id="83"><source>Register your widget</source><target>Rekisteröi minisovelluksesi</target></trans-unit>
<trans-unit id="84"><source>Generate widget</source><target>Luo minisovellus</target></trans-unit>
<trans-unit id="85"><source>Change widget</source><target>Muuta minisovellusta</target></trans-unit>
<trans-unit id="86"><source>Embed this code</source><target>Sisällytä tämä koodi</target></trans-unit>
<trans-unit id="101"><source>Customise your widget</source><target>Muokkaa minisovellustasi</target></trans-unit>
<trans-unit id="102"><source>Widget type</source><target>Minisovelluksen tyyppi</target></trans-unit>
<trans-unit id="103"><source>Embed</source><target>Sisällytä</target></trans-unit>
<trans-unit id="104"><source>Popup</source><target>Ponnahdus</target></trans-unit>
<trans-unit id="105"><source>Email Validation Landingpage - auto forwarding to external page</source><target>Automaattinen välittäminen sähköpostin vahvistussivuille (http://...)</target></trans-unit>
<trans-unit id="106"><source>Width</source><target>Leveys</target></trans-unit>
<trans-unit id="107"><source>You may define a precise widget width. Select "auto" and the widget will adapt to the space available (max: 1000px). Should there be less than 440px width available, contents will display in one column (instead of two) with the sign-on-form below the petition text. On mobile devices with less than 768px device-width, the widget-width is set to 360px for smooth reading on smartphones.</source><target>Voit määritellä tarkkaa widget leveys. Valitse "auto" ja widget sopeutua tilaa (max: 1000px). Pitäisikö alle 440px leveys saatavilla, sisältö näkyy yhdessä sarakkeessa (kahden sijaan) kanssa sign-on-lomake vetoomuksen tekstiä. Mobiililaitteissa, joissa on alle 768px laite-leveys, widget-leveys on asetettu 360px sujuvan käsittelyssä älypuhelimissa.</target></trans-unit>
<trans-unit id="108"><source>Text title</source><target>Otsikko, vasen </target></trans-unit>
<trans-unit id="109"><source>Text body</source><target>Tekstin sisältö</target></trans-unit>
<trans-unit id="110"><source>Button</source><target>Painike</target></trans-unit>
<trans-unit id="111"><source>Backgr left</source><target>Tausta vasen</target></trans-unit>
<trans-unit id="121"><source>Backgr right</source><target>Tausta oikea</target></trans-unit>
<trans-unit id="122"><source>Form title</source><target>Otsikko, oikea</target></trans-unit>
<trans-unit id="123"><source>Customise contents: use your own words to convince your target group. To change the title, introduction and background texts, copy the texts from the edit fields into a text editor, make your changes and paste them back into the edit fields. Thereafter, adapt the width and the colours to seamlessly integrate the widget into your website design.</source><target>Voit sisällyttää tämän sovelluksen nettisivuillesi tai blogiin. Kutsumme sitä minisovellukseksi. Muokkaa sisältöä: käytä omia sanojasi vakuuttaaksesi kohderyhmäsi. Muuttaaksesi otsikkoa, johdantoa ja taustatekstejä kopioi tekstit editointikentistä tekstieditoriin, tee muutoksesi ja liitä ne takaisibn editointikenttiin. Sen jälkeen sovita minisovelluksen leveys ja värit integroidaksesi sovellus nettisivujesi muotoiluun.</target></trans-unit>
<trans-unit id="124"><source>Title</source><target>Otsikko</target></trans-unit>
<trans-unit id="125"><source>Target, Subheading</source><target>Kohde/kohteet tai aliotsikko</target></trans-unit>
<trans-unit id="126"><source>Intro</source><target>Intro</target></trans-unit>
<trans-unit id="127"><source>Body</source><target>Sisältö</target></trans-unit>
<trans-unit id="128"><source>Footer</source><target>Alatunniste</target></trans-unit>
<trans-unit id="129"><source>Subject</source><target>Aihe</target></trans-unit>
<trans-unit id="130"><source>Email body</source><target>Sähköpostin sisältö</target></trans-unit>
<trans-unit id="131"><source>Choose 'Embed' to have this box ("widget") embedded into your webpage, including texts and action-form. Visitors can instantly read all and take action. However, you need at least 440px width to embed the widget. Choose 'Popup' if you lack sufficient space on your webpage. You will get a small box ("teaser") with flexible width (at least 150px). If visitors click on the teaser, the big action-widget pops up.</source><target>Valitse 'sisällytä' sisällyttääksesi tämä laatikko ("minisovellus") nettisivuillesi, ml. teksti ja toimenpidelomake. Vierailijat voivat lukea suoraan kaiken ja osallistua. Tarvitset kuitenkin vähintään 440 pikselin leveyden sisällyttääksesi laatikon sivuillesi. Valitse  'ponnahdus' jos sivuillasi ei ole tarpeeksi tilaa. Saat pienen laatikon ("teaser") joustavalla leveydellä (väh. 150 pikseliä). Jos vierailija klikkaa teaseria, iso toimenpidesovellus ponnahtaa esille.</target></trans-unit>
<trans-unit id="166"><source>Target #</source><target>Tavoite #</target></trans-unit>
<trans-unit id="201"><source>Hello</source><target>Hei</target></trans-unit>
<trans-unit id="202"><source>Dear Madam %F %L,</source><target>Hyvä %F %L,</target></trans-unit>
<trans-unit id="203"><source>Dear Sir %F %L,</source><target>Hyvä %F %L,</target></trans-unit>
<trans-unit id="204"><source>Dear Sir/Madam %F %L,</source><target>Hyvä %F %L,</target></trans-unit>
<trans-unit id="301"><source>Yes</source><target>Kyllä </target></trans-unit>
<trans-unit id="302"><source>No</source><target>Ei </target></trans-unit>
<trans-unit id="303"><source>No comment</source><target>No comment </target></trans-unit>
<trans-unit id="304"><source>Secure your pledge page with a password (optional).</source><target>Suojaa lupaus sivu salasana (valinnainen). </target></trans-unit>
<trans-unit id="305"><source>Change your password (optional).</source><target>Vaihda salasana (valinnainen). </target></trans-unit>
<trans-unit id="306"><source>Passwords do not match.</source><target>Salasanat eivät täsmää. </target></trans-unit>
<trans-unit id="307"><source>Password is too short. Use at least 8 characters.</source><target>Salasana on liian lyhyt. Käytä vähintään 8 merkkiä. </target></trans-unit>
<trans-unit id="308"><source>Save &amp; submit my pledges</source><target>Tallenna ja lähetä minun pantit </target></trans-unit>
<trans-unit id="309"><source>Please enter your password.</source><target>Kirjoita salasana. </target></trans-unit>
<trans-unit id="310"><source>Company</source><target>Yritys </target></trans-unit>
<trans-unit id="311"><source>Party</source><target>Poliittinen puolue </target></trans-unit>
<trans-unit id="312"><source>Electorate</source><target>Äänestäjäkunta</target></trans-unit>
<trans-unit id="313"><source>Recipients</source><target>Vastaanottajat </target></trans-unit>
<trans-unit id="314"><source>Read pledge text</source><target>Lue lupaus tekstiä. </target></trans-unit>
<trans-unit id="315"><source>Password</source><target>Salasana </target></trans-unit>
<trans-unit id="316"><source>Password again</source><target>Salasana uudelleen </target></trans-unit>
<trans-unit id="317"><source>Enter</source><target>Anna </target></trans-unit>
<trans-unit id="318"><source>I pledged on #DATE#</source><target>Olen luvannut on #DATE#</target></trans-unit>
<trans-unit id="400"><source>Attention: You will receive a confirmation email. Check your email inbox (and junk folder) now! To confirm your action, click the link given in the email.</source><target>Huomio: saat vahvistussähköpostin. Avaa sähköpostisi (tarkista tarpeen vaatiessa myös roskaposti). Vahvistaaksesi toimenpiteen klikkaa sähköpostissa olevaa linkkiä.</target></trans-unit>
<trans-unit id="401"><source>Attention: You've already taken part in this action (maybe on another website).</source><target>Huomio: Olet jo osallistunut tähän toimenpiteeseen (ehkä jollain toisella sivustolla).</target></trans-unit>
<trans-unit id="402"><source>Your email is being validated, please wait!</source><target>Sinun sähköpostiosoitetta vahvistetaan. Ole hyvä, odota!  </target></trans-unit>
<trans-unit id="403"><source>You verified your email address.</source><target>Olet vahvistanut sähköpostiosoitteesi. </target></trans-unit>
<trans-unit id="404"><source>Your action is confirmed.</source><target>Toimenpiteesi on vahvistettu. </target></trans-unit>
<trans-unit id="405"><source>Use this moment to tell friends and family.</source><target>Käytä pieni hetki kertoaksesi kavereille ja perheenjäsenille. </target></trans-unit>
<trans-unit id="406"><source>Your statement of support has been submitted successfully.</source><target>Kiitos osallistumisestasi! Olet allekirjoittanut ECI. </target></trans-unit>
<trans-unit id="407"><source>Signature identifier</source><target>Allekirjoituksesi rekisteröidään EU-kommissioon allekirjoittuksen tunnisteen kohtaan</target></trans-unit>
<trans-unit id="408"><source>Yes, please</source><target>Kyllä </target></trans-unit>
<trans-unit id="409"><source>No, thank you</source><target>Ei </target></trans-unit>
<trans-unit id="410"><source>Become part of the movement</source><target>Liity uutiskirjeeseen</target></trans-unit>
<trans-unit id="411"><source>Join now</source><target>Liity nyt </target></trans-unit>
<trans-unit id="412"><source>Confirm and continue</source><target>Hyväksy ja jatka</target></trans-unit>
<trans-unit id="413"><source>Skip and go directly to signing the initiative in step 2</source><target>Mene suoraan allekirjoittamaan aloite</target></trans-unit>
<trans-unit id="414"><source>Why do I have to share all this information?</source><target>Miksi minun pitää jakaa kaikki tämä tieto?</target></trans-unit>
<trans-unit id="415"><source>Your national government decides what information you need to provide for a European Citizens' Initiative so that your signature can be validated and counted. Therefore, please fill in all lines. (Your data will be transmitted securely and encrypted. Your data can only be accessed by national authorities for verification purposes.)</source><target>Kansallinen hallituksesi päättää, mitä tietoja sinun pitää antaa eurooppalaiseen kansalaisaloitteeseen, jotta allekirjoituksesi voidaan varmentaa ka laskea mukaan. Täytä siksi kaikki rivit. (Tietosi siirretään suojatusti ja salatusti. ECI-dataan saavat pääsyn vain kansalliset viranomaiset varmennustarkoituksia varten).</target></trans-unit>
<trans-unit id="416"><source>Sign up and become part of the movement.</source><target>&nbsp;</target></trans-unit>
</body>
</file>
</xliff>
