﻿<?xml version="1.0" encoding="UTF-8"?>
<!DOCTYPE xliff PUBLIC "-//XLIFF//DTD XLIFF//EN" "http://www.oasis-open.org/committees/xliff/documents/xliff.dtd">
<xliff version="1.0">
<file source-language="EN" target-language="pl" datatype="plaintext" original="messages" date="2010-04-08T13:53:17Z" product-name="messages">
<header/>
<body>
<trans-unit id="1"><source>Petition</source><target>Petycja</target></trans-unit>
<trans-unit id="2"><source>Email action</source><target>Akcja mailowa</target></trans-unit>
<trans-unit id="3"><source>Initiative</source><target>Inicjatywa</target></trans-unit>
<trans-unit id="4"><source>Appeal</source><target>Apel</target></trans-unit>
<trans-unit id="5"><source>Community</source><target>Społeczność</target></trans-unit>
<trans-unit id="6"><source>Newsletter</source><target>Newsletter</target></trans-unit>
<trans-unit id="7"><source>Join</source><target>Dołącz</target></trans-unit>
<trans-unit id="8"><source>Sign up</source><target>Podpisz</target></trans-unit>
<trans-unit id="9"><source>Sign up to the newsletter</source><target>Zapisz się do newslettera</target></trans-unit>
<trans-unit id="11"><source>Sign the Petition</source><target>Podpisz petycję</target></trans-unit>
<trans-unit id="12"><source>Send an Email</source><target>Wyślij mail</target></trans-unit>
<trans-unit id="13"><source>Support</source><target>Wsparcie</target></trans-unit>
<trans-unit id="14"><source>Take action</source><target>Działaj</target></trans-unit>
<trans-unit id="15"><source>Sign</source><target>Podpisz</target></trans-unit>
<trans-unit id="16"><source>Send</source><target>Wyślij</target></trans-unit>
<trans-unit id="17"><source>Subscribe</source><target>Zapisanie się</target></trans-unit>
<trans-unit id="18"><source>Support the initiative</source><target>Wesprzyj inicjatywę</target></trans-unit>
<trans-unit id="19"><source>Support the appeal</source><target>Wesprzyj apel</target></trans-unit>
<trans-unit id="20"><source>Join the community</source><target>Dołącz do społeczności</target></trans-unit>
<trans-unit id="21"><source>Name</source><target>Nazwa</target></trans-unit>
<trans-unit id="22"><source>Full name</source><target>Imię i nazwisko</target></trans-unit>
<trans-unit id="23"><source>First name</source><target>Imię</target></trans-unit>
<trans-unit id="24"><source>Last name</source><target>Nazwisko</target></trans-unit>
<trans-unit id="25"><source>Mr</source><target>Pan</target></trans-unit>
<trans-unit id="26"><source>Mrs</source><target>Pani</target></trans-unit>
<trans-unit id="27"><source>Mrs/Mr</source><target>Pani/Pan</target></trans-unit>
<trans-unit id="28"><source>City</source><target>Miasto</target></trans-unit>
<trans-unit id="29"><source>Post code</source><target>Kod pocztowy</target></trans-unit>
<trans-unit id="30"><source>Country</source><target>Państwo</target></trans-unit>
<trans-unit id="31"><source>Address</source><target>Adres</target></trans-unit>
<trans-unit id="32"><source>Email address</source><target>Adres e-mail</target></trans-unit>
<trans-unit id="33"><source>Personal comment</source><target>Komentarz</target></trans-unit>
<trans-unit id="34"><source>PP Heading</source><target>Polityka prywatności</target></trans-unit>
<trans-unit id="35"><source>I accept the _privacy policy_</source><target>Akceptuję _politykę prywatności_</target></trans-unit>
<trans-unit id="36"><source>Keep me posted on this and similar campaigns.</source><target>Informuj mnie o tej i podobnych kampaniach</target></trans-unit>
<trans-unit id="37"><source>Reminder:</source><target>Przypomnienie:</target></trans-unit>
<trans-unit id="38"><source>Thank you</source><target>Dziękujemy</target></trans-unit>
<trans-unit id="46"><source>Share</source><target>Przekaż dalej</target></trans-unit>
<trans-unit id="47"><source>Tell your friends</source><target>Zawiadom swoich przyjaciół</target></trans-unit>
<trans-unit id="48"><source>Separate email addresses with a comma.</source><target>Adresy e-mail oddziel przecinkami</target></trans-unit>
<trans-unit id="49"><source>We have sent an email with information about this campaign to the address(es) specified.</source><target>Wysłaliśmy e-mail z informacją o tej kampanii na podane adresy.</target></trans-unit>
<trans-unit id="50"><source>Donate</source><target>Dorzuć się</target></trans-unit>
<trans-unit id="51"><source>Help us fund this campaign. Give whatever you can now using the safe and secure paypal form below.</source><target>Nazwa</target></trans-unit>
<trans-unit id="52"><source>Amount</source><target>Kwota</target></trans-unit>
<trans-unit id="53"><source>Last signers</source><target>Ostatnio podpisy</target></trans-unit>
<trans-unit id="54"><source>All signers</source><target>Wszystkie podpisy</target></trans-unit>
<trans-unit id="61"><source>Back</source><target>Wstecz</target></trans-unit>
<trans-unit id="62"><source>Background</source><target>Tło</target></trans-unit>
<trans-unit id="63"><source>Read more</source><target>Czytaj więcej</target></trans-unit>
<trans-unit id="64"><source>More actions</source><target>Rozpocznik swoją petycję!</target></trans-unit>
<trans-unit id="66"><source># Participants</source><target># uczestników</target></trans-unit>
<trans-unit id="67"><source># emails sent</source><target># wysłanych maili</target></trans-unit>
<trans-unit id="68"><source>The action starts on #DATE#. Stay tuned and spread the word!</source><target>Ta akcja rozpoczyna się w dniu #DATE#. Bądź na bieżąco i zmobilizuj innych!</target></trans-unit>
<trans-unit id="69"><source>This action is over. Thanks to the #COUNTER# people who signed-up!</source><target>Ta akcja jest zakończona. Podziękowania dla #COUNTER# osób, które się podpisały!</target></trans-unit>
<trans-unit id="70"><source>select</source><target>Wybierz</target></trans-unit>
<trans-unit id="71"><source>select all</source><target>Wyślij do wszystkich</target></trans-unit>
<trans-unit id="72"><source>Recipient(s)</source><target>Odbiorcy</target></trans-unit>
<trans-unit id="81"><source>Embed this</source><target>Wstaw to</target></trans-unit>
<trans-unit id="82"><source>Organisation</source><target>Organizacja</target></trans-unit>
<trans-unit id="83"><source>Register your widget</source><target>Zarejestruj widget</target></trans-unit>
<trans-unit id="84"><source>Generate widget</source><target>Generuj widget</target></trans-unit>
<trans-unit id="85"><source>Change widget</source><target>Miasto</target></trans-unit>
<trans-unit id="86"><source>Embed this code</source><target>Wstaw ten kod</target></trans-unit>
<trans-unit id="101"><source>Customise your widget</source><target>Zmodyfikuj swój widget</target></trans-unit>
<trans-unit id="102"><source>Widget type</source><target>Typ widgetu</target></trans-unit>
<trans-unit id="103"><source>Embed</source><target>Wstawienie</target></trans-unit>
<trans-unit id="104"><source>Popup</source><target>Popup</target></trans-unit>
<trans-unit id="105"><source>Email Validation Landingpage - auto forwarding to external page</source><target>Strona potwierdzenia e-mail - nastąpi automatyczne przekierowanie</target></trans-unit>
<trans-unit id="106"><source>Width</source><target>Szerokość</target></trans-unit>
<trans-unit id="107"><source>You may define a precise widget width. Select "auto" and the widget will adapt to the space available (max: 1000px). Should there be less than 440px width available, contents will display in one column (instead of two) with the sign-on-form below the petition text. On mobile devices with less than 768px device-width, the widget-width is set to 360px for smooth reading on smartphones.</source><target>Możesz określić dokładną szerokość widgetu. Wybierz "auto" i widget będzie dostosować się do dostępnej przestrzeni (max: 1000px). Powinny tam być mniejsza niż 440px szerokości dostępne, zawartość wyświetli się w jednej kolumnie (zamiast dwóch) ze znakiem-na-formularza poniżej tekstu petycji. Na urządzeniach mobilnych z urządzenia mniej niż 768px szerokości, szerokość widgetu jest ustawiona na 360px dla sprawnego czytania na smartfonach.</target></trans-unit>
<trans-unit id="108"><source>Text title</source><target>Tytuł, w lewo </target></trans-unit>
<trans-unit id="109"><source>Text body</source><target>Tekst </target></trans-unit>
<trans-unit id="110"><source>Button</source><target>przycisk </target></trans-unit>
<trans-unit id="111"><source>Backgr left</source><target>Obszar, w lewo </target></trans-unit>
<trans-unit id="121"><source>Backgr right</source><target>Obszar, w prawo </target></trans-unit>
<trans-unit id="122"><source>Form title</source><target>Tytuł, prawa</target></trans-unit>
<trans-unit id="123"><source>Customise contents: use your own words to convince your target group. To change the title, introduction and background texts, copy the texts from the edit fields into a text editor, make your changes and paste them back into the edit fields. Thereafter, adapt the width and the colours to seamlessly integrate the widget into your website design.</source><target>Dostosuj zawartość: używać własnych słów, aby przekonać swoją grupę docelową. Aby zmienić tytuł, Wprowadzenie i teksty, kopiowanie tekstów z pól edycyjnych w edytorze tekstu, wprowadź zmiany i przenieść je z powrotem do pola edycji. Następnie dostosować szerokość i kolory, aby bezproblemowo zintegrować widget na swojej stronie projektu. </target></trans-unit>
<trans-unit id="124"><source>Title</source><target>tytuł </target></trans-unit>
<trans-unit id="125"><source>Target, Subheading</source><target>podtytuł </target></trans-unit>
<trans-unit id="126"><source>Intro</source><target>Wprowadzenie </target></trans-unit>
<trans-unit id="127"><source>Body</source><target>tekst petycji </target></trans-unit>
<trans-unit id="128"><source>Footer</source><target>zamykanie tekst </target></trans-unit>
<trans-unit id="129"><source>Subject</source><target>Temat </target></trans-unit>
<trans-unit id="130"><source>Email body</source><target>Treść wiadomości </target></trans-unit>
<trans-unit id="131"><source>Choose 'Embed' to have this box ("widget") embedded into your webpage, including texts and action-form. Visitors can instantly read all and take action. However, you need at least 440px width to embed the widget. Choose 'Popup' if you lack sufficient space on your webpage. You will get a small box ("teaser") with flexible width (at least 150px). If visitors click on the teaser, the big action-widget pops up.</source><target>Wybierz 'Embed', aby osadzić tę ramkę ("widget") na swojej stronie internetowej, włącznie z tekstami i formularzem akcji. Odwiedzający mogą natychmiast przeczytać wszystko i podjąć działanie. Jednak potrzebujesz przynajmniej 440px na szerokości, aby wstawić widget. Wybierz 'Popup', jeśli nie masz dostatecznego miejsca na swojej stronie internetowej. Uzyskasz małą ramkę ("teaser") o elastycznej szerokości (przynajmniej 150px). Jeśli odwiedzający kliknie na "teasera", wyskoczy duży widget.</target></trans-unit>
<trans-unit id="166"><source>Target #</source><target>#</target></trans-unit>
<trans-unit id="201"><source>Hello</source><target>Witaj</target></trans-unit>
<trans-unit id="202"><source>Dear Madam %F %L,</source><target>Szanowna Pani %L,</target></trans-unit>
<trans-unit id="203"><source>Dear Sir %F %L,</source><target>Szanowny Panie %L,</target></trans-unit>
<trans-unit id="204"><source>Dear Sir/Madam %F %L,</source><target>Szanowni %F %L</target></trans-unit>
<trans-unit id="301"><source>Yes</source><target>Tak </target></trans-unit>
<trans-unit id="302"><source>No</source><target>Nie </target></trans-unit>
<trans-unit id="303"><source>No comment</source><target>bez komentarza </target></trans-unit>
<trans-unit id="304"><source>Secure your pledge page with a password (optional).</source><target>Zabezpiecz swoją stronę zastawu hasłem (opcja). </target></trans-unit>
<trans-unit id="305"><source>Change your password (optional).</source><target>Zmień swoje hasło (opcjonalnie). </target></trans-unit>
<trans-unit id="306"><source>Passwords do not match.</source><target>Hasła nie są identyczne. </target></trans-unit>
<trans-unit id="307"><source>Password is too short. Use at least 8 characters.</source><target>Hasło jest zbyt krótkie. Użyj co najmniej 8 znaków. </target></trans-unit>
<trans-unit id="308"><source>Save &amp; submit my pledges</source><target>Zapisać i przedstawić swoje zobowiązania </target></trans-unit>
<trans-unit id="309"><source>Please enter your password.</source><target>Proszę wpisać swoje hasło. </target></trans-unit>
<trans-unit id="310"><source>Company</source><target>Firma </target></trans-unit>
<trans-unit id="311"><source>Party</source><target>partia polityczna </target></trans-unit>
<trans-unit id="312"><source>Electorate</source><target>elektorat </target></trans-unit>
<trans-unit id="313"><source>Recipients</source><target>odbiorcy </target></trans-unit>
<trans-unit id="314"><source>Read pledge text</source><target>Przeczytaj tekst zastawu. </target></trans-unit>
<trans-unit id="315"><source>Password</source><target>Hasło </target></trans-unit>
<trans-unit id="316"><source>Password again</source><target>Hasło jeszcze raz </target></trans-unit>
<trans-unit id="317"><source>Enter</source><target>Wprowadź </target></trans-unit>
<trans-unit id="318"><source>I pledged on #DATE#</source><target>Postanowiłem na #DATE#</target></trans-unit>
<trans-unit id="400"><source>Attention: You will receive a confirmation email. Check your email inbox (and junk folder) now! To confirm your action, click the link given in the email.</source><target>Uwaga: Otrzymasz e-mail z potwierdzeniem. Sprawdź swoją skrzynkę pocztową (i folder spam)! Aby potwierdzić swój głos, kliknij w link podany w e-mailu.</target></trans-unit>
<trans-unit id="401"><source>Attention: You've already taken part in this action (maybe on another website).</source><target>Uwaga: wziąleś już udział w tej akcji (być może na innej stronie internetowej).</target></trans-unit>
<trans-unit id="402"><source>Your email is being validated, please wait!</source><target>Twój e-mail jest potwierdzany, prosimy czekać!</target></trans-unit>
<trans-unit id="403"><source>You verified your email address.</source><target>Zweryfikowałeś swój adres e-mal. </target></trans-unit>
<trans-unit id="404"><source>Your action is confirmed.</source><target> Twój udział w akcji jest potwierdzony. </target></trans-unit>
<trans-unit id="405"><source>Use this moment to tell friends and family.</source><target> Wykorzystaj ten moment, aby powiadomić przyjaciół i rodzinę. </target></trans-unit>
<trans-unit id="406"><source>Your statement of support has been submitted successfully.</source><target>Dziękujemy za udział! Podpisałeś(-aś) ECI. </target></trans-unit>
<trans-unit id="407"><source>Signature identifier</source><target>Twój podpis zostanie zarejestrowany w Komisji Europejskiej pod identyfikatorem podpisu</target></trans-unit>
<trans-unit id="408"><source>Yes, please</source><target>Tak, proszę</target></trans-unit>
<trans-unit id="409"><source>No, thank you</source><target>Nie, dziękuję</target></trans-unit>
<trans-unit id="410"><source>Become part of the movement</source><target>Zapisz się do newslettera</target></trans-unit>
<trans-unit id="411"><source>Join now</source><target>Dołącz teraz</target></trans-unit>
<trans-unit id="412"><source>Confirm and continue</source><target>Potwierdź i kontynuuj</target></trans-unit>
<trans-unit id="413"><source>Skip and go directly to signing the initiative in step 2</source><target>Pomiń i przejdź bezpośrednio do podpisania inicjatywy w kroku 2</target></trans-unit>
<trans-unit id="414"><source>Why do I have to share all this information?</source><target>Dlaczego muszę udostępniać wszystkie te dane?</target></trans-unit>
<trans-unit id="415"><source>Your national government decides what information you need to provide for a European Citizens' Initiative so that your signature can be validated and counted. Therefore, please fill in all lines. (Your data will be transmitted securely and encrypted. Your data can only be accessed by national authorities for verification purposes.)</source><target>Twój rząd decyduje, jakie informacje są Ci potrzebne do przedstawienia Europejskiej Inicjatywy Obywatelskiej (ECI), aby Twój podpis mógł zostać zatwierdzony i policzony. Dlatego też prosimy o wypełnienie wszystkich wierszy. (Twoje dane będą przesyłane w sposób bezpieczny i zaszyfrowany.  Dostęp do danych Europejskiej Inicjatywy Obywatelskiej mogą mieć jedynie władze krajowe w celu weryfikacji).</target></trans-unit>
<trans-unit id="416"><source>Sign up and become part of the movement.</source><target>&nbsp;</target></trans-unit>
</body>
</file>
</xliff>