﻿<?xml version="1.0" encoding="UTF-8"?>
<!DOCTYPE xliff PUBLIC "-//XLIFF//DTD XLIFF//EN" "http://www.oasis-open.org/committees/xliff/documents/xliff.dtd">
<xliff version="1.0">
<file source-language="EN" target-language="hu" datatype="plaintext" original="messages" date="2020-03-08T13:53:17Z" product-name="messages">
<header/>
<body>
<trans-unit id="1"><source>Petition</source><target>Petíció</target></trans-unit>
<trans-unit id="2"><source>Email action</source><target>E-mail akció</target></trans-unit>
<trans-unit id="3"><source>Initiative</source><target>Kezdeményezés</target></trans-unit>
<trans-unit id="4"><source>Appeal</source><target>Felhívás</target></trans-unit>
<trans-unit id="5"><source>Community</source><target>Közösség</target></trans-unit>
<trans-unit id="6"><source>Newsletter</source><target>Hírlevél</target></trans-unit>
<trans-unit id="7"><source>Join</source><target>Csatlakozz</target></trans-unit>
<trans-unit id="8"><source>Sign up</source><target>Feliratkozás</target></trans-unit>
<trans-unit id="9"><source>Sign up to the newsletter</source><target>Feliratkozás a hírlevélre</target></trans-unit>
<trans-unit id="11"><source>Sign the Petition</source><target>Írd alá a petíciót</target></trans-unit>
<trans-unit id="12"><source>Send an Email</source><target>Küldj egy e-mailt</target></trans-unit>
<trans-unit id="13"><source>Support</source><target>Támogass</target></trans-unit>
<trans-unit id="14"><source>Take action</source><target>Cselekedj</target></trans-unit>
<trans-unit id="15"><source>Sign</source><target>Írd alá</target></trans-unit>
<trans-unit id="16"><source>Send</source><target>Küldés</target></trans-unit>
<trans-unit id="17"><source>Subscribe</source><target>Iratkozz fel</target></trans-unit>
<trans-unit id="18"><source>Support the initiative</source><target>Írd alá a kezdeményezést</target></trans-unit>
<trans-unit id="19"><source>Support the appeal</source><target>Támogasd a felhívást</target></trans-unit>
<trans-unit id="20"><source>Join the community</source><target>Csatlakozz a közösséghez</target></trans-unit>
<trans-unit id="21"><source>Name</source><target>Név</target></trans-unit>
<trans-unit id="22"><source>Full name</source><target>Teljes név</target></trans-unit>
<trans-unit id="23"><source>First name</source><target>Keresztnév</target></trans-unit>
<trans-unit id="24"><source>Last name</source><target>Vezetéknév</target></trans-unit>
<trans-unit id="25"><source>Mr</source><target>Úr</target></trans-unit>
<trans-unit id="26"><source>Mrs</source><target>Hölgy</target></trans-unit>
<trans-unit id="27"><source>Mrs/Mr</source><target>Hölgy/Úr</target></trans-unit>
<trans-unit id="28"><source>City</source><target>Város</target></trans-unit>
<trans-unit id="29"><source>Post code</source><target>Irányítószám</target></trans-unit>
<trans-unit id="30"><source>Country</source><target>Ország</target></trans-unit>
<trans-unit id="31"><source>Address</source><target>Cím</target></trans-unit>
<trans-unit id="32"><source>Email address</source><target>E-mail-cím</target></trans-unit>
<trans-unit id="33"><source>Personal comment</source><target>Megjegyzés</target></trans-unit>
<trans-unit id="34"><source>PP Heading</source><target>Adatvédelmi szabályzat</target></trans-unit>
<trans-unit id="35"><source>I accept the _privacy policy_</source><target>Elfogadom az _adatvédelmi szabályzatot_.</target></trans-unit>
<trans-unit id="36"><source>Keep me posted on this and similar campaigns.</source><target>Kérek további tájékoztatást erről a kampányról és más hasonló kezdeményezésekről.</target></trans-unit>
<trans-unit id="37"><source>Reminder:</source><target>Emlékeztető:</target></trans-unit>
<trans-unit id="38"><source>Thank you</source><target>Köszönjük</target></trans-unit>
<trans-unit id="46"><source>Share</source><target>Megosztás</target></trans-unit>
<trans-unit id="47"><source>Tell your friends</source><target>Mondd el barátaidnak</target></trans-unit>
<trans-unit id="48"><source>Separate email addresses with a comma.</source><target>Az e-mail-címeket vesszővel elválasztva add meg.</target></trans-unit>
<trans-unit id="49"><source>We have sent an email with information about this campaign to the address(es) specified.</source><target>A megadott e-mail-cím(ek)re elküldtünk egy e-mailt a kampányról szóló információkkal.</target></trans-unit>
<trans-unit id="50"><source>Donate</source><target>Adományozás</target></trans-unit>
<trans-unit id="51"><source>Help us fund this campaign. Give whatever you can now using the safe and secure paypal form below.</source><target>Segíts nekünk a kampány finanszírozásában! Adj, amennyit tudsz a lenti biztonságos paypal-űrlap kitöltésével!</target></trans-unit>
<trans-unit id="52"><source>Amount</source><target>Összeg</target></trans-unit>
<trans-unit id="53"><source>Last signers</source><target>Utolsó aláírók</target></trans-unit>
<trans-unit id="54"><source>All signers</source><target>Az összes aláíró</target></trans-unit>
<trans-unit id="61"><source>Back</source><target>Vissza</target></trans-unit>
<trans-unit id="62"><source>Background</source><target>Háttér</target></trans-unit>
<trans-unit id="63"><source>Read more</source><target>További részletek</target></trans-unit>
<trans-unit id="64"><source>More actions</source><target>Indítsd el a saját petíciódat!</target></trans-unit>
<trans-unit id="66"><source># Participants</source><target># résztvevő</target></trans-unit>
<trans-unit id="67"><source># emails sent</source><target># elküldött e-mail</target></trans-unit>
<trans-unit id="68"><source>The action starts on #DATE#. Stay tuned and spread the word!</source><target>Az akció #DATE#-én kezdődik. Segíts nekünk és terjeszd a hírt!</target></trans-unit>
<trans-unit id="69"><source>This action is over. Thanks to the #COUNTER# people who signed-up!</source><target>Ez az akció véget ért. Köszönjük a #COUNTER# aláírónak!</target></trans-unit>
<trans-unit id="70"><source>select</source><target>Kiválaszt</target></trans-unit>
<trans-unit id="71"><source>select all</source><target>Küldés mindenkinek</target></trans-unit>
<trans-unit id="72"><source>Recipient(s)</source><target>Címzett(ek)</target></trans-unit>
<trans-unit id="81"><source>Embed this</source><target>Ágyazd be ezt</target></trans-unit>
<trans-unit id="82"><source>Organisation</source><target>Szervezet</target></trans-unit>
<trans-unit id="83"><source>Register your widget</source><target>Regisztráld a modulodat</target></trans-unit>
<trans-unit id="84"><source>Generate widget</source><target>Modul létrehozása</target></trans-unit>
<trans-unit id="85"><source>Change widget</source><target>Modul módosítása</target></trans-unit>
<trans-unit id="86"><source>Embed this code</source><target>Kód beágyazása</target></trans-unit>
<trans-unit id="101"><source>Customise your widget</source><target>Szabd testre a modulodat</target></trans-unit>
<trans-unit id="102"><source>Widget type</source><target>Modul típus</target></trans-unit>
<trans-unit id="103"><source>Embed</source><target>Beágyazás</target></trans-unit>
<trans-unit id="104"><source>Popup</source><target>Felugró ablak</target></trans-unit>
<trans-unit id="105"><source>Email Validation Landingpage - auto forwarding to external page</source><target>A céloldal érvényesítési e-mailje - automatikus átirányítás egy külső oldalra</target></trans-unit>
<trans-unit id="106"><source>Width</source><target>Szélesség</target></trans-unit>
<trans-unit id="107"><source>You may define a precise widget width. Select "auto" and the widget will adapt to the space available (max: 1000px). Should there be less than 440px width available, contents will display in one column (instead of two) with the sign-on-form below the petition text. On mobile devices with less than 768px device-width, the widget-width is set to 360px for smooth reading on smartphones.</source><target>Megadhatsz egy pontos modul szélességet. Válaszd az "auto" lehetőséget, és a modul alkalmazkodik a rendelkezésre álló helyhez (max: 1000px). Ha 440px-nél kisebb szélesség áll rendelkezésre, a tartalom egy oszlopban jelenik meg (kettő helyett), a jelentkezési lap pedig a petíciószöveg alatt. A 768px-nél kisebb szélességű mobileszközökön a modul-szélesség 360px-re van állítva az okostelefonok zökkenőmentes olvasásához.</target></trans-unit>
<trans-unit id="108"><source>Text title</source><target>Cím, baloldalon</target></trans-unit>
<trans-unit id="109"><source>Text body</source><target>Szöveg</target></trans-unit>
<trans-unit id="110"><source>Button</source><target>Gomb</target></trans-unit>
<trans-unit id="111"><source>Backgr left</source><target>Háttér, baloldalon</target></trans-unit>
<trans-unit id="121"><source>Backgr right</source><target>Háttér jobboldalon</target></trans-unit>
<trans-unit id="122"><source>Form title</source><target>Cím, jobboldalon</target></trans-unit>
<trans-unit id="123"><source>Customise contents: use your own words to convince your target group. To change the title, introduction and background texts, copy the texts from the edit fields into a text editor, make your changes and paste them back into the edit fields. Thereafter, adapt the width and the colours to seamlessly integrate the widget into your website design.</source><target>A tartalom testreszabása: használd a saját szavaidat, hogy meggyőzd a célcsoportodat. A cím, a bevezetés és a háttérszövegek módosításához másold át a szerkesztési mezőkből a szöveget egy szövegszerkesztőbe, teddd meg a módosításokat és illeszd be őket a szerkesztési mezőkbe. Ezután alkalmazkodj a szélességhez és a színekhez, hogy zökkenőmentesen integráld a modult a weblaptervezésbe.</target></trans-unit>
<trans-unit id="124"><source>Title</source><target>Cím</target></trans-unit>
<trans-unit id="125"><source>Target, Subheading</source><target>Célcsoport, alcím</target></trans-unit>
<trans-unit id="126"><source>Intro</source><target>Bevezető</target></trans-unit>
<trans-unit id="127"><source>Body</source><target>Szövegtest</target></trans-unit>
<trans-unit id="128"><source>Footer</source><target>Lábléc</target></trans-unit>
<trans-unit id="129"><source>Subject</source><target>Tárgy</target></trans-unit>
<trans-unit id="130"><source>Email body</source><target>E-mail szövege</target></trans-unit>
<trans-unit id="131"><source>Choose 'Embed' to have this box ("widget") embedded into your webpage, including texts and action-form. Visitors can instantly read all and take action. However, you need at least 440px width to embed the widget. Choose 'Popup' if you lack sufficient space on your webpage. You will get a small box ("teaser") with flexible width (at least 150px). If visitors click on the teaser, the big action-widget pops up.</source><target>Válaszd a "Beágyazás" opciót, hogy ez a mező ("modul") beágyazódjon a weboldalába, beleértve a szövegeket és a cselekvési űrlapot is. A látogatók azonnal olvashatják és cselekedhetnek. A modul beágyazásához azonban legalább 440px szélességre van szükség. Ha nem rendelkezel elegendő hellyel a webhelyeden, válaszd a "Felugró ablak" lehetőséget. Kapsz egy kis dobozt ("teaser") rugalmas szélességgel (legalább 150x). Ha a látogatók rákattintanak a teaserre, megjelenik a nagy akció-modul.</target></trans-unit>
<trans-unit id="166"><source>Target #</source><target>#. célcsoport</target></trans-unit>
<trans-unit id="201"><source>Hello</source><target>Szia</target></trans-unit>
<trans-unit id="202"><source>Dear Madam %F %L,</source><target>Kedves %F %L,</target></trans-unit>
<trans-unit id="203"><source>Dear Sir %F %L,</source><target>Kedves %F %L,</target></trans-unit>
<trans-unit id="204"><source>Dear Sir/Madam %F %L,</source><target>Kedves %F %L,</target></trans-unit>
<trans-unit id="301"><source>Yes</source><target>Igen</target></trans-unit>
<trans-unit id="302"><source>No</source><target>Nem</target></trans-unit>
<trans-unit id="303"><source>No comment</source><target>Nincs megjegyzés</target></trans-unit>
<trans-unit id="304"><source>Secure your pledge page with a password (optional).</source><target>Biztosítsd az oldalt jelszóval (opcionális)</target></trans-unit>
<trans-unit id="305"><source>Change your password (optional).</source><target>Jelszóváltoztatás (opcionális)</target></trans-unit>
<trans-unit id="306"><source>Passwords do not match.</source><target>A jelszavak nem egyeznek.</target></trans-unit>
<trans-unit id="307"><source>Password is too short. Use at least 8 characters.</source><target>A jelszó túl rövid. Haszálj legalább 8 karaktert.</target></trans-unit>
<trans-unit id="308"><source>Save &amp; submit my pledges</source><target>Mentés; vállalásaim elküldése</target></trans-unit>
<trans-unit id="309"><source>Please enter your password.</source><target>Kérünk, add meg a jelszavadat.</target></trans-unit>
<trans-unit id="310"><source>Company</source><target>Cég</target></trans-unit>
<trans-unit id="311"><source>Party</source><target>Párt</target></trans-unit>
<trans-unit id="312"><source>Electorate</source><target>Választó testület</target></trans-unit>
<trans-unit id="313"><source>Recipients</source><target>Címzettek</target></trans-unit>
<trans-unit id="314"><source>Read pledge text</source><target>A vállalási szöveg olvasása</target></trans-unit>
<trans-unit id="315"><source>Password</source><target>Jelszó</target></trans-unit>
<trans-unit id="316"><source>Password again</source><target>Jelszó újra</target></trans-unit>
<trans-unit id="317"><source>Enter</source><target>Belépés</target></trans-unit>
<trans-unit id="318"><source>I pledged on #DATE#</source><target>Vállalást tettem #DATE#-án</target></trans-unit>
<trans-unit id="400"><source>Attention: You will receive a confirmation email. Check your email inbox (and junk folder) now! To confirm your action, click the link given in the email.</source><target>Figyelem: Kapni fogsz egy megerősítő e-mailt. Nézd meg az e-mail-fiókodat (és a Spam mappát). Az akciód visszaigazolásához kattints az e-mailben található linkre.</target></trans-unit>
<trans-unit id="401"><source>Attention: You've already taken part in this action (maybe on another website).</source><target>Figyelem: Te már részt vettél ebben az akcióban (lehet, hogy egy másik weboldalon).</target></trans-unit>
<trans-unit id="402"><source>Your email is being validated, please wait!</source><target>E-mail-címedet jelenleg ellenőrzik, kérjük várj!</target></trans-unit>
<trans-unit id="403"><source>You verified your email address.</source><target>Megerősítetted az e-mail-címedet.</target></trans-unit>
<trans-unit id="404"><source>Your action is confirmed.</source><target>Az akciódat visszaigazolták.</target></trans-unit>
<trans-unit id="405"><source>Use this moment to tell friends and family.</source><target>Használd ki ezt a pillanatot arra, hogy megosztod barátaiddal és családoddal.</target></trans-unit>
<trans-unit id="406"><source>Your statement of support has been submitted successfully.</source><target>Köszönjük részvételét!  Ön aláírta az európai polgári kezdeményezést. </target></trans-unit>
<trans-unit id="407"><source>Signature identifier</source><target>Az Európai Bizottság az Ön aláírását az alábbi azonosítószám alatt tartja nyilván</target></trans-unit>
<trans-unit id="408"><source>Yes, please</source><target>Igen, kérem</target></trans-unit>
<trans-unit id="409"><source>No, thank you</source><target>Nem.</target></trans-unit>
<trans-unit id="410"><source>Become part of the movement</source><target>Feliratkozás a hírlevélre</target></trans-unit>
<trans-unit id="411"><source>Join now</source><target>Csatlakozz most</target></trans-unit>
<trans-unit id="412"><source>Confirm and continue</source><target>Megerősítés és folytatás.</target></trans-unit>
<trans-unit id="413"><source>Skip and go directly to signing the initiative in step 2</source><target>Kihagyás és továbblépés közvetlenül a kezdeményezés 2. fokára</target></trans-unit>
<trans-unit id="414"><source>Why do I have to share all this information?</source><target>Miért kell megadnom mindezeket az információkat?</target></trans-unit>
<trans-unit id="415"><source>Your national government decides what information you need to provide for a European Citizens' Initiative so that your signature can be validated and counted. Therefore, please fill in all lines. (Your data will be transmitted securely and encrypted. Your data can only be accessed by national authorities for verification purposes.)</source><target>Az Ön nemzeti kormánya dönti el, hogy milyen információkat kell megadnia az európai polgári kezdeményezéshez annak érdekében, hogy aláírása érvényes és számlálható legyen.  Kérjük, töltse ki az összes sort. (Adatait biztonságosan és titkosítva továbbítjuk. Az adatokhoz csak a nemzeti hatóságok férhetnek hozzá ellenőrzés céljából.)</target></trans-unit>
<trans-unit id="416"><source>Sign up and become part of the movement.</source><target>&nbsp;</target></trans-unit>
</body>
</file>
</xliff>