﻿<?xml version="1.0" encoding="UTF-8"?>
<!DOCTYPE xliff PUBLIC "-//XLIFF//DTD XLIFF//EN" "http://www.oasis-open.org/committees/xliff/documents/xliff.dtd">
<xliff version="1.0">
<file source-language="EN" target-language="ca" datatype="plaintext" original="messages" date="2019-01-29T13:53:17Z" product-name="messages">
<header/>
<body>
<trans-unit id="1"><source>Petition</source><target>Petició</target></trans-unit>
<trans-unit id="2"><source>Email action</source><target>Correu electrònic</target></trans-unit>
<trans-unit id="3"><source>Initiative</source><target>Iniciativa</target></trans-unit>
<trans-unit id="4"><source>Appeal</source><target>Sol·licitud</target></trans-unit>
<trans-unit id="5"><source>Community</source><target>Comunitat</target></trans-unit>
<trans-unit id="6"><source>Newsletter</source><target>Newsletter</target></trans-unit>
<trans-unit id="7"><source>Join</source><target>Uneix-te</target></trans-unit>
<trans-unit id="8"><source>Sign up</source><target>Registra't</target></trans-unit>
<trans-unit id="9"><source>Sign up to the newsletter</source><target>Subscriu-te al nostre newsletter</target></trans-unit>
<trans-unit id="11"><source>Sign the Petition</source><target>Firma la petició</target></trans-unit>
<trans-unit id="12"><source>Send an Email</source><target>Envia un correu electrònic</target></trans-unit>
<trans-unit id="13"><source>Support</source><target>Dóna suport</target></trans-unit>
<trans-unit id="14"><source>Take action</source><target>Prendre acció</target></trans-unit>
<trans-unit id="15"><source>Sign</source><target>Signar</target></trans-unit>
<trans-unit id="16"><source>Send</source><target>Enviar</target></trans-unit>
<trans-unit id="17"><source>Subscribe</source><target>Subscriu-te</target></trans-unit>
<trans-unit id="18"><source>Support the initiative</source><target>Dóna suport a la iniciativa</target></trans-unit>
<trans-unit id="19"><source>Support the appeal</source><target>Dóna suport a la sol·licitud</target></trans-unit>
<trans-unit id="20"><source>Join the community</source><target>Uneix-te a la comunitat</target></trans-unit>
<trans-unit id="21"><source>Name</source><target>Nom</target></trans-unit>
<trans-unit id="22"><source>Full name</source><target>Nom complet</target></trans-unit>
<trans-unit id="23"><source>First name</source><target>Nom de pila</target></trans-unit>
<trans-unit id="24"><source>Last name</source><target>Cognom</target></trans-unit>
<trans-unit id="25"><source>Mr</source><target>Senyor</target></trans-unit>
<trans-unit id="26"><source>Mrs</source><target>Senyora</target></trans-unit>
<trans-unit id="27"><source>Mrs/Mr</source><target>Sra./Sr.</target></trans-unit>
<trans-unit id="28"><source>City</source><target>Ciutat</target></trans-unit>
<trans-unit id="29"><source>Post code</source><target>Codi postal</target></trans-unit>
<trans-unit id="30"><source>Country</source><target>País</target></trans-unit>
<trans-unit id="31"><source>Address</source><target>Adreça</target></trans-unit>
<trans-unit id="32"><source>Email address</source><target>Correu electrònic</target></trans-unit>
<trans-unit id="33"><source>Personal comment</source><target>Comentari</target></trans-unit>
<trans-unit id="34"><source>Privacy policy</source><target>Política de privacitat</target></trans-unit>
<trans-unit id="35"><source>Keep me posted on this and similar campaigns.</source><target>Mantingueu-me informat sobre aquesta i altres campanyes similars</target></trans-unit>
<trans-unit id="36"><source>Reminder:</source><target>Recordatori:</target></trans-unit>
<trans-unit id="37"><source>By signing, I agree with the _privacy policy_.</source><target>Signant estic d'acord amb la _política de privacitat_</target></trans-unit>
<trans-unit id="41"><source>Thank you</source><target>Gràcies</target></trans-unit>
<trans-unit id="42"><source>Attention: You will receive a confirmation email. Check your email inbox (and junk folder) now! To confirm your action, click the link given in the email.</source><target>Atenció: Rebràs un correu electrònic de confirmació. Revisa la teva safata d'entrada (i correu brossa) ara! Per a confirmar la teva acció, fes clic en l'enllaç donat en el correu electrònic.</target></trans-unit>
<trans-unit id="43"><source>Attention: You've already taken part in this action (maybe on another website).</source><target>Atenció: ja has participat en aquesta acció (potser en un altre pàgina web).</target></trans-unit>
<trans-unit id="44"><source>Your email is being validated, please wait!</source><target>El teu correu electrònic està sent validat, si us plau espera!</target></trans-unit>
<trans-unit id="45"><source>You verified your email address. Your action is confirmed. Use this moment to tell friends and family.</source><target>Has verificat la teva adreça de correu electrònic. La teva acció està confirmada. Aprofita aquest moment per parlar amb els teus amics i familiars.</target></trans-unit>
<trans-unit id="46"><source>Share</source><target>Comparteix</target></trans-unit>
<trans-unit id="47"><source>Tell your friends</source><target>Digues-li als teus amics</target></trans-unit>
<trans-unit id="48"><source>Separate email addresses with a comma.</source><target>Separa els correus electrònics amb una coma.</target></trans-unit>
<trans-unit id="49"><source>We have sent an email with information about this campaign to the address(es) specified.</source><target>Hem enviat un correu electrònic amb informació sobre aquesta campanya a les adreces especificades</target></trans-unit>
<trans-unit id="50"><source>Donate</source><target>Fes un donatiu</target></trans-unit>
<trans-unit id="51"><source>Help us fund this campaign. Give whatever you can now using the safe and secure paypal form below.</source><target>Ajuda'ns a finançar aquesta campanya. Dóna el que puguis fent servir el formulari segur de PayPal que es troba a continuació.</target></trans-unit>
<trans-unit id="52"><source>Amount</source><target>Quantitat</target></trans-unit>
<trans-unit id="53"><source>Last signers</source><target>Últims signants</target></trans-unit>
<trans-unit id="54"><source>All signers</source><target>Tots els signants</target></trans-unit>
<trans-unit id="61"><source>Back</source><target>Enrere</target></trans-unit>
<trans-unit id="62"><source>Background</source><target>Antecedents</target></trans-unit>
<trans-unit id="63"><source>Read more</source><target>llegeix més</target></trans-unit>
<trans-unit id="64"><source>More actions</source><target>Més accions</target></trans-unit>
<trans-unit id="65"><source>PP Heading</source><target>Política de privacitat</target></trans-unit>
<trans-unit id="66"><source># Participants</source><target># Participants</target></trans-unit>
<trans-unit id="67"><source># emails sent</source><target># correus electrònics enviats</target></trans-unit>
<trans-unit id="68"><source>The action starts on #DATE#. Stay tuned and spread the word!</source><target>L'acció comença el #DATE#. Estigues atent i difon la paraula!</target></trans-unit>
<trans-unit id="69"><source>This action is over. Thanks to the #COUNTER# people who signed-up!</source><target>Aquesta acció ha acabat. Gràcies a les #COUNTER# persones que es van registrar!</target></trans-unit>
<trans-unit id="70"><source>select</source><target>seleccionar</target></trans-unit>
<trans-unit id="71"><source>select all</source><target>seleccionar tot</target></trans-unit>
<trans-unit id="72"><source>Recipient(s)</source><target>Destinatari (s)</target></trans-unit>
<trans-unit id="81"><source>Embed this</source><target>Incrustar això</target></trans-unit>
<trans-unit id="82"><source>Organisation</source><target>Organització</target></trans-unit>
<trans-unit id="83"><source>Register your widget</source><target>Registra la teva eina</target></trans-unit>
<trans-unit id="84"><source>Generate widget</source><target>Genera la teva eina</target></trans-unit>
<trans-unit id="85"><source>Change widget</source><target>Canvia la teva eina</target></trans-unit>
<trans-unit id="86"><source>Embed this code</source><target>Incrusta aquest codi</target></trans-unit>
<trans-unit id="101"><source>Customise your widget</source><target>Personalitza la teva eina</target></trans-unit>
<trans-unit id="102"><source>Widget type</source><target>Tipus d'eina</target></trans-unit>
<trans-unit id="103"><source>Embed</source><target>Incrustat</target></trans-unit>
<trans-unit id="104"><source>Popup</source><target>finestra emergent</target></trans-unit>
<trans-unit id="105"><source>Email Validation Landingpage - auto forwarding to external page</source><target>Correu electrònic de validació de pàgina de destinació: redirecció automàtica a una pàgina externa</target></trans-unit>
<trans-unit id="106"><source>Width</source><target>Amplària</target></trans-unit>
<trans-unit id="107"><source>You may define a precise widget width. Select "auto" and the widget will adapt to the space available (max: 1000px). Should there be less than 440px width available, contents will display in one column (instead of two) with the sign-on-form below the petition text. On mobile devices with less than 768px device-width, the widget-width is set to 360px for smooth reading on smartphones.</source><target>Pots definir l’ample de la teva eina. Selecciona "auto" i l’eina s'adaptarà a l'espai disponible (max: 1000 px). Si hi hagués menys de 440 píxels d'ample disponible, els continguts es mostraran en una columna (en lloc de dos) amb el formulari d'inici de sessió sota el text de la petició. En dispositius mòbils amb menys de 768 píxels d'ample de dispositiu, l'ample de l’eina s'estableix en 360 píxels per a una lectura suau en els telèfons intel·ligents.</target></trans-unit>
<trans-unit id="108"><source>Text title</source><target>títol del text</target></trans-unit>
<trans-unit id="109"><source>Text body</source><target>cos del text</target></trans-unit>
<trans-unit id="110"><source>Button</source><target>botó</target></trans-unit>
<trans-unit id="111"><source>Backgr left</source><target>fons esquerre</target></trans-unit>
<trans-unit id="121"><source>Backgr right</source><target>fons dreta</target></trans-unit>
<trans-unit id="122"><source>Form title</source><target>títol del formulari</target></trans-unit>
<trans-unit id="123"><source>Customise contents: use your own words to convince your target group. To change the title, introduction and background texts, copy the texts from the edit fields into a text editor, make your changes and paste them back into the edit fields. Thereafter, adapt the width and the colours to seamlessly integrate the widget into your website design.</source><target>Personalitza els continguts: fes servir les teves pròpies paraules per a convèncer al teu grup objectiu. Per a canviar el títol, la introducció i els textos de fons, copia els textos dels camps d'edició en un editor de text, realitza els canvis i pega’ls novament en els camps d'edició. Després, adapta l'ample i els colors per a integrar perfectament l’eina en el disseny del teu lloc web.</target></trans-unit>
<trans-unit id="124"><source>Title</source><target>Títol</target></trans-unit>
<trans-unit id="125"><source>Target, Subheading</source><target>Objectiu, subtítol</target></trans-unit>
<trans-unit id="126"><source>Intro</source><target>Introducció</target></trans-unit>
<trans-unit id="127"><source>Body</source><target>Cos</target></trans-unit>
<trans-unit id="128"><source>Footer</source><target>Peu de pàgina</target></trans-unit>
<trans-unit id="129"><source>Subject</source><target>Assumpte</target></trans-unit>
<trans-unit id="130"><source>Email body</source><target>Cos del correu electrònic</target></trans-unit>
<trans-unit id="131"><source>Choose 'Embed' to have this box ("widget") embedded into your webpage, including texts and action-form. Visitors can instantly read all and take action. However, you need at least 440px width to embed the widget. Choose 'Popup' if you lack sufficient space on your webpage. You will get a small box ("teaser") with flexible width (at least 150px). If visitors click on the teaser, the big action-widget pops up.</source><target>Tria 'Incrustar' per a tenir aquest quadre ("l’eina") incrustat en la teva pàgina web, inclosos els textos i el formulari d'acció. Els visitants poden llegir tot instantàniament i prendre mesures. No obstant això, necessites almenys 440 píxels d'ample per a incrustar l’eina. Tria “finestra emergent” si no tens suficient espai en la teva pàgina web. Obtindràs una petita caixa ("teaser”) amb un ample flexible (almenys 150px). Si els visitants fan clic en el teaser, apareix la gran eina d'acció.</target></trans-unit>
<trans-unit id="166"><source>Target #</source><target>Objectiu #</target></trans-unit>
<trans-unit id="201"><source>Hello</source><target>Hola</target></trans-unit>
<trans-unit id="202"><source>Dear Madam %F %L,</source><target>Estimada senyora %F %L,</target></trans-unit>
<trans-unit id="203"><source>Dear Sir %F %L,</source><target>Estimat senyor %F %L,</target></trans-unit>
<trans-unit id="204"><source>Dear Sir/Madam %F %L,</source><target>Estimat senyor/senyora %F %L,</target></trans-unit>
<trans-unit id="301"><source>Yes</source><target>Sí</target></trans-unit>
<trans-unit id="302"><source>No</source><target>No</target></trans-unit>
<trans-unit id="303"><source>No comment</source><target>Sense comentaris</target></trans-unit>
<trans-unit id="304"><source>Secure your pledge page with a password (optional).</source><target>Assegura la teva pàgina de compromís amb una contrasenya (opcional).</target></trans-unit>
<trans-unit id="305"><source>Change your password (optional).</source><target>Canvia la teva contrasenya (opcional).</target></trans-unit>
<trans-unit id="306"><source>Passwords do not match.</source><target>Les contrasenyes no coincideixen</target></trans-unit>
<trans-unit id="307"><source>Password is too short. Use at least 8 characters.</source><target>La contrasenya és massa curta. Usa almenys 8 caràcters.</target></trans-unit>
<trans-unit id="308"><source>Save &amp; submit my pledges</source><target>Salva i usa; presentar els meus compromisos</target></trans-unit>
<trans-unit id="309"><source>Please enter your password.</source><target>Si us plau, introdueix la teva contrasenya.</target></trans-unit>
<trans-unit id="310"><source>Company</source><target>Empresa</target></trans-unit>
<trans-unit id="311"><source>Party</source><target>Partido</target></trans-unit>
<trans-unit id="312"><source>Electorate</source><target>Electorat</target></trans-unit>
<trans-unit id="313"><source>Recipients</source><target>Destinataris</target></trans-unit>
<trans-unit id="314"><source>Read pledge text</source><target>not super urgent</target></trans-unit>
<trans-unit id="315"><source>Password</source><target>Contrasenya</target></trans-unit>
<trans-unit id="316"><source>Password again</source><target>Contrasenta de nou</target></trans-unit>
<trans-unit id="317"><source>Enter</source><target>Entrar</target></trans-unit>
<trans-unit id="318"><source>I pledged on #DATE#</source><target>Jo em comprometo el #DATE#</target></trans-unit>
</body>
</file>
</xliff>
