﻿<?xml version="1.0" encoding="UTF-8"?>
<!DOCTYPE xliff PUBLIC "-//XLIFF//DTD XLIFF//EN" "http://www.oasis-open.org/committees/xliff/documents/xliff.dtd">
<xliff version="1.0">
<file source-language="EN" target-language="mt" datatype="plaintext" original="messages" date="2010-04-08T13:53:17Z" product-name="messages">
<header/>
<body>
<trans-unit id="1"><source>Petition</source><target>Petizzjoni</target></trans-unit>
<trans-unit id="2"><source>Email action</source><target>azzjoni email </target></trans-unit>
<trans-unit id="3"><source>Initiative</source><target>Inizjattiva </target></trans-unit>
<trans-unit id="4"><source>Appeal</source><target>Appell</target></trans-unit>
<trans-unit id="5"><source>Community</source><target>Komunità</target></trans-unit>
<trans-unit id="6"><source>Newsletter</source><target>aħbarijiet koalizzjoni </target></trans-unit>
<trans-unit id="7"><source>Join</source><target>Jingħaqdu</target></trans-unit>
<trans-unit id="8"><source>Sign up</source><target>Irreġistra</target></trans-unit>
<trans-unit id="9"><source>Sign up to the newsletter</source><target>Irreġistra għan-newsletter</target></trans-unit>
<trans-unit id="11"><source>Sign the Petition</source><target>Iffirma l-petizzjoni</target></trans-unit>
<trans-unit id="12"><source>Send an Email</source><target>Ibgħat email </target></trans-unit>
<trans-unit id="13"><source>Support</source><target>Appoġġ</target></trans-unit>
<trans-unit id="14"><source>Take action</source><target>Azzjoni</target></trans-unit>
<trans-unit id="15"><source>Sign</source><target>Iffirma</target></trans-unit>
<trans-unit id="16"><source>Send</source><target>Ibgħat</target></trans-unit>
<trans-unit id="17"><source>Subscribe</source><target>Abbona</target></trans-unit>
<trans-unit id="18"><source>Support the initiative</source><target>Iffirma l-inizjattiva</target></trans-unit>
<trans-unit id="19"><source>Support the appeal</source><target>Appoġġ l-appell</target></trans-unit>
<trans-unit id="20"><source>Join the community</source><target>Ingħaqad mal-komunità</target></trans-unit>
<trans-unit id="21"><source>Name</source><target>Isem</target></trans-unit>
<trans-unit id="22"><source>Full name</source><target>Isem sħiħ</target></trans-unit>
<trans-unit id="23"><source>First name</source><target>Isem</target></trans-unit>
<trans-unit id="24"><source>Last name</source><target>Kuljom</target></trans-unit>
<trans-unit id="25"><source>Mr</source><target>Sur</target></trans-unit>
<trans-unit id="26"><source>Mrs</source><target>Sinjura</target></trans-unit>
<trans-unit id="27"><source>Mrs/Mr</source><target>Sinjura/Sinjur</target></trans-unit>
<trans-unit id="28"><source>City</source><target>Belt</target></trans-unit>
<trans-unit id="29"><source>Post code</source><target>Kodiċi postali</target></trans-unit>
<trans-unit id="30"><source>Country</source><target>Pajjiż</target></trans-unit>
<trans-unit id="31"><source>Address</source><target>Indirizz</target></trans-unit>
<trans-unit id="32"><source>Email address</source><target>Indirizz tal-emajl</target></trans-unit>
<trans-unit id="33"><source>Personal comment</source><target>Kumment</target></trans-unit>
<trans-unit id="34"><source>PP Heading</source><target>Politika ta’ Privatezza</target></trans-unit>
<trans-unit id="35"><source>I accept the _privacy policy_</source><target>Naċċetta _il-politika ta’ privatezza_</target></trans-unit>
<trans-unit id="36"><source>Keep me posted on this and similar campaigns.</source><target>Żommni aġġornat dwar dan u azzjonijiet simili.</target></trans-unit>
<trans-unit id="37"><source>Reminder:</source><target>Tifkira:</target></trans-unit>
<trans-unit id="38"><source>Thank you</source><target>Grazzi</target></trans-unit>
<trans-unit id="46"><source>Share</source><target>Aqsam</target></trans-unit>
<trans-unit id="47"><source>Tell your friends</source><target>Għid lil sħabek</target></trans-unit>
<trans-unit id="48"><source>Separate email addresses with a comma.</source><target>Indirizzi tal-emajl separat b’virgola.</target></trans-unit>
<trans-unit id="49"><source>We have sent an email with information about this campaign to the address(es) specified.</source><target>Aħna bgħatna emajl bl-informazzjoni dwar din il-kampanja lill-indirizz(i) speċifikat(i).</target></trans-unit>
<trans-unit id="50"><source>Donate</source><target>Agħti donazzjoni</target></trans-unit>
<trans-unit id="51"><source>Help us fund this campaign. Give whatever you can now using the safe and secure paypal form below.</source><target>Għinna jiffinanzja din il-kampanja. Agħti kwalunkwe inti issa tista 'tuża l-formola paypal u sikuri hawn taħt. </target></trans-unit>
<trans-unit id="52"><source>Amount</source><target>ammont </target></trans-unit>
<trans-unit id="53"><source>Last signers</source><target>L-aħħar firmatarji</target></trans-unit>
<trans-unit id="54"><source>All signers</source><target>Il-firmatarji kollha</target></trans-unit>
<trans-unit id="61"><source>Back</source><target>Lura</target></trans-unit>
<trans-unit id="62"><source>Background</source><target>Sfond </target></trans-unit>
<trans-unit id="63"><source>Read more</source><target>Aqra iżjed</target></trans-unit>
<trans-unit id="64"><source>More actions</source><target>Ibda l-petizzjoni tiegħek!</target></trans-unit>
<trans-unit id="66"><source># Participants</source><target># nies s'issa</target></trans-unit>
<trans-unit id="67"><source># emails sent</source><target># emails mibgħuta</target></trans-unit>
<trans-unit id="68"><source>The action starts on #DATE#. Stay tuned and spread the word!</source><target>L-azzjoni tibda f’#DATE#. Oqgħod sintonizzat u xerred il-kelma!</target></trans-unit>
<trans-unit id="69"><source>This action is over. Thanks to the #COUNTER# people who signed-up!</source><target>Din l-azzjoni ntemmet. Grazzi għan-nies tal #COUNTER# li ffirmaw!</target></trans-unit>
<trans-unit id="70"><source>select</source><target>Agħżel</target></trans-unit>
<trans-unit id="71"><source>select all</source><target>Ibgħat lil kollha</target></trans-unit>
<trans-unit id="72"><source>Recipient(s)</source><target>Reċipjent(i)</target></trans-unit>
<trans-unit id="81"><source>Embed this</source><target>Integra dan</target></trans-unit>
<trans-unit id="82"><source>Organisation</source><target>Organizzazzjoni</target></trans-unit>
<trans-unit id="83"><source>Register your widget</source><target>Irreġistra l-wiġet tiegħek</target></trans-unit>
<trans-unit id="84"><source>Generate widget</source><target>Iġġenera wiġet</target></trans-unit>
<trans-unit id="85"><source>Change widget</source><target>Bidla widget tiegħek</target></trans-unit>
<trans-unit id="86"><source>Embed this code</source><target>Integra dan il-kodiċi</target></trans-unit>
<trans-unit id="101"><source>Customise your widget</source><target>Jippersonalizzaw widget tiegħek </target></trans-unit>
<trans-unit id="102"><source>Widget type</source><target>Tip ta’ wiġet</target></trans-unit>
<trans-unit id="103"><source>Embed</source><target>Integrat</target></trans-unit>
<trans-unit id="104"><source>Popup</source><target>Popup</target></trans-unit>
<trans-unit id="105"><source>Email Validation Landingpage - auto forwarding to external page</source><target>Il-paġna ta' destinazzjoni tal-emajl ta’ konferma għal-opt-in (HTTP://…)</target></trans-unit>
<trans-unit id="106"><source>Width</source><target>Wisa'</target></trans-unit>
<trans-unit id="107"><source>You may define a precise widget width. Select "auto" and the widget will adapt to the space available (max: 1000px). Should there be less than 440px width available, contents will display in one column (instead of two) with the sign-on-form below the petition text. On mobile devices with less than 768px device-width, the widget-width is set to 360px for smooth reading on smartphones.</source><target>Inti tista 'tiddefinixxi wisa widget preċiża. Agħżel "auto" u l-widget se jadattaw għall-ispazju disponibbli (max: 1000px). Jekk ikun hemm inqas minn 440px wisa disponibbli, il-kontenut se display fil-kolonna waħda (minflok tnejn) mal-sinjal fuq formola t'hawn taħt it-test petizzjoni. Fuq apparat mobbli b'inqas minn 768px mezz-wisa, l-widget-wisa huwa stabbilit li 360px għall-qari bla xkiel fuq smartphones.</target></trans-unit>
<trans-unit id="108"><source>Text title</source><target>Titolu, xellug </target></trans-unit>
<trans-unit id="109"><source>Text body</source><target>Test </target></trans-unit>
<trans-unit id="110"><source>Button</source><target>Button </target></trans-unit>
<trans-unit id="111"><source>Backgr left</source><target>Sfond, xellug </target></trans-unit>
<trans-unit id="121"><source>Backgr right</source><target>Sfond, id-dritt </target></trans-unit>
<trans-unit id="122"><source>Form title</source><target>Titolu, id-dritt</target></trans-unit>
<trans-unit id="123"><source>Customise contents: use your own words to convince your target group. To change the title, introduction and background texts, copy the texts from the edit fields into a text editor, make your changes and paste them back into the edit fields. Thereafter, adapt the width and the colours to seamlessly integrate the widget into your website design.</source><target>Jippersonalizzaw kontenut: uża kliem tiegħek stess biex tikkonvinċi grupp fil-mira tiegħek. Biex jinbidlu t-testi titolu, Introduzzjoni u sfond, kopja it-testi mill-oqsma jeditjaw fi editur test, jagħmlu bidliet tiegħek u paste lura fl-oqsma jeditjaw. Wara dan, tadatta l-wisa 'u l-kuluri li seamlessly jintegraw l-widget fid-disinn website tiegħek. </target></trans-unit>
<trans-unit id="124"><source>Title</source><target>Titolu </target></trans-unit>
<trans-unit id="125"><source>Target, Subheading</source><target>subintestatura </target></trans-unit>
<trans-unit id="126"><source>Intro</source><target>introduzzjoni </target></trans-unit>
<trans-unit id="127"><source>Body</source><target>test petizzjoni </target></trans-unit>
<trans-unit id="128"><source>Footer</source><target>test għeluq </target></trans-unit>
<trans-unit id="129"><source>Subject</source><target>suġġett </target></trans-unit>
<trans-unit id="130"><source>Email body</source><target>korp email </target></trans-unit>
<trans-unit id="131"><source>Choose 'Embed' to have this box ("widget") embedded into your webpage, including texts and action-form. Visitors can instantly read all and take action. However, you need at least 440px width to embed the widget. Choose 'Popup' if you lack sufficient space on your webpage. You will get a small box ("teaser") with flexible width (at least 150px). If visitors click on the teaser, the big action-widget pops up.</source><target>Agħżel ‘Embed’ sabiex ikollok din il-kaxxa ("widget") integrata fil-paġna tal-web tiegħek, inklużi testi u azzjoni-formola. Il-viżitaturi jistgħu istantanjament jaqraw kollox u jieħdu azzjoni. Madankollu, għandek bżonn mill-inqas 440px spazju sabiex tintegra l-widget. Agħżel "Popup" jekk m'għandekx spazju biżżejjed fuq il-paġna tal-web tiegħek. Inti ser tirċievi kaxxa żgħira ("teaser") b' wisa' flessibbli (mill-inqas 150px). Jekk il-viżitaturi jikklikkjaw fuq it-teaser, l-azzjoni ta’ widget kbira tippoppja.</target></trans-unit>
<trans-unit id="166"><source>Target #</source><target>Għan #</target></trans-unit>
<trans-unit id="201"><source>Hello</source><target>Saħħa</target></trans-unit>
<trans-unit id="202"><source>Dear Madam %F %L,</source><target>Għażiż %F %L,</target></trans-unit>
<trans-unit id="203"><source>Dear Sir %F %L,</source><target>Għażiż %F %L,</target></trans-unit>
<trans-unit id="204"><source>Dear Sir/Madam %F %L,</source><target>Għażiż %F %L,</target></trans-unit>
<trans-unit id="301"><source>Yes</source><target>Iva </target></trans-unit>
<trans-unit id="302"><source>No</source><target>Nru </target></trans-unit>
<trans-unit id="303"><source>No comment</source><target>Nru kumment </target></trans-unit>
<trans-unit id="304"><source>Secure your pledge page with a password (optional).</source><target>Secure paġna wegħda tiegħek bil-password (mhux obbligatorju). </target></trans-unit>
<trans-unit id="305"><source>Change your password (optional).</source><target>Bidla password tiegħek (mhux obbligatorju). </target></trans-unit>
<trans-unit id="306"><source>Passwords do not match.</source><target>Passwords ma jaqblux. </target></trans-unit>
<trans-unit id="307"><source>Password is too short. Use at least 8 characters.</source><target>Password huwa qasir wisq. Uża l-inqas 8 karattri. </target></trans-unit>
<trans-unit id="308"><source>Save &amp; submit my pledges</source><target>Save u jissottomettu wegħdiet tiegħi </target></trans-unit>
<trans-unit id="309"><source>Please enter your password.</source><target>Jekk jogħġbok ikteb il-password tiegħek. </target></trans-unit>
<trans-unit id="310"><source>Company</source><target>kumpanija </target></trans-unit>
<trans-unit id="311"><source>Party</source><target>partit politiku </target></trans-unit>
<trans-unit id="312"><source>Electorate</source><target>elettorat </target></trans-unit>
<trans-unit id="313"><source>Recipients</source><target>riċevituri </target></trans-unit>
<trans-unit id="314"><source>Read pledge text</source><target>Aqra t-test rahan. </target></trans-unit>
<trans-unit id="315"><source>Password</source><target>password </target></trans-unit>
<trans-unit id="316"><source>Password again</source><target>password darb'oħra </target></trans-unit>
<trans-unit id="317"><source>Enter</source><target>Ikteb </target></trans-unit>
<trans-unit id="318"><source>I pledged on #DATE#</source><target>I wiegħed fuq #DATE#</target></trans-unit>
<trans-unit id="400"><source>Attention: You will receive a confirmation email. Check your email inbox (and junk folder) now! To confirm your action, click the link given in the email.</source><target>Attenzjoni: Int ser tirċievi konferma bl-emajl. Iċċekkja l-posta riċevuta tal-emajl tiegħek (u l-fowlder tal-posta mhux mixtieqa) issa! Sabiex tikkonferma l-azzjoni tiegħek, ikklikkja l-link fl-emajl.</target></trans-unit>
<trans-unit id="401"><source>Attention: You've already taken part in this action (maybe on another website).</source><target>Attenzjoni: Int diġà ħadt sehem f’din l-azzjoni (forsi fuq websajt oħra).</target></trans-unit>
<trans-unit id="402"><source>Your email is being validated, please wait!</source><target>L-emajl tiegħek qed jiġi vvalidat!</target></trans-unit>
<trans-unit id="403"><source>You verified your email address.</source><target>Int ivverifikajt l-indirizz tal-emajl tiegħek. </target></trans-unit>
<trans-unit id="404"><source>Your action is confirmed.</source><target> L-azzjoni tiegħek hija kkonfermata. </target></trans-unit>
<trans-unit id="405"><source>Use this moment to tell friends and family.</source><target> Uża dan il-mument sabiex tgħid lill-ħbieb u lil tal-familja. </target></trans-unit>
<trans-unit id="406"><source>Your statement of support has been submitted successfully.</source><target>Grazzi tal-parteċipazzjoni tiegħek! Inti iffirmajt l-ECI. </target></trans-unit>
<trans-unit id="407"><source>Signature identifier</source><target>Il-firma tiegħek ser tiġi rreġistrata mal-Kummissjoni tal-UE taħt l-identifikatur tal-firma</target></trans-unit>
<trans-unit id="408"><source>Yes, please</source><target>Iva jekk jogħġbok</target></trans-unit>
<trans-unit id="409"><source>No, thank you</source><target>Le grazzi</target></trans-unit>
<trans-unit id="410"><source>Become part of the movement</source><target>Irreġistra għan-newsletter</target></trans-unit>
<trans-unit id="411"><source>Join now</source><target>Ingħaqad issa</target></trans-unit>
<trans-unit id="412"><source>Confirm and continue</source><target>Ikkonferma u kompli</target></trans-unit>
<trans-unit id="413"><source>Skip and go directly to signing the initiative in step 2</source><target>Aqbeż u mur direttament biex tiffirma l-inizjattiva fil-pass 2</target></trans-unit>
<trans-unit id="414"><source>Why do I have to share all this information?</source><target>Għaliex għandi bżonn naqsam din l-informazzjoni kollha?</target></trans-unit>
<trans-unit id="415"><source>Your national government decides what information you need to provide for a European Citizens' Initiative so that your signature can be validated and counted. Therefore, please fill in all lines. (Your data will be transmitted securely and encrypted. Your data can only be accessed by national authorities for verification purposes.)</source><target>Il-gvern nazzjonali tiegħek jiddeċiedi liema informazzjoni trid tipprovdi għall-Inizjattiva taċ-Ċittadini Ewropej ħalli l-firm tiegħek tista’ tiġi validata u magħduda. Għalhekk, jekk jogħġbk imla l-linji kollha. (Id-dejta tiegħek ser tiġi trasmessa b’mod sigur u kkriptata.  Id-dejta ECI tista’ tiġi aċċessata mill-awtoritajiet nazzjonali għal skopijiet ta’ verifika).</target></trans-unit>
<trans-unit id="416"><source>Sign up and become part of the movement.</source><target>&nbsp;</target></trans-unit>
</body>
</file>
</xliff>
