<?xml version="1.0" encoding="UTF-8"?>
<!DOCTYPE xliff PUBLIC "-//XLIFF//DTD XLIFF//EN" "http://www.oasis-open.org/committees/xliff/documents/xliff.dtd">
<xliff version="1.0">
<file source-language="EN" target-language="sq" datatype="plaintext" original="messages" date="2015-07-21T13:53:17Z" product-name="messages">
<header/>
<body>
<trans-unit id="1"><source>Petition</source><target>Peticion</target></trans-unit>
<trans-unit id="2"><source>Email action</source><target>Aksion përmes emailit</target></trans-unit>
<trans-unit id="3"><source>Initiative</source><target>Iniciativë</target></trans-unit>
<trans-unit id="4"><source>Network-News</source><target>Rrjet-Lajmesh</target></trans-unit>
<trans-unit id="11"><source>Sign the Petition</source><target>Nënshkruaj peticionin</target></trans-unit>
<trans-unit id="12"><source>Send an Email</source><target>Dërgo email</target></trans-unit>
<trans-unit id="13"><source>Support</source><target>Mbështet</target></trans-unit>
<trans-unit id="14"><source>Take action</source><target>Ndërmerr aksion</target></trans-unit>
<trans-unit id="15"><source>Sign</source><target>Nënshkruaj  </target></trans-unit>
<trans-unit id="16"><source>Send</source><target>Dërgo </target></trans-unit>
<trans-unit id="17"><source>Subscribe</source><target>Abonohu </target></trans-unit>
<trans-unit id="18"><source>Support the initiative</source><target>Nënshkruaj iniciativën</target></trans-unit>
<trans-unit id="21"><source>Name</source><target>Emri</target></trans-unit>
<trans-unit id="22"><source>Full name</source><target>Emri i plotë</target></trans-unit>
<trans-unit id="23"><source>First name</source><target>Emri</target></trans-unit>
<trans-unit id="24"><source>Last name</source><target>Mbiemri</target></trans-unit>
<trans-unit id="25"><source>Mr</source><target>Z.</target></trans-unit>
<trans-unit id="26"><source>Mrs</source><target>Znj.</target></trans-unit>
<trans-unit id="27"><source>Mrs/Mr</source><target>Znj./Z.</target></trans-unit>
<trans-unit id="28"><source>City</source><target>Qytet</target></trans-unit>
<trans-unit id="29"><source>Post code</source><target>Kodi postarë</target></trans-unit>
<trans-unit id="30"><source>Country</source><target>Shteti</target></trans-unit>
<trans-unit id="31"><source>Address</source><target>Adresa</target></trans-unit>
<trans-unit id="32"><source>Email address</source><target>Adresa elektronike </target></trans-unit>
<trans-unit id="33"><source>Comment</source><target>Koment</target></trans-unit>
<trans-unit id="34"><source>Privacy policy</source><target>I pranoj kushtet e privatësisë</target></trans-unit>
<trans-unit id="35"><source>Keep me posted on this and similar campaigns.</source><target>Më mbaj të postuar në këtë fushatë dhe në të tjera të ngjashme.</target></trans-unit>
<trans-unit id="36"><source>Reminder:</source><target>Kujtesë</target></trans-unit>
<trans-unit id="41"><source>Thank you</source><target>Faleminderit</target></trans-unit>
<trans-unit id="42"><source>Attention: You will receive a confirmation email. Check your email inbox (and junk folder) now! To confirm your action, click the link given in the email.</source><target>Vëmendje: Ju do të merrni një email konfirmues. Kontrollojeni posten tuaj elektronike (dhe dosjen junk) tani! Për të konfirmuar aksionin tuaj, klikoni në linkun e dhënë në email.</target></trans-unit>
<trans-unit id="43"><source>Attention: You've already taken part in this action (maybe on another website).</source><target>Vëmendje: Ju keni qenë edhe njëherë më parë pjesë e këtij aksioni (ndoshta në faqe të tjera).</target></trans-unit>
<trans-unit id="44"><source>Your email is being validated, please wait!</source><target>Emaili juaj është duke u vlerësuar, ju lutem prisni!</target></trans-unit>
<trans-unit id="45"><source>You verified your email address. Your action is confirmed. Use this moment to tell friends and family.</source><target>Ju e verifikuat adresën tuaj elektronike. Aksioni juaj është konfirmuar. Përdoreni këtë moment për t'ju treguar miqve dhe familjes.</target></trans-unit>
<trans-unit id="46"><source>Share</source><target>Ndaje</target></trans-unit>
<trans-unit id="47"><source>Tell your friends</source><target>Tregoni miqve tuaj</target></trans-unit>
<trans-unit id="48"><source>Separate email addresses with a comma.</source><target>Ndajini adresat elektronike me presje</target></trans-unit>
<trans-unit id="49"><source>We have sent an email with information about this campaign to the address(es) specified.</source><target>Ne kemi dërguar një email me infomacion rreth kësaj fushate në adresën(at) e specifikuara.</target></trans-unit>
<trans-unit id="50"><source>Donate</source><target>Dhuro</target></trans-unit>
<trans-unit id="51"><source>Help us fund this campaign. Give whatever you can now using the safe and secure paypal form below.</source><target>Na ndihmoni që ta financojmë këtë fushatë. Jepni cfardo që mundeni tani duke përdorur formën e sigurtë Paypal më poshtë.</target></trans-unit>
<trans-unit id="52"><source>Amount</source><target>Shuma</target></trans-unit>
<trans-unit id="61"><source>Back</source><target>Prapa</target></trans-unit>
<trans-unit id="62"><source>Background</source><target>Sfondi</target></trans-unit>
<trans-unit id="63"><source>Read more</source><target>Lexo më shumë</target></trans-unit>
<trans-unit id="64"><source>More actions</source><target>Filloni peticionin tuaj!</target></trans-unit>
<trans-unit id="65"><source>PP Heading</source><target>Politika e Privatesisë</target></trans-unit>
<trans-unit id="66"><source>people so far</source><target>njerëz deri më tani</target></trans-unit>
<trans-unit id="67"><source>emails sent</source><target>emaile të dërguara</target></trans-unit>
<trans-unit id="68"><source>The action starts on #DATE#. Stay tuned and spread the word!</source><target>Aksioni fillon në #DATE#. Qëndro aktiv dhe përhap fjalën!</target></trans-unit>
<trans-unit id="69"><source>This action is over. Thanks to the #COUNTER# people who signed-up!</source><target>Ky aksion ka përfunduar. Faleminderit #COUNTER# njerzeve që e kanë firmosur!</target></trans-unit>
<trans-unit id="70"><source>select</source><target>Zgjedh</target></trans-unit>
<trans-unit id="71"><source>select all</source><target>Dergojua të gjithëve</target></trans-unit>
<trans-unit id="72"><source>Recipient(s)</source><target>Marrës(it)</target></trans-unit>
<trans-unit id="81"><source>Embed this</source><target>Bashkangjite këtë</target></trans-unit>
<trans-unit id="82"><source>Organisation</source><target>Organizata</target></trans-unit>
<trans-unit id="83"><source>Register your widget</source><target>Regjistro widget tënd</target></trans-unit>
<trans-unit id="84"><source>Generate widget</source><target>Gjenero widget tënd</target></trans-unit>
<trans-unit id="85"><source>Change widget</source><target>Ndrysho widget</target></trans-unit>
<trans-unit id="86"><source>Embed this code</source><target>Bashkangjit këtë kod</target></trans-unit>
<trans-unit id="101"><source>Customise your widget</source><target>Përshtat widget tënd</target></trans-unit>
<trans-unit id="102"><source>Widget type</source><target>Lloji i widget</target></trans-unit>
<trans-unit id="103"><source>Embed</source><target>Bashkangjit</target></trans-unit>
<trans-unit id="104"><source>Popup</source><target>Popup</target></trans-unit>
<trans-unit id="105"><source>Email Validation Landingpage - auto forwarding to external page</source><target>Përzgjidh faqen për konfirmimin e emailit (http…)</target></trans-unit>
<trans-unit id="106"><source>Width</source><target>Gjerësia</target></trans-unit>
<trans-unit id="107"><source>You may define a precise widget width. Select "auto" and the widget will adapt to the space available (max: 1000px). Should there be less than 440px width available, contents will display in one column (instead of two) with the sign-on-form below the petition text. On mobile devices with less than 768px device-width, the widget-width is set to 360px for smooth reading on smartphones.</source><target>Ju mund të përcaktoni një gjerësi precize të widget. Zgjidhni "auto" dhe widget do të përshtatet me hapësirën në dispozicion (max: 1000px). Duke pasur më pak se 440px gjerësi në dispozicion, përmbajtja do të shfaqet në një kolonë (në vend se dy) me shenjë -nënshkruaj-formularin- më poshtë tekstit te peticionit. Në pajisje telefonike me gjërësi me te vogel se 768px per pajisje, gjërësia e widget është vendosur të jetë 360px për leximin me te lehte në smartphone.</target></trans-unit>
<trans-unit id="108"><source>Text title</source><target>Titulli, majtas</target></trans-unit>
<trans-unit id="109"><source>Text body</source><target>Tekst </target></trans-unit>
<trans-unit id="110"><source>Button</source><target>Buton</target></trans-unit>
<trans-unit id="111"><source>Backgr left</source><target>Sfondi majtas</target></trans-unit>
<trans-unit id="121"><source>Backgr right</source><target>Sfondi djathtas</target></trans-unit>
<trans-unit id="122"><source>Form title</source><target>Titulli, djathtas</target></trans-unit>
<trans-unit id="123"><source>Customise contents: use your own words to convince your target group. To change the title, introduction and background texts, copy the texts from the edit fields into a text editor, make your changes and paste them back into the edit fields. Thereafter, adapt the width and the colours to seamlessly integrate the widget into your website design.</source><target>Përshtasni përmbajtjen: përdorni fjalët tuaja për të bindur grupin tuaj të synuar. Për të ndryshuar titullin, hyrjen dhe permbledhjen e tekstit, kopjoni tekstet nga fushat e redaktuara në një editor teksti, beni ndryshimet tuaja dhe ngjitini ato përsëri në fushat e redaktimit. Pas kësaj, përshtasni gjerësinë dhe ngjyrat për të  integruar widget në faqen tuaj te internetit.</target></trans-unit>
<trans-unit id="124"><source>Title</source><target>Titulli</target></trans-unit>
<trans-unit id="125"><source>Target, Subheading</source><target>Target, Nën-artikull</target></trans-unit>
<trans-unit id="126"><source>Intro</source><target>Hyrje</target></trans-unit>
<trans-unit id="127"><source>Body</source><target>Trup</target></trans-unit>
<trans-unit id="128"><source>Footer</source><target>Shënim në fund-faqe</target></trans-unit>
<trans-unit id="129"><source>Subject</source><target>Tema</target></trans-unit>
<trans-unit id="130"><source>Email body</source><target>Trupi i emailit</target></trans-unit>
<trans-unit id="131"><source>Choose 'Embed' to have this box ("widget") embedded into your webpage, including texts and action-form. Visitors can instantly read all and take action. However, you need at least 440px width to embed the widget. Choose 'Popup' if you lack sufficient space on your webpage. You will get a small box ("teaser") with flexible width (at least 150px). If visitors click on the teaser, the big action-widget pops up.</source><target>Zgjidhni komandën" bashkangjit" që të keni këtë kuti ("widget") në faqen tuaj, duke përfshirë edhe tekstet dhe formën e aksionit. Vizitorët mund të lexojne në çast të tërën dhe të ndermarrin aksion. Megjithatë, ju duhet të paktën 440px gjerësi qe të vendosni widget. Zgjidhni "popup" në qoftë se ju mungon hapësirë e mjaftueshme për faqen tuaj. Ju do të merrni një kuti të vogël ("ngacmuese") me gjerësi fleksibile (të paktën 150px). Nëse vizitorët klikojnë  mbi këtë  'ngacmues', veprimi  i-widget do te shfaqet ne pop up.</target></trans-unit>
<trans-unit id="201"><source>Hello</source><target>Pa titull</target></trans-unit>
<trans-unit id="202"><source>Dear Madam %F %L,</source><target>I dashur %F %L,</target></trans-unit>
<trans-unit id="203"><source>Dear Sir %F %L,</source><target>I dashur %F %L,</target></trans-unit>
<trans-unit id="204"><source>Dear Sir/Madam %F %L,</source><target>I dashur %F %L,</target></trans-unit>
<trans-unit id="301"><source>Yes</source><target>Po </target></trans-unit>
<trans-unit id="302"><source>No</source><target>Jo</target></trans-unit>
<trans-unit id="303"><source>No comment</source><target>Pa koment</target></trans-unit>
<trans-unit id="304"><source>Secure your pledge page with a password (optional).</source><target>Siguroni faqen tuaj zotuese me një fjalekalim (opcionale).</target></trans-unit>
<trans-unit id="305"><source>Change your password (optional).</source><target>Ndryshoni fjalekalimin (opcionale).</target></trans-unit>
<trans-unit id="306"><source>Passwords do not match.</source><target>Fjalekalimi nuk përshtatet.</target></trans-unit>
<trans-unit id="307"><source>Password is too short. Use at least 8 characters.</source><target>Fjalekalimi është shumë i shkurtër. Përdorni të paktën 8 shkronja.</target></trans-unit>
<trans-unit id="308"><source>Save &amp; submit my pledges</source><target>Ruaj &amp; dorezo zotimet e mia</target></trans-unit>
<trans-unit id="309"><source>Please enter your password.</source><target>Ju lutem fusni fjalekalimin tuaj.</target></trans-unit>
<trans-unit id="310"><source>Company</source><target>Kompani</target></trans-unit>
<trans-unit id="311"><source>Party</source><target>Parti</target></trans-unit>
<trans-unit id="312"><source>Electorate</source><target>Elektorat</target></trans-unit>
<trans-unit id="313"><source>Recipients</source><target>Marrës </target></trans-unit>
<trans-unit id="314"><source>Read pledge text</source><target>Lexo tekstin zotues</target></trans-unit>
<trans-unit id="315"><source>Password</source><target>Fjalekalimi</target></trans-unit>
<trans-unit id="316"><source>Password again</source><target>Vendos fjalekalimin përsëri</target></trans-unit>
<trans-unit id="317"><source>Enter</source><target>Fut </target></trans-unit>
<trans-unit id="318"><source>I pledged on #DATE#</source><target>E kam bërë zotimin në #DATE#</target></trans-unit>
</body>
</file>
</xliff>
