﻿<?xml version="1.0" encoding="UTF-8"?>
<!DOCTYPE xliff PUBLIC "-//XLIFF//DTD XLIFF//EN" "http://www.oasis-open.org/committees/xliff/documents/xliff.dtd">
<xliff version="1.0">
<file source-language="EN" target-language="et" datatype="plaintext" original="messages" date="2019-11-08T13:53:17Z" product-name="messages">
<header/>
<body>
<trans-unit id="1"><source>Petition</source><target>Petitsioon</target></trans-unit>
<trans-unit id="2"><source>Email action</source><target>Email tegevus</target></trans-unit>
<trans-unit id="3"><source>Initiative</source><target>Algatus</target></trans-unit>
<trans-unit id="4"><source>Appeal</source><target>taotlus</target></trans-unit>
<trans-unit id="5"><source>Community</source><target>Omavalitsusüksus</target></trans-unit>
<trans-unit id="6"><source>Newsletter</source><target>Uudiskiri</target></trans-unit>
<trans-unit id="7"><source>Join</source><target>Liitu</target></trans-unit>
<trans-unit id="8"><source>Sign up</source><target>Registreeri</target></trans-unit>
<trans-unit id="9"><source>Sign up to the newsletter</source><target>Liitu uudiskirjaga</target></trans-unit>
<trans-unit id="11"><source>Sign the Petition</source><target>Allkirjasta petitsioon</target></trans-unit>
<trans-unit id="12"><source>Send an Email</source><target>Saada e-mail</target></trans-unit>
<trans-unit id="13"><source>Support</source><target>Toeta algatust</target></trans-unit>
<trans-unit id="14"><source>Take action</source><target>Tegutse</target></trans-unit>
<trans-unit id="15"><source>Sign</source><target>allkirjasta</target></trans-unit>
<trans-unit id="16"><source>Send</source><target>Saada</target></trans-unit>
<trans-unit id="17"><source>Subscribe</source><target>Telli</target></trans-unit>
<trans-unit id="18"><source>Support the initiative</source><target>Allkirjasta algatus</target></trans-unit>
<trans-unit id="19"><source>Support the appeal</source><target>Toeta taotlust</target></trans-unit>
<trans-unit id="20"><source>Join the community</source><target>Ühine </target></trans-unit>
<trans-unit id="21"><source>Name</source><target>Nimi</target></trans-unit>
<trans-unit id="22"><source>Full name</source><target>Täisnimi</target></trans-unit>
<trans-unit id="23"><source>First name</source><target>Eesnimi</target></trans-unit>
<trans-unit id="24"><source>Last name</source><target>Perekonnanimi</target></trans-unit>
<trans-unit id="25"><source>Mr</source><target>Hr</target></trans-unit>
<trans-unit id="26"><source>Mrs</source><target>Prl/Pr</target></trans-unit>
<trans-unit id="27"><source>Mrs/Mr</source><target>Prl/Pr/Hr</target></trans-unit>
<trans-unit id="28"><source>City</source><target>Linn</target></trans-unit>
<trans-unit id="29"><source>Post code</source><target>Sihtnumber</target></trans-unit>
<trans-unit id="30"><source>Country</source><target>Riik</target></trans-unit>
<trans-unit id="31"><source>Address</source><target>Aadress</target></trans-unit>
<trans-unit id="32"><source>Email address</source><target>E-posti aadress</target></trans-unit>
<trans-unit id="33"><source>Personal comment</source><target>Kommentaar</target></trans-unit>
<trans-unit id="34"><source>PP Heading</source><target>Privaatsuspoliitika</target></trans-unit>
<trans-unit id="35"><source>I accept the _privacy policy_</source><target>Nõustun _privaatsuseeskirjadega_</target></trans-unit>
<trans-unit id="36"><source>Keep me posted on this and similar campaigns.</source><target>Hoia mind kursis selle ja sarnaste kampaaniatega.</target></trans-unit>
<trans-unit id="37"><source>Reminder:</source><target>meeldetuletus</target></trans-unit>
<trans-unit id="38"><source>Thank you</source><target>Aitäh!</target></trans-unit>
<trans-unit id="46"><source>Share</source><target>Jaga!</target></trans-unit>
<trans-unit id="47"><source>Tell your friends</source><target>Kutsu sõpru aktsiooniga liituma!</target></trans-unit>
<trans-unit id="48"><source>Separate email addresses with a comma.</source><target>jaga e-mailiaadressid</target></trans-unit>
<trans-unit id="49"><source>We have sent an email with information about this campaign to the address(es) specified.</source><target>Saatsime talle teavet selle kampaania(id) kohta määratud e-aadressidele</target></trans-unit>
<trans-unit id="50"><source>Donate</source><target>Anneta</target></trans-unit>
<trans-unit id="51"><source>Help us fund this campaign. Give whatever you can now using the safe and secure paypal form below.</source><target>Aita meil rahastada seda kampaaniat. Anneta kasutades turvalist  Paypal' i vormi .</target></trans-unit>
<trans-unit id="52"><source>Amount</source><target>Summa</target></trans-unit>
<trans-unit id="53"><source>Last signers</source><target>Viimased allakirjutajad</target></trans-unit>
<trans-unit id="54"><source>All signers</source><target>Kõik allakirjutajad</target></trans-unit>
<trans-unit id="61"><source>Back</source><target>tagasi</target></trans-unit>
<trans-unit id="62"><source>Background</source><target>Taustainfo</target></trans-unit>
<trans-unit id="63"><source>Read more</source><target>Tutvu aktsiooniga lähemalt!</target></trans-unit>
<trans-unit id="64"><source>More actions</source><target>Algatage petitsioon!</target></trans-unit>
<trans-unit id="66"><source># Participants</source><target># inimest siiani</target></trans-unit>
<trans-unit id="67"><source># emails sent</source><target># saadetud e-kijrad</target></trans-unit>
<trans-unit id="68"><source>The action starts on #DATE#. Stay tuned and spread the word!</source><target>Aktsioon algab #DATE#. Püsige lainel ja levitage teavet!</target></trans-unit>
<trans-unit id="69"><source>This action is over. Thanks to the #COUNTER# people who signed-up!</source><target>See aktsioon on lõppenud. Täname #COUNTER# inimest, kes end kirja panid!</target></trans-unit>
<trans-unit id="70"><source>select</source><target>vali</target></trans-unit>
<trans-unit id="71"><source>select all</source><target>vali kõik</target></trans-unit>
<trans-unit id="72"><source>Recipient(s)</source><target>Saaja(d)</target></trans-unit>
<trans-unit id="81"><source>Embed this</source><target>Sisesta</target></trans-unit>
<trans-unit id="82"><source>Organisation</source><target>Organisatsioon</target></trans-unit>
<trans-unit id="83"><source>Register your widget</source><target>Registreeri oma widget/app</target></trans-unit>
<trans-unit id="84"><source>Generate widget</source><target>Loo widget/app</target></trans-unit>
<trans-unit id="85"><source>Change widget</source><target>Muuda widget</target></trans-unit>
<trans-unit id="86"><source>Embed this code</source><target>Sisesta kood</target></trans-unit>
<trans-unit id="101"><source>Customise your widget</source><target>Muganda oma widget</target></trans-unit>
<trans-unit id="102"><source>Widget type</source><target>Widgeti tüüp</target></trans-unit>
<trans-unit id="103"><source>Embed</source><target>Sisesta</target></trans-unit>
<trans-unit id="104"><source>Popup</source><target>Hüpik</target></trans-unit>
<trans-unit id="105"><source>Email Validation Landingpage - auto forwarding to external page</source><target>Automaatne suunamine emaili kinnituslehele (http://...)</target></trans-unit>
<trans-unit id="106"><source>Width</source><target>Laius</target></trans-unit>
<trans-unit id="107"><source>You may define a precise widget width. Select "auto" and the widget will adapt to the space available (max: 1000px). Should there be less than 440px width available, contents will display in one column (instead of two) with the sign-on-form below the petition text. On mobile devices with less than 768px device-width, the widget-width is set to 360px for smooth reading on smartphones.</source><target>Võid valige "auto" ja vidina kohanevad ruumi (max: 1000px). Kas peaks olema väiksem kui 440px laius kättesaadav, sisu kuvatakse ühes veerus (mitte kaks) koos sign-on-allolev vorm avalduse teksti. Mobiilseadmetes alla 768px seadme laius, widget-laius on määratud 360px sujuvaks lugemisel nutitelefonid.</target></trans-unit>
<trans-unit id="108"><source>Text title</source><target>Pealkiri, vasak</target></trans-unit>
<trans-unit id="109"><source>Text body</source><target>Kehatekst</target></trans-unit>
<trans-unit id="110"><source>Button</source><target>Nupp</target></trans-unit>
<trans-unit id="111"><source>Backgr left</source><target>Taust vasakul</target></trans-unit>
<trans-unit id="121"><source>Backgr right</source><target>Taust ,parem</target></trans-unit>
<trans-unit id="122"><source>Form title</source><target>Pealkiri, parem</target></trans-unit>
<trans-unit id="123"><source>Customise contents: use your own words to convince your target group. To change the title, introduction and background texts, copy the texts from the edit fields into a text editor, make your changes and paste them back into the edit fields. Thereafter, adapt the width and the colours to seamlessly integrate the widget into your website design.</source><target>Muuda sisu: veena oma sihtgruppi oma sõnadega. Pealkirja, sissejuhatuse ja taustatekstide  muutmiseks, kopeeri tekst muudetavalt väljalt tekstitoimetajasse (editor), tee muudatused ja kleebi tagasi muudetavale väljale. Siis, seadista laius ja värvid, et widget sobiks veebidisainiga.</target></trans-unit>
<trans-unit id="124"><source>Title</source><target>Pealkiri</target></trans-unit>
<trans-unit id="125"><source>Target, Subheading</source><target>Eesmärk, alapealkiri</target></trans-unit>
<trans-unit id="126"><source>Intro</source><target>Sissejuhatus</target></trans-unit>
<trans-unit id="127"><source>Body</source><target>Kehatekst</target></trans-unit>
<trans-unit id="128"><source>Footer</source><target>Jalus</target></trans-unit>
<trans-unit id="129"><source>Subject</source><target>Email teema</target></trans-unit>
<trans-unit id="130"><source>Email body</source><target>Email tekst</target></trans-unit>
<trans-unit id="131"><source>Choose 'Embed' to have this box ("widget") embedded into your webpage, including texts and action-form. Visitors can instantly read all and take action. However, you need at least 440px width to embed the widget. Choose 'Popup' if you lack sufficient space on your webpage. You will get a small box ("teaser") with flexible width (at least 150px). If visitors click on the teaser, the big action-widget pops up.</source><target>Vali 'Embed' selle vidina oma veebilehele sisestamiseks koos tekstide ja aktsiooni vormiga. Külastajad võivad kohe kõike lugeda ja aktsioonis osaleda. Vali 'Popup', kui Sinu veebilehel ei ole piisavalt ruumi. Saad paindliku suurusega akna (vähemalt 150px). Kui külastajad klikivad aknale, ilmub suur aktsiooni hüpik.</target></trans-unit>
<trans-unit id="166"><source>Target #</source><target>Eesmärk #</target></trans-unit>
<trans-unit id="201"><source>Hello</source><target>Tere</target></trans-unit>
<trans-unit id="202"><source>Dear Madam %F %L,</source><target>Austatud %F %L,</target></trans-unit>
<trans-unit id="203"><source>Dear Sir %F %L,</source><target>Lugupeetud %F %L,</target></trans-unit>
<trans-unit id="204"><source>Dear Sir/Madam %F %L,</source><target>Austatud/Lugupeetud %F %L,</target></trans-unit>
<trans-unit id="301"><source>Yes</source><target>Jah</target></trans-unit>
<trans-unit id="302"><source>No</source><target>Ei</target></trans-unit>
<trans-unit id="303"><source>No comment</source><target>ei kommenteeri</target></trans-unit>
<trans-unit id="304"><source>Secure your pledge page with a password (optional).</source><target>Kinnita oma lubadus lehel parooliga (valikul).</target></trans-unit>
<trans-unit id="305"><source>Change your password (optional).</source><target>Muuda oma parool (valikul).</target></trans-unit>
<trans-unit id="306"><source>Passwords do not match.</source><target>Paroolid ei kattu.</target></trans-unit>
<trans-unit id="307"><source>Password is too short. Use at least 8 characters.</source><target>Parool on liiga lühike. Kasuta vähemalt 8 tähemärki.</target></trans-unit>
<trans-unit id="308"><source>Save &amp; submit my pledges</source><target>Salvesta ja esita oma lubadused</target></trans-unit>
<trans-unit id="309"><source>Please enter your password.</source><target>Palun sisestage oma salasõna.</target></trans-unit>
<trans-unit id="310"><source>Company</source><target>Firma</target></trans-unit>
<trans-unit id="311"><source>Party</source><target>Erakond</target></trans-unit>
<trans-unit id="312"><source>Electorate</source><target>Valijaskond</target></trans-unit>
<trans-unit id="313"><source>Recipients</source><target>Toetuse saajad</target></trans-unit>
<trans-unit id="314"><source>Read pledge text</source><target>Loe lubaduse teksti.</target></trans-unit>
<trans-unit id="315"><source>Password</source><target>Parool</target></trans-unit>
<trans-unit id="316"><source>Password again</source><target>Parool</target></trans-unit>
<trans-unit id="317"><source>Enter</source><target>Sisesta</target></trans-unit>
<trans-unit id="318"><source>I pledged on #DATE#</source><target>tegutsesin #DATE#</target></trans-unit>
<trans-unit id="400"><source>Attention: You will receive a confirmation email. Check your email inbox (and junk folder) now! To confirm your action, click the link given in the email.</source><target>Tähelepanu! Saad kinnituse oma emailile. Kontrolli e-postkasti (igaks juhuks ka rämpsposti)! Oma allkirja kinnitamiseks kliki kirjas olevale lingile.</target></trans-unit>
<trans-unit id="401"><source>Attention: You've already taken part in this action (maybe on another website).</source><target>Tähelepanu : Sa oled juba osalenud aktsioonis (teisel veebilehel)</target></trans-unit>
<trans-unit id="402"><source>Your email is being validated, please wait!</source><target>Teie emaili aadressi kinnitatakse, palun oodake!</target></trans-unit>
<trans-unit id="403"><source>You verified your email address.</source><target>Oled kinnitanud oma e-maili aadressi</target></trans-unit>
<trans-unit id="404"><source>Your action is confirmed.</source><target>Teie tegevus on kinnitatud.</target></trans-unit>
<trans-unit id="405"><source>Use this moment to tell friends and family.</source><target>Jaga seda üleskutset ka oma pereliikmete ja sõpradega.</target></trans-unit>
<trans-unit id="406"><source>Your statement of support has been submitted successfully.</source><target>Täname osalemise eest! Olete Euroopa kodanikualgatuse allkirjastanud. </target></trans-unit>
<trans-unit id="407"><source>Signature identifier</source><target>Teie allkiri registreeritakse Euroopa Komisjoni juures järgmise tunnusnumbriga</target></trans-unit>
<trans-unit id="408"><source>Yes, please</source><target>Jah</target></trans-unit>
<trans-unit id="409"><source>No, thank you</source><target>Ei</target></trans-unit>
<trans-unit id="410"><source>Become part of the movement</source><target>Liitu uudiskirjaga</target></trans-unit>
<trans-unit id="411"><source>Join now</source><target>Liitu nüüd</target></trans-unit>
<trans-unit id="412"><source>Confirm and continue</source><target>Aktsepteeri ja jätka</target></trans-unit>
<trans-unit id="413"><source>Skip and go directly to signing the initiative in step 2</source><target>Mine otse toetust allkirjastama</target></trans-unit>
<trans-unit id="414"><source>Why do I have to share all this information?</source><target>Miks ma pean need andmed esitama?</target></trans-unit>
<trans-unit id="415"><source>Your national government decides what information you need to provide for a European Citizens' Initiative so that your signature can be validated and counted. Therefore, please fill in all lines. (Your data will be transmitted securely and encrypted. Your data can only be accessed by national authorities for verification purposes.)</source><target>Teie riigi valitsus otsustab, millised andmed tuleb Euroopa kodanikualgatusele esitada, et teie allkirja oleks võimalik kontrollida ja arvesse võtta. Seetõttu täitke kõik read. (Teie andmed edastatakse turvaliselt ja krüpteeritud kujul.  Euroopa kodanikualgatuse andmeid saavad näha ainult riiklikud ametiasutused allkirja kontrollimise eesmärgil.)</target></trans-unit>
<trans-unit id="416"><source>Sign up and become part of the movement.</source><target>&nbsp;</target></trans-unit>
</body>
</file>
</xliff>