<?xml version="1.0" encoding="UTF-8"?>
<!DOCTYPE xliff PUBLIC "-//XLIFF//DTD XLIFF//EN" "http://www.oasis-open.org/committees/xliff/documents/xliff.dtd">
<xliff version="1.0">
<file source-language="EN" target-language="de" datatype="plaintext" original="messages" date="2019-10-08T13:53:17Z" product-name="messages">
<header/>
<body>
<trans-unit id="1"><source>Petition</source><target>Petition</target></trans-unit>
<trans-unit id="2"><source>Email action</source><target>E-Mail Aktion</target></trans-unit>
<trans-unit id="3"><source>Initiative</source><target>Initiative</target></trans-unit>
<trans-unit id="4"><source>Appeal</source><target>Appell</target></trans-unit>
<trans-unit id="5"><source>Community</source><target>Community</target></trans-unit>
<trans-unit id="6"><source>Newsletter</source><target>Newsletter</target></trans-unit>
<trans-unit id="7"><source>Join</source><target>Mitmachen</target></trans-unit>
<trans-unit id="8"><source>Sign up</source><target>Abonnieren</target></trans-unit>
<trans-unit id="9"><source>Sign up to the newsletter</source><target>Newsletter abonnieren</target></trans-unit>
<trans-unit id="11"><source>Sign the Petition</source><target>Petition unterzeichnen</target></trans-unit>
<trans-unit id="12"><source>Send an Email</source><target>E-Mail senden</target></trans-unit>
<trans-unit id="13"><source>Support</source><target>Unterstützen</target></trans-unit>
<trans-unit id="14"><source>Take action</source><target>Mitmachen</target></trans-unit>
<trans-unit id="15"><source>Sign</source><target>Unterzeichnen</target></trans-unit>
<trans-unit id="16"><source>Send</source><target>Senden</target></trans-unit>
<trans-unit id="17"><source>Subscribe</source><target>Eintragen</target></trans-unit>
<trans-unit id="18"><source>Support the initiative</source><target>Initiative unterzeichnen</target></trans-unit>
<trans-unit id="19"><source>Support the appeal</source><target>Appell unterzeichnen</target></trans-unit>
<trans-unit id="20"><source>Join the community</source><target>Werde Teil der Bewegung</target></trans-unit>
<trans-unit id="21"><source>Name</source><target>Name</target></trans-unit>
<trans-unit id="22"><source>Full name</source><target>Vor- und Zuname</target></trans-unit>
<trans-unit id="23"><source>First name</source><target>Vorname</target></trans-unit>
<trans-unit id="24"><source>Last name</source><target>Nachname</target></trans-unit>
<trans-unit id="25"><source>Mr</source><target>Herr</target></trans-unit>
<trans-unit id="26"><source>Mrs</source><target>Frau</target></trans-unit>
<trans-unit id="27"><source>Mrs/Mr</source><target>Frau/Herr</target></trans-unit>
<trans-unit id="28"><source>City</source><target>Stadt</target></trans-unit>
<trans-unit id="29"><source>Post code</source><target>Postleitzahl</target></trans-unit>
<trans-unit id="30"><source>Country</source><target>Land</target></trans-unit>
<trans-unit id="31"><source>Address</source><target>Adresse</target></trans-unit>
<trans-unit id="32"><source>Email address</source><target>E-Mail</target></trans-unit>
<trans-unit id="33"><source>Personal comment</source><target>Persönlicher Kommentar</target></trans-unit>
<trans-unit id="34"><source>PP Heading</source><target>Datenschutzerklärung</target></trans-unit>
<trans-unit id="35"><source>I accept the _privacy policy_</source><target>Ich akzeptiere die _Datenschutzbestimmungen_</target></trans-unit>
<trans-unit id="36"><source>Keep me posted on this and similar campaigns.</source><target>Informieren Sie mich über den Fortgang dieser und ähnlicher Aktionen.</target></trans-unit>
<trans-unit id="37"><source>Reminder:</source><target>Erinnerung:</target></trans-unit>
<trans-unit id="38"><source>Thank you</source><target>Vielen Dank</target></trans-unit>
<trans-unit id="46"><source>Share</source><target>Weitersagen</target></trans-unit>
<trans-unit id="47"><source>Tell your friends</source><target>Weitersagen</target></trans-unit>
<trans-unit id="48"><source>Separate email addresses with a comma.</source><target>Trenne E-Mail-Adressen mit einem Komma</target></trans-unit>
<trans-unit id="49"><source>We have sent an email with information about this campaign to the address(es) specified.</source><target>Wir haben eine E-Mail mit Informationen über die Kampagne an die von Ihnen angegebene(n) E-Mail-Adresse(n) verschickt.</target></trans-unit>
<trans-unit id="50"><source>Donate</source><target>Spenden</target></trans-unit>
<trans-unit id="51"><source>Help us fund this campaign. Give whatever you can now using the safe and secure paypal form below.</source><target>Helfen Sie, diese Kampagne zu finanzieren. Spenden Sie so viel Ihnen möglich ist. Nutzen Sie das Formular unten für eine sichere Zahlung via Paypal.</target></trans-unit>
<trans-unit id="52"><source>Amount</source><target>Betrag</target></trans-unit>
<trans-unit id="53"><source>Last signers</source><target>Liste der Unterzeichner</target></trans-unit>
<trans-unit id="54"><source>All signers</source><target>Alle Unterzeichner</target></trans-unit>
<trans-unit id="61"><source>Back</source><target>Zurück</target></trans-unit>
<trans-unit id="62"><source>Background</source><target>Hintergrund</target></trans-unit>
<trans-unit id="63"><source>Read more</source><target>Erfahren Sie mehr</target></trans-unit>
<trans-unit id="64"><source>More actions</source><target>Starten Sie Ihre Petition!</target></trans-unit>
<trans-unit id="66"><source># Participants</source><target># sind dabei</target></trans-unit>
<trans-unit id="67"><source># emails sent</source><target># E-Mails verschickt</target></trans-unit>
<trans-unit id="68"><source>The action starts on #DATE#. Stay tuned and spread the word!</source><target>Diese Aktion beginnt am #DATE#. Bleiben Sie dran, und mobilisieren Sie andere!</target></trans-unit>
<trans-unit id="69"><source>This action is over. Thanks to the #COUNTER# people who signed-up!</source><target>Diese Aktion ist vorbei. Vielen Dank an die #COUNTER# Menschen, die mitgemacht haben!</target></trans-unit>
<trans-unit id="70"><source>select</source><target>auswählen</target></trans-unit>
<trans-unit id="71"><source>select all</source><target>An alle senden</target></trans-unit>
<trans-unit id="72"><source>Recipient(s)</source><target>Empfänger</target></trans-unit>
<trans-unit id="81"><source>Embed this</source><target>Einbetten</target></trans-unit>
<trans-unit id="82"><source>Organisation</source><target>Organisation</target></trans-unit>
<trans-unit id="83"><source>Register your widget</source><target>Widget registrieren</target></trans-unit>
<trans-unit id="84"><source>Generate widget</source><target>Widget anlegen</target></trans-unit>
<trans-unit id="85"><source>Change widget</source><target>Widget ändern</target></trans-unit>
<trans-unit id="86"><source>Embed this code</source><target>Einbettungscode</target></trans-unit>
<trans-unit id="101"><source>Customise your widget</source><target>Widget anpassen</target></trans-unit>
<trans-unit id="102"><source>Widget type</source><target>Widget Typ</target></trans-unit>
<trans-unit id="103"><source>Embed</source><target>Einbettung</target></trans-unit>
<trans-unit id="104"><source>Popup</source><target>Pop-up</target></trans-unit>
<trans-unit id="105"><source>Email Validation Landingpage - auto forwarding to external page</source><target>E-Mail-Bestätigungsseite - hierhin wird automatisch weitergeleitet</target></trans-unit>
<trans-unit id="106"><source>Width</source><target>Breite</target></trans-unit>
<trans-unit id="107"><source>You may define a precise widget width. Select "auto" and the widget will adapt to the space available (max: 1000px). Should there be less than 440px width available, contents will display in one column (instead of two) with the sign-on-form below the petition text. On mobile devices with less than 768px device-width, the widget-width is set to 360px for smooth reading on smartphones.</source><target>Sie können eine präzise Widget-Breite definieren. Wählen Sie "Auto" und das Widget wird an den verfügbaren Platz angepasst (max: 1000px). Sollten weniger als 440px Breite verfügbar sein, wird der Inhalt in einer Spalte (statt zwei) mit der Sign-On-Option unterhalb des Petitions Textes angezeigt. Für eine gute Lesbarkeit auf mobilen Geräten mit weniger als 768px Breite, wird die Widget-Breite auf 360px gesetzt.</target></trans-unit>
<trans-unit id="108"><source>Text title</source><target>Titel, links</target></trans-unit>
<trans-unit id="109"><source>Text body</source><target>Text </target></trans-unit>
<trans-unit id="110"><source>Button</source><target>Button</target></trans-unit>
<trans-unit id="111"><source>Backgr left</source><target>Hintergrund links </target></trans-unit>
<trans-unit id="121"><source>Backgr right</source><target>Hintergrund rechts </target></trans-unit>
<trans-unit id="122"><source>Form title</source><target>Titel, rechts</target></trans-unit>
<trans-unit id="123"><source>Customise contents: use your own words to convince your target group. To change the title, introduction and background texts, copy the texts from the edit fields into a text editor, make your changes and paste them back into the edit fields. Thereafter, adapt the width and the colours to seamlessly integrate the widget into your website design.</source><target>Sie können diese Aktionsbox in Ihre Website oder Ihren Blog integrieren. Wir nennen diese Box "widget". Wenn Sie möchten, passen Sie den Titel, die Einführungs- und Hintergrundtexte an die Bedürfnisse Ihrer Zielgruppe an. Kopieren Sie dazu die Texte aus den Editfeldern in einen Texteditor, verändern Sie sie dort nach Belieben und fügen Sie die veränderten Texte wieder in die Editfelder ein. Passen Sie auch die Breite und Farben des Widgets an Ihre Website an.</target></trans-unit>
<trans-unit id="124"><source>Title</source><target>Titel</target></trans-unit>
<trans-unit id="125"><source>Target, Subheading</source><target>Adressat, Untertitel</target></trans-unit>
<trans-unit id="126"><source>Intro</source><target>Intro (optional)</target></trans-unit>
<trans-unit id="127"><source>Body</source><target>Haupttext</target></trans-unit>
<trans-unit id="128"><source>Footer</source><target>Schlusstext (optional)</target></trans-unit>
<trans-unit id="129"><source>Subject</source><target>Betreff</target></trans-unit>
<trans-unit id="130"><source>Email body</source><target>E-Mail Text</target></trans-unit>
<trans-unit id="131"><source>Choose 'Embed' to have this box ("widget") embedded into your webpage, including texts and action-form. Visitors can instantly read all and take action. However, you need at least 440px width to embed the widget. Choose 'Popup' if you lack sufficient space on your webpage. You will get a small box ("teaser") with flexible width (at least 150px). If visitors click on the teaser, the big action-widget pops up.</source><target>Nehmen Sie das 'Embed', wenn möglich: Sie benötigen mindestens 440px breit Platz auf ihrer Webseite. Der 'Embed' Typ ist die bessere Wahl, weil Ihre Besucher/Innen den gesamten Inhalt des "Widgets" gleich sehen können. Wenn Sie nicht mindestens 440px breit Platz zur Verfügung haben, nehmen Sie das 'Pop-up'. Das erzeugt eine kleine "Teaser"-Box (flexible Breite, mindestens 150px). Ein Klick auf den Teaser öffnet das große Aktions-Widget in einem Pop-up.</target></trans-unit>
<trans-unit id="166"><source>Target #</source><target>Ziel #</target></trans-unit>
<trans-unit id="201"><source>Hello</source><target>Hallo</target></trans-unit>
<trans-unit id="202"><source>Dear Madam %F %L,</source><target>Sehr geehrte Frau %L,</target></trans-unit>
<trans-unit id="203"><source>Dear Sir %F %L,</source><target>Sehr geehrter Herr %L,</target></trans-unit>
<trans-unit id="204"><source>Dear Sir/Madam %F %L,</source><target>Sehr geehrte/r %F %L,</target></trans-unit>
<trans-unit id="301"><source>Yes</source><target>Ja</target></trans-unit>
<trans-unit id="302"><source>No</source><target>Nein</target></trans-unit>
<trans-unit id="303"><source>No comment</source><target>Kein Kommentar</target></trans-unit>
<trans-unit id="304"><source>Secure your pledge page with a password (optional).</source><target>Sichern Sie den Zugang zu Ihrer Seite mit einem Passwort (optional).</target></trans-unit>
<trans-unit id="305"><source>Change your password (optional).</source><target>Passwort ändern (optional)</target></trans-unit>
<trans-unit id="306"><source>Passwords do not match.</source><target>Die eingegebenen Passwörter stimmen nicht überein.</target></trans-unit>
<trans-unit id="307"><source>Password is too short. Use at least 8 characters.</source><target>Das eingegebene Passwort ist zu kurz. Es muss mindestens 8 Zeichen lang sein.</target></trans-unit>
<trans-unit id="308"><source>Save &amp; submit my pledges</source><target>Speichern und gemachte Zusagen abschicken</target></trans-unit>
<trans-unit id="309"><source>Please enter your password.</source><target>Bitte Passwort eingeben.</target></trans-unit>
<trans-unit id="310"><source>Company</source><target>Unternehmen</target></trans-unit>
<trans-unit id="311"><source>Party</source><target>Partei</target></trans-unit>
<trans-unit id="312"><source>Electorate</source><target>Wahlkreis</target></trans-unit>
<trans-unit id="313"><source>Recipients</source><target>Empfänger</target></trans-unit>
<trans-unit id="314"><source>Read pledge text</source><target>Text der Zusage lesen</target></trans-unit>
<trans-unit id="315"><source>Password</source><target>Passwort</target></trans-unit>
<trans-unit id="316"><source>Password again</source><target>Passwort wiederholen</target></trans-unit>
<trans-unit id="317"><source>Enter</source><target>Eingeben</target></trans-unit>
<trans-unit id="318"><source>I pledged on #DATE#</source><target>Am #DATE# abgegeben.</target></trans-unit>
<trans-unit id="400"><source>Attention: You will receive a confirmation email. Check your email inbox (and junk folder) now! To confirm your action, click the link given in the email.</source><target>Achtung: Sie erhalten jetzt eine Bestätigungs-E-Mail. Prüfen Sie  Ihren Posteingang (und ggf. Spam-Ordner)! Um die Aktion zu bestätigen, klicken Sie auf den Bestätigungs-Link in der E-Mail.</target></trans-unit>
<trans-unit id="401"><source>Attention: You've already taken part in this action (maybe on another website).</source><target>Achtung: Sie haben an dieser Aktion bereits teilgenommen (vielleicht auf einer anderen Website).</target></trans-unit>
<trans-unit id="402"><source>Your email is being validated, please wait!</source><target>Ihre E-Mail-Adresse wird bestätigt, bitte warten!</target></trans-unit>
<trans-unit id="403"><source>You verified your email address.</source><target>Sie haben Ihre E-Mail Adresse verifiziert.</target></trans-unit>
<trans-unit id="404"><source>Your action is confirmed.</source><target>Ihre Teilnahme wird gezählt.</target></trans-unit>
<trans-unit id="405"><source>Use this moment to tell friends and family.</source><target>Informieren Sie jetzt Freunde und Familie.</target></trans-unit>
<trans-unit id="406"><source>Your statement of support has been submitted successfully.</source><target>Ihre Unterstützungsbekundung ist eingegangen!</target></trans-unit>
<trans-unit id="407"><source>Signature identifier</source><target>Referenznummer:</target></trans-unit>
<trans-unit id="408"><source>Yes, please</source><target>Ja, bitte</target></trans-unit>
<trans-unit id="409"><source>No, thank you</source><target>Nein, danke</target></trans-unit>
<trans-unit id="410"><source>Become part of the movement</source><target>Werde Teil der Bewegung</target></trans-unit>
<trans-unit id="411"><source>Join now</source><target>Jetzt mitmachen!</target></trans-unit>
<trans-unit id="412"><source>Confirm and continue</source><target>Bestätigen und weiter</target></trans-unit>
<trans-unit id="413"><source>Skip and go directly to signing the initiative in step 2</source><target>Direkt zur Unterzeichnung der Initiative in Schritt 2</target></trans-unit>
</body>
</file>
</xliff>
