﻿<?xml version="1.0" encoding="UTF-8"?>
<!DOCTYPE xliff PUBLIC "-//XLIFF//DTD XLIFF//EN" "http://www.oasis-open.org/committees/xliff/documents/xliff.dtd">
<xliff version="1.0">
<file source-language="EN" target-language="lt" datatype="plaintext" original="messages" date="2019-10-08T13:53:17Z" product-name="messages">
<header/>
<body>
<trans-unit id="1"><source>Petition</source><target>Peticija</target></trans-unit>
<trans-unit id="2"><source>Email action</source><target>paštas veiksmas</target></trans-unit>
<trans-unit id="3"><source>Initiative</source><target>Iniciatyva</target></trans-unit>
<trans-unit id="4"><source>Appeal</source><target>Kreipimasis </target></trans-unit>
<trans-unit id="5"><source>Community</source><target>Bendruomenė</target></trans-unit>
<trans-unit id="6"><source>Newsletter</source><target>Naujinelaiškis </target></trans-unit>
<trans-unit id="7"><source>Join</source><target>Prisijungti</target></trans-unit>
<trans-unit id="8"><source>Sign up</source><target>Registruotis</target></trans-unit>
<trans-unit id="9"><source>Sign up to the newsletter</source><target>Registruotis naujienlaiškiui</target></trans-unit>
<trans-unit id="11"><source>Sign the Petition</source><target>Pasirašykite peticiją</target></trans-unit>
<trans-unit id="12"><source>Send an Email</source><target>Siųsti žinutę</target></trans-unit>
<trans-unit id="13"><source>Support</source><target>Pritarti</target></trans-unit>
<trans-unit id="14"><source>Take action</source><target>Imtis veiksmų</target></trans-unit>
<trans-unit id="15"><source>Sign</source><target>Pasirašyti</target></trans-unit>
<trans-unit id="16"><source>Send</source><target>Siųsti</target></trans-unit>
<trans-unit id="17"><source>Subscribe</source><target>Prenumeruoti</target></trans-unit>
<trans-unit id="18"><source>Support the initiative</source><target>Pasirašykite iniciatyvą</target></trans-unit>
<trans-unit id="19"><source>Support the appeal</source><target>Paremkite kreipimąsi</target></trans-unit>
<trans-unit id="20"><source>Join the community</source><target>Junkitės prie bendruomenės</target></trans-unit>
<trans-unit id="21"><source>Name</source><target>Pavadinimas</target></trans-unit>
<trans-unit id="22"><source>Full name</source><target>Vardas ir pavardė</target></trans-unit>
<trans-unit id="23"><source>First name</source><target>Vardas</target></trans-unit>
<trans-unit id="24"><source>Last name</source><target>Pavardė</target></trans-unit>
<trans-unit id="25"><source>Mr</source><target>Ponas</target></trans-unit>
<trans-unit id="26"><source>Mrs</source><target>Panelė/Ponia</target></trans-unit>
<trans-unit id="27"><source>Mrs/Mr</source><target>Panelė/Ponia/Ponas</target></trans-unit>
<trans-unit id="28"><source>City</source><target>Miestas</target></trans-unit>
<trans-unit id="29"><source>Post code</source><target>Pašto indeksas</target></trans-unit>
<trans-unit id="30"><source>Country</source><target>Šalis</target></trans-unit>
<trans-unit id="31"><source>Address</source><target>Adresas</target></trans-unit>
<trans-unit id="32"><source>Email address</source><target>El. pašto adresas</target></trans-unit>
<trans-unit id="33"><source>Personal comment</source><target>Komentaras</target></trans-unit>
<trans-unit id="34"><source>PP Heading</source><target>Privatumo politika</target></trans-unit>
<trans-unit id="35"><source>I accept the _privacy policy_</source><target>Sutinku su _privatumo politika_</target></trans-unit>
<trans-unit id="36"><source>Keep me posted on this and similar campaigns.</source><target>Noriu gauti daugiau informacijos apie šią ir panašias akcijas.</target></trans-unit>
<trans-unit id="37"><source>Reminder:</source><target>Priminimas</target></trans-unit>
<trans-unit id="38"><source>Thank you</source><target>Ačiū!</target></trans-unit>
<trans-unit id="46"><source>Share</source><target>Dalintis</target></trans-unit>
<trans-unit id="47"><source>Tell your friends</source><target>Papasakokite savo draugams</target></trans-unit>
<trans-unit id="48"><source>Separate email addresses with a comma.</source><target>Pašto adresus atskirkite kableliu.</target></trans-unit>
<trans-unit id="49"><source>We have sent an email with information about this campaign to the address(es) specified.</source><target>Mes išsiuntėme laišką su informacija apie šią kampaniją nurdytu adresu (-ais ).</target></trans-unit>
<trans-unit id="50"><source>Donate</source><target>Paremti</target></trans-unit>
<trans-unit id="51"><source>Help us fund this campaign. Give whatever you can now using the safe and secure paypal form below.</source><target>Padėkite mums finansuoti šią kampaniją . Paremkite kiek galite naudodami žemiau esančią saugią ir patikimą paypal formą.</target></trans-unit>
<trans-unit id="52"><source>Amount</source><target>Suma</target></trans-unit>
<trans-unit id="53"><source>Last signers</source><target>Pastarieji  rėmėjai</target></trans-unit>
<trans-unit id="54"><source>All signers</source><target>Visi rėmėjai</target></trans-unit>
<trans-unit id="61"><source>Back</source><target>Atgal</target></trans-unit>
<trans-unit id="62"><source>Background</source><target>Pagrindinė informacija</target></trans-unit>
<trans-unit id="63"><source>Read more</source><target>Skaityti daugiau</target></trans-unit>
<trans-unit id="64"><source>More actions</source><target>Pradėkite savo peticiją!</target></trans-unit>
<trans-unit id="66"><source># Participants</source><target># dalyviai</target></trans-unit>
<trans-unit id="67"><source># emails sent</source><target># iki šiol išsiųsti laiškai</target></trans-unit>
<trans-unit id="68"><source>The action starts on #DATE#. Stay tuned and spread the word!</source><target>Akcija prasideda #DATE#. Likite su mumis ir dalinkitės naujienomis!</target></trans-unit>
<trans-unit id="69"><source>This action is over. Thanks to the #COUNTER# people who signed-up!</source><target>Ši veikla baigėsi. Dėkojame #COUNTER# žmonių, kurie užsiregistravo!</target></trans-unit>
<trans-unit id="70"><source>select</source><target>Pasirinkti</target></trans-unit>
<trans-unit id="71"><source>select all</source><target>Siųsti visiems</target></trans-unit>
<trans-unit id="72"><source>Recipient(s)</source><target>Gavėjas (-ai)</target></trans-unit>
<trans-unit id="81"><source>Embed this</source><target>Įdėkite šį</target></trans-unit>
<trans-unit id="82"><source>Organisation</source><target>Organizacija</target></trans-unit>
<trans-unit id="83"><source>Register your widget</source><target>Užregistruokite savo valdiklį</target></trans-unit>
<trans-unit id="84"><source>Generate widget</source><target>Sukurkite valdiklį </target></trans-unit>
<trans-unit id="85"><source>Change widget</source><target>Keisti valdiklį</target></trans-unit>
<trans-unit id="86"><source>Embed this code</source><target>Įterpkite šį kodą</target></trans-unit>
<trans-unit id="101"><source>Customise your widget</source><target>Individualizuokite savo valdiklį</target></trans-unit>
<trans-unit id="102"><source>Widget type</source><target>Valdiklio tipas</target></trans-unit>
<trans-unit id="103"><source>Embed</source><target>Įdėti</target></trans-unit>
<trans-unit id="104"><source>Popup</source><target>Iššokantis</target></trans-unit>
<trans-unit id="105"><source>Email Validation Landingpage - auto forwarding to external page</source><target>Sutikimo patvirtinimo el. laiško nukreipimo puslapis (http://…)</target></trans-unit>
<trans-unit id="106"><source>Width</source><target>Plotis</target></trans-unit>
<trans-unit id="107"><source>You may define a precise widget width. Select "auto" and the widget will adapt to the space available (max: 1000px). Should there be less than 440px width available, contents will display in one column (instead of two) with the sign-on-form below the petition text. On mobile devices with less than 768px device-width, the widget-width is set to 360px for smooth reading on smartphones.</source><target>Galite apibrėžti tikslų valdiklio plotį. Pasirinkite „auto“ ir valdiklis prisitaikys prie turimos vietos (maks.: 1000 pikselių). Jei turimas mažesnis kaip 440 pikselių plotis, turinys bus rodomas viename stulpelyje (o ne dviejuose) su pasirašymo forma žemiau peticijos teksto. Mobiliuosiuose įrenginiuose, kurių įrenginio plotis mažesnis nei 768 pikseliai, valdiklio plotis nustatytas į 360 pikselių, kad būtų galima sklandžiai skaityti išmaniuosiuose telefonuose.</target></trans-unit>
<trans-unit id="108"><source>Text title</source><target>Pavadinimas,  kairė</target></trans-unit>
<trans-unit id="109"><source>Text body</source><target>Tekstas</target></trans-unit>
<trans-unit id="110"><source>Button</source><target>Mygtukas</target></trans-unit>
<trans-unit id="111"><source>Backgr left</source><target>Fonas kairė</target></trans-unit>
<trans-unit id="121"><source>Backgr right</source><target>Fonas dešinė</target></trans-unit>
<trans-unit id="122"><source>Form title</source><target>Pavadinimas, dešinė</target></trans-unit>
<trans-unit id="123"><source>Customise contents: use your own words to convince your target group. To change the title, introduction and background texts, copy the texts from the edit fields into a text editor, make your changes and paste them back into the edit fields. Thereafter, adapt the width and the colours to seamlessly integrate the widget into your website design.</source><target>Pritaikykite  turinį: naudokite savo žodžius, kad įtikintumėte tikslinę grupę. Norėdami pakeisti pavadinimą, įvadą ir pagrindžiančius  tekstus, nukopijuokite tekstus iš redagavimo laukų į teksto readaktorių, atlikite pakeitimus ir įklijuokite juos atgal į redagavimo laukus. Vėliau pritaikykite plotį ir spalvas, kad sklandžiai integruotumėte valdiklį į savo svetainės dizainą.</target></trans-unit>
<trans-unit id="124"><source>Title</source><target>Pavadinimas</target></trans-unit>
<trans-unit id="125"><source>Target, Subheading</source><target>Tikslas. Paantraštė</target></trans-unit>
<trans-unit id="126"><source>Intro</source><target>Įvadas</target></trans-unit>
<trans-unit id="127"><source>Body</source><target>Peticija tekstas</target></trans-unit>
<trans-unit id="128"><source>Footer</source><target>Puslapinė poraštė</target></trans-unit>
<trans-unit id="129"><source>Subject</source><target>Tema</target></trans-unit>
<trans-unit id="130"><source>Email body</source><target>Laiško tekstas </target></trans-unit>
<trans-unit id="131"><source>Choose 'Embed' to have this box ("widget") embedded into your webpage, including texts and action-form. Visitors can instantly read all and take action. However, you need at least 440px width to embed the widget. Choose 'Popup' if you lack sufficient space on your webpage. You will get a small box ("teaser") with flexible width (at least 150px). If visitors click on the teaser, the big action-widget pops up.</source><target>Pasirinkite „Įterpti“, jei norite, kad šis langelis (valdiklis) būtų įdėtas į jūsų tinklalapį, įskaitant tekstus ir veiksmo formą. Lankytojai gali iš karto viską perskaityti  ir imtis veiksmų. Tačiau norint įterpti valdiklį, jums reikia bent 440 pikselių pločio. Pasirinkite „Iššokantis“, jei jūsų tinklalapyje trūksta vietos. Gausite nedidelį llangelį („užuominą“), kurios plotis lankstus (mažiausiai 150 taškų). Jei lankytojai paspaudžia ant užuominos, pasirodo didelis veiksmo valdiklis.</target></trans-unit>
<trans-unit id="166"><source>Target #</source><target>Tikslas #</target></trans-unit>
<trans-unit id="201"><source>Hello</source><target>Sveiki</target></trans-unit>
<trans-unit id="202"><source>Dear Madam %F %L,</source><target>Gerbiamoji ponia %F %L,</target></trans-unit>
<trans-unit id="203"><source>Dear Sir %F %L,</source><target>Gerbiamasis %F %L,</target></trans-unit>
<trans-unit id="204"><source>Dear Sir/Madam %F %L,</source><target>Gerbiamoji/Gerbiamasis %F %L,</target></trans-unit>
<trans-unit id="301"><source>Yes</source><target>Taip</target></trans-unit>
<trans-unit id="302"><source>No</source><target>Ne</target></trans-unit>
<trans-unit id="303"><source>No comment</source><target>Komentarų nėra</target></trans-unit>
<trans-unit id="304"><source>Secure your pledge page with a password (optional).</source><target>Apsaugokite savo įsipareigojimo puslapį  slaptažodžiu (neprivaloma).</target></trans-unit>
<trans-unit id="305"><source>Change your password (optional).</source><target>Pakeiskite slaptažodį (pasirinktinai).</target></trans-unit>
<trans-unit id="306"><source>Passwords do not match.</source><target>Slaptažodžiai nesutampa.</target></trans-unit>
<trans-unit id="307"><source>Password is too short. Use at least 8 characters.</source><target>Slaptažodis per trumpas. Naudokite bent 8 simbolius.</target></trans-unit>
<trans-unit id="308"><source>Save &amp; submit my pledges</source><target>Išsaugoti  &amp;  pateikti įsipareigojimus</target></trans-unit>
<trans-unit id="309"><source>Please enter your password.</source><target>Prašome įvesti slaptažodį.</target></trans-unit>
<trans-unit id="310"><source>Company</source><target>Įmonė</target></trans-unit>
<trans-unit id="311"><source>Party</source><target>Partija</target></trans-unit>
<trans-unit id="312"><source>Electorate</source><target>Rinkėjai</target></trans-unit>
<trans-unit id="313"><source>Recipients</source><target>Gavėjai</target></trans-unit>
<trans-unit id="314"><source>Read pledge text</source><target>Skaityti įsipareigojimo tekstą.</target></trans-unit>
<trans-unit id="315"><source>Password</source><target>Slaptažodis</target></trans-unit>
<trans-unit id="316"><source>Password again</source><target>Pakartokite slaptažodį</target></trans-unit>
<trans-unit id="317"><source>Enter</source><target>Įveskite</target></trans-unit>
<trans-unit id="318"><source>I pledged on #DATE#</source><target>Aš įsipareigoju nuo #DATE#</target></trans-unit>
<trans-unit id="400"><source>Attention: You will receive a confirmation email. Check your email inbox (and junk folder) now! To confirm your action, click the link given in the email.</source><target>Dėmesio: Į savo el. pašto dėžutę  gausite patvirtinimo laišką (patikrinkite ir šiukšliadėžės aplanką). Būtinai paspauskite laiške esančią nuorodą, kad patvirtintumėte savo el. pašto adresą, nes tik tada jūsų laiškas bus išsiųstas.</target></trans-unit>
<trans-unit id="401"><source>Attention: You've already taken part in this action (maybe on another website).</source><target>Dėmesio: Jūs jau dalyvavote šioje akcijoje (gal kitoje svetainėje) .</target></trans-unit>
<trans-unit id="402"><source>Your email is being validated, please wait!</source><target>Tikriname jūsų el. pašto adresą, prašome palaukti!</target></trans-unit>
<trans-unit id="403"><source>You verified your email address.</source><target>Jūs patvirtinote savo el. pašto adresą.</target></trans-unit>
<trans-unit id="404"><source>Your action is confirmed.</source><target>Jūsų akcija  sėkmingai patvirtinta </target></trans-unit>
<trans-unit id="405"><source>Use this moment to tell friends and family.</source><target>Skirkite dar minutę pasidalinti informacija apie šią iniciatyvą su savo bendraminčiais.</target></trans-unit>
<trans-unit id="406"><source>Your statement of support has been submitted successfully.</source><target>Dėkojame jums už dalyvavimą! Jūs pasirašėte Europos piliečių iniciatyvą. </target></trans-unit>
<trans-unit id="407"><source>Signature identifier</source><target>Jūsų parašas bus užregistruotas ES Komisijoje, naudojant parašo identiffikatorių</target></trans-unit>
<trans-unit id="408"><source>Yes, please</source><target>Taip </target></trans-unit>
<trans-unit id="409"><source>No, thank you</source><target>Ne</target></trans-unit>
<trans-unit id="410"><source>Become part of the movement</source><target>Registruotis naujienlaiškiui</target></trans-unit>
<trans-unit id="411"><source>Join now</source><target>Prisijungti  dabar </target></trans-unit>
<trans-unit id="412"><source>Confirm and continue</source><target>Patvirtinkite ir tęskite</target></trans-unit>
<trans-unit id="413"><source>Skip and go directly to signing the initiative in step 2</source><target>Praleisti ir iškarto pereiti prie iniciatyvos pasirašymo antrąjame etape</target></trans-unit>
<trans-unit id="414"><source>Why do I have to share all this information?</source><target>Kodėl turėčiau pasidalinti šia informacija?</target></trans-unit>
<trans-unit id="415"><source>Your national government decides what information you need to provide for a European Citizens' Initiative so that your signature can be validated and counted. Therefore, please fill in all lines. (Your data will be transmitted securely and encrypted. Your data can only be accessed by national authorities for verification purposes.)</source><target>Jūsų nacionalinė vyriausybė sprendžia, kokią informaciją reikia pateikti Europos piliečių iniciatyvai, kad jūsų parašas galėtų būti patikrintas ir įskaitytas.   Todėl prašome užpildyti visas eilutes. (Jūsų duomenys bus perduoti saugiai ir užkoduoti. Europos piliečių iniciatyvos duomenis gali gauti tik nacionalinės įstaigos, kad galėtų juos patikrinti).</target></trans-unit>
<trans-unit id="416"><source>Sign up and become part of the movement.</source><target>&nbsp;</target></trans-unit>
</body>
</file>
</xliff>