﻿<?xml version="1.0" encoding="UTF-8"?>
<!DOCTYPE xliff PUBLIC "-//XLIFF//DTD XLIFF//EN" "http://www.oasis-open.org/committees/xliff/documents/xliff.dtd">
<xliff version="1.0">
<file source-language="EN" target-language="pt" datatype="plaintext" original="messages" date="2019-10-30T13:53:17Z" product-name="messages">
<header/>
<body>
<trans-unit id="1"><source>Petition</source><target>Petição</target></trans-unit>
<trans-unit id="2"><source>Email action</source><target>Acção de E-mail</target></trans-unit>
<trans-unit id="3"><source>Initiative</source><target>Iniciativa</target></trans-unit>
<trans-unit id="4"><source>Appeal</source><target>Apelo</target></trans-unit>
<trans-unit id="5"><source>Community</source><target>Comunidade</target></trans-unit>
<trans-unit id="6"><source>Newsletter</source><target>Newsletter</target></trans-unit>
<trans-unit id="7"><source>Join</source><target>Junta-te</target></trans-unit>
<trans-unit id="8"><source>Sign up</source><target>Subscrever</target></trans-unit>
<trans-unit id="9"><source>Sign up to the newsletter</source><target>Subscrição da newsletter</target></trans-unit>
<trans-unit id="11"><source>Sign the Petition</source><target>Assina a petição</target></trans-unit>
<trans-unit id="12"><source>Send an Email</source><target>Envia um e-mail</target></trans-unit>
<trans-unit id="13"><source>Support</source><target>Apoia</target></trans-unit>
<trans-unit id="14"><source>Take action</source><target>Toma iniciativa</target></trans-unit>
<trans-unit id="15"><source>Sign</source><target>Assina</target></trans-unit>
<trans-unit id="16"><source>Send</source><target>Enviar</target></trans-unit>
<trans-unit id="17"><source>Subscribe</source><target>Subscrever</target></trans-unit>
<trans-unit id="18"><source>Support the initiative</source><target>Apoia a iniciativa</target></trans-unit>
<trans-unit id="19"><source>Support the appeal</source><target>Apoia o apelo</target></trans-unit>
<trans-unit id="20"><source>Join the community</source><target>Junta-te à comunidade</target></trans-unit>
<trans-unit id="21"><source>Name</source><target>Nome</target></trans-unit>
<trans-unit id="22"><source>Full name</source><target>Nome completo</target></trans-unit>
<trans-unit id="23"><source>First name</source><target>Primeiro nome</target></trans-unit>
<trans-unit id="24"><source>Last name</source><target>Apelido</target></trans-unit>
<trans-unit id="25"><source>Mr</source><target>Sr.</target></trans-unit>
<trans-unit id="26"><source>Mrs</source><target>Sra.</target></trans-unit>
<trans-unit id="27"><source>Mrs/Mr</source><target>Sra./Sr.</target></trans-unit>
<trans-unit id="28"><source>City</source><target>Cidade</target></trans-unit>
<trans-unit id="29"><source>Post code</source><target>Código Postal</target></trans-unit>
<trans-unit id="30"><source>Country</source><target>País</target></trans-unit>
<trans-unit id="31"><source>Address</source><target>Endereço</target></trans-unit>
<trans-unit id="32"><source>Email address</source><target>Endereço de e-mail</target></trans-unit>
<trans-unit id="33"><source>Personal comment</source><target>Comentário</target></trans-unit>
<trans-unit id="34"><source>PP Heading</source><target>Política de privacidade</target></trans-unit>
<trans-unit id="35"><source>I accept the _privacy policy_</source><target>Eu aceito a _política de privacidade_.</target></trans-unit>
<trans-unit id="36"><source>Keep me posted on this and similar campaigns.</source><target>Continuem a enviar-me informações sobre esta e outras campanhas semelhantes.</target></trans-unit>
<trans-unit id="37"><source>Reminder:</source><target>Lembrete:</target></trans-unit>
<trans-unit id="38"><source>Thank you</source><target>Obrigad@</target></trans-unit>
<trans-unit id="46"><source>Share</source><target>Partilha</target></trans-unit>
<trans-unit id="47"><source>Tell your friends</source><target>Diz aos teus amigos</target></trans-unit>
<trans-unit id="48"><source>Separate email addresses with a comma.</source><target>Separa os endereços de e-mail com uma vírgula.</target></trans-unit>
<trans-unit id="49"><source>We have sent an email with information about this campaign to the address(es) specified.</source><target>Enviámos um e-mail com informação sobre esta campanha para o(s) endereço(s) especificado(s).</target></trans-unit>
<trans-unit id="50"><source>Donate</source><target>Faça um donativo</target></trans-unit>
<trans-unit id="51"><source>Help us fund this campaign. Give whatever you can now using the safe and secure paypal form below.</source><target>Ajuda-nos a financiar esta campanha. Dá agora o que puderes através do formulário seguro da paypal mais abaixo.</target></trans-unit>
<trans-unit id="52"><source>Amount</source><target>Quantidade</target></trans-unit>
<trans-unit id="53"><source>Last signers</source><target>Últimos signatários</target></trans-unit>
<trans-unit id="54"><source>All signers</source><target>Todos os signatários</target></trans-unit>
<trans-unit id="61"><source>Back</source><target>Para trás</target></trans-unit>
<trans-unit id="62"><source>Background</source><target>Fundo</target></trans-unit>
<trans-unit id="63"><source>Read more</source><target>Ler mais</target></trans-unit>
<trans-unit id="64"><source>More actions</source><target>Mais acções</target></trans-unit>
<trans-unit id="66"><source># Participants</source><target># participantes</target></trans-unit>
<trans-unit id="67"><source># emails sent</source><target># e-mails enviados</target></trans-unit>
<trans-unit id="68"><source>The action starts on #DATE#. Stay tuned and spread the word!</source><target>A campanha começa a #DATE#. Fica atento e espalha a palavra!</target></trans-unit>
<trans-unit id="69"><source>This action is over. Thanks to the #COUNTER# people who signed-up!</source><target>A campanha terminou. Obrigado às #COUNTER# pessoas que assinaram a petição!</target></trans-unit>
<trans-unit id="70"><source>select</source><target>Seleccionar</target></trans-unit>
<trans-unit id="71"><source>select all</source><target>Seleccionar tudo</target></trans-unit>
<trans-unit id="72"><source>Recipient(s)</source><target>Destinatário</target></trans-unit>
<trans-unit id="81"><source>Embed this</source><target>Incorporar isto</target></trans-unit>
<trans-unit id="82"><source>Organisation</source><target>Organização</target></trans-unit>
<trans-unit id="83"><source>Register your widget</source><target>Regista o teu widget</target></trans-unit>
<trans-unit id="84"><source>Generate widget</source><target>Gerar o widget</target></trans-unit>
<trans-unit id="85"><source>Change widget</source><target>Mudar o widget</target></trans-unit>
<trans-unit id="86"><source>Embed this code</source><target>Incorporar este código</target></trans-unit>
<trans-unit id="101"><source>Customise your widget</source><target>Personaliza o teu widget</target></trans-unit>
<trans-unit id="102"><source>Widget type</source><target>Tipo de widget</target></trans-unit>
<trans-unit id="103"><source>Embed</source><target>Incorporar</target></trans-unit>
<trans-unit id="104"><source>Popup</source><target>Janela Pop-up</target></trans-unit>
<trans-unit id="105"><source>Email Validation Landingpage - auto forwarding to external page</source><target>Página de destino após validação do e-mail - encaminhamento automático para uma página web externa</target></trans-unit>
<trans-unit id="106"><source>Width</source><target>Largura</target></trans-unit>
<trans-unit id="107"><source>You may define a precise widget width. Select "auto" and the widget will adapt to the space available (max: 1000px). Should there be less than 440px width available, contents will display in one column (instead of two) with the sign-on-form below the petition text. On mobile devices with less than 768px device-width, the widget-width is set to 360px for smooth reading on smartphones.</source><target>Podes definir uma largura precisa do widget. Selecciona "auto" e o widget adaptar-se-á ao espaço disponível (max: 1000px). Caso haja menos de 440px disponíveis, os conteúdos são exibidos numa coluna (em vez de duas) com o formulário de registo por baixo do texto da petição. Nos dispositivos móveis com menos de 768px de largura de ecrã no dispositivo, a largura do widget será configurada para 360px para que seja fácil ler nos telemóveis smartphone.</target></trans-unit>
<trans-unit id="108"><source>Text title</source><target>Texto do título</target></trans-unit>
<trans-unit id="109"><source>Text body</source><target>Texto principal</target></trans-unit>
<trans-unit id="110"><source>Button</source><target>Botão</target></trans-unit>
<trans-unit id="111"><source>Backgr left</source><target>Fundo esquerda</target></trans-unit>
<trans-unit id="121"><source>Backgr right</source><target>Fundo direita</target></trans-unit>
<trans-unit id="122"><source>Form title</source><target>Título do formulário</target></trans-unit>
<trans-unit id="123"><source>Customise contents: use your own words to convince your target group. To change the title, introduction and background texts, copy the texts from the edit fields into a text editor, make your changes and paste them back into the edit fields. Thereafter, adapt the width and the colours to seamlessly integrate the widget into your website design.</source><target>Personaliza os conteúdos: usa as tuas próprias palavras para convenceres o teu público alvo. Para mudares o título, introdução e textos de fundo, copia os textos dos campos de edição para um editor de texto, faz as tuas alterações e cola-as outra vez nos campos de edição. A seguir, adapta a largura e cores para integrarem o widget no design do teu website.</target></trans-unit>
<trans-unit id="124"><source>Title</source><target>Título</target></trans-unit>
<trans-unit id="125"><source>Target, Subheading</source><target>Alvo, Subtítulo</target></trans-unit>
<trans-unit id="126"><source>Intro</source><target>Intro</target></trans-unit>
<trans-unit id="127"><source>Body</source><target>Texto petição</target></trans-unit>
<trans-unit id="128"><source>Footer</source><target>Texto de Encerramento</target></trans-unit>
<trans-unit id="129"><source>Subject</source><target>Assunto</target></trans-unit>
<trans-unit id="130"><source>Email body</source><target>Texto de E-mail</target></trans-unit>
<trans-unit id="131"><source>Choose 'Embed' to have this box ("widget") embedded into your webpage, including texts and action-form. Visitors can instantly read all and take action. However, you need at least 440px width to embed the widget. Choose 'Popup' if you lack sufficient space on your webpage. You will get a small box ("teaser") with flexible width (at least 150px). If visitors click on the teaser, the big action-widget pops up.</source><target>Escolhe 'Incorporar' para ter esta caixa ("widget") inserida na tua página web, incluindo textos e formulário de acção. Visitantes podem instantâneamente ler tudo e tomar uma acção. Contudo, precisas de pelo menos 440px de largura para incorporar o widget. Escolhe 'Janela Pop-up' se não tiveres espaço suficiente na tua webpage. Vais obter uma pequena caixa ("teaser") com largura flexível (pelo menos 150px). Se os visitantes clicarem no teaser, um widget de acção aparece numa janela pop-up.</target></trans-unit>
<trans-unit id="166"><source>Target #</source><target>Alvo #</target></trans-unit>
<trans-unit id="201"><source>Hello</source><target>Olá</target></trans-unit>
<trans-unit id="202"><source>Dear Madam %F %L,</source><target>Cara Senhora %F %L,</target></trans-unit>
<trans-unit id="203"><source>Dear Sir %F %L,</source><target>Caro Senhor %F %L,</target></trans-unit>
<trans-unit id="204"><source>Dear Sir/Madam %F %L,</source><target>Caro Senhor/Senhora %F %L,</target></trans-unit>
<trans-unit id="301"><source>Yes</source><target>Sim</target></trans-unit>
<trans-unit id="302"><source>No</source><target>Não</target></trans-unit>
<trans-unit id="303"><source>No comment</source><target>Sem comentários</target></trans-unit>
<trans-unit id="304"><source>Secure your pledge page with a password (optional).</source><target>Torna a tua página de compromisso segura com uma palavra-passe (opcional).</target></trans-unit>
<trans-unit id="305"><source>Change your password (optional).</source><target>Muda a tua palavra-passe (opcional).</target></trans-unit>
<trans-unit id="306"><source>Passwords do not match.</source><target>As palavras-passe não coincidem.</target></trans-unit>
<trans-unit id="307"><source>Password is too short. Use at least 8 characters.</source><target>Palavra-passe demasiado pequena. Usa pelo menos 8 caracteres.</target></trans-unit>
<trans-unit id="308"><source>Save &amp; submit my pledges</source><target>Salvar &amp; Submeter os meus compromissos</target></trans-unit>
<trans-unit id="309"><source>Please enter your password.</source><target>Por favor, introduz a tua palavra-passe.</target></trans-unit>
<trans-unit id="310"><source>Company</source><target>Compania</target></trans-unit>
<trans-unit id="311"><source>Party</source><target>Partido</target></trans-unit>
<trans-unit id="312"><source>Electorate</source><target>Eleitorado</target></trans-unit>
<trans-unit id="313"><source>Recipients</source><target>Destinatários</target></trans-unit>
<trans-unit id="314"><source>Read pledge text</source><target>Ler o texto de compromisso</target></trans-unit>
<trans-unit id="315"><source>Password</source><target>Palavra-passe</target></trans-unit>
<trans-unit id="316"><source>Password again</source><target>Outra vez a palavra-passe</target></trans-unit>
<trans-unit id="317"><source>Enter</source><target>Introduzir</target></trans-unit>
<trans-unit id="318"><source>I pledged on #DATE#</source><target>Eu comprometo-me a #DATE#</target></trans-unit>
<trans-unit id="400"><source>Attention: You will receive a confirmation email. Check your email inbox (and junk folder) now! To confirm your action, click the link given in the email.</source><target>Atenção: Foi enviado um email de confirmação. Verifica a caixa de entrada do teu e-mail (e a pasta do spam) agora! Para confirmares a tua acção, clica no link enviado no email.</target></trans-unit>
<trans-unit id="401"><source>Attention: You've already taken part in this action (maybe on another website).</source><target>Atenção: Já participaste nesta acção (talvez através de outra página web).</target></trans-unit>
<trans-unit id="402"><source>Your email is being validated, please wait!</source><target>O teu email está a ser validado, por favor espera!</target></trans-unit>
<trans-unit id="403"><source>You verified your email address.</source><target>O teu endereço de email foi verificado.</target></trans-unit>
<trans-unit id="404"><source>Your action is confirmed.</source><target>A tua acção foi confirmada.</target></trans-unit>
<trans-unit id="405"><source>Use this moment to tell friends and family.</source><target>Aproveita este momento para o divulgares aos teus amigos e família.</target></trans-unit>
<trans-unit id="406"><source>Your statement of support has been submitted successfully.</source><target>Obrigado por participar! Assinou a ICE. </target></trans-unit>
<trans-unit id="407"><source>Signature identifier</source><target>A sua assinatura será registrada na comissão da EU com o seguinte número de identificação</target></trans-unit>
<trans-unit id="408"><source>Yes, please</source><target>Da</target></trans-unit>
<trans-unit id="409"><source>No, thank you</source><target>Nu</target></trans-unit>
<trans-unit id="410"><source>Become part of the movement</source><target>Subscrição da newsletter</target></trans-unit>
<trans-unit id="411"><source>Join now</source><target>Aderă acum</target></trans-unit>
<trans-unit id="412"><source>Confirm and continue</source><target>Confirmă și continuă</target></trans-unit>
<trans-unit id="413"><source>Skip and go directly to signing the initiative in step 2</source><target>Sări peste acest pas și treci mai departe direct la semnarea inițiativei în pasul 2</target></trans-unit>
<trans-unit id="414"><source>Why do I have to share all this information?</source><target>Por que tenho de partilhar esta informação?</target></trans-unit>
<trans-unit id="415"><source>Your national government decides what information you need to provide for a European Citizens' Initiative so that your signature can be validated and counted. Therefore, please fill in all lines. (Your data will be transmitted securely and encrypted. Your data can only be accessed by national authorities for verification purposes.)</source><target>O seu governo nacional decide que informação tem de fornecer para uma Iniciativa de Cidadania Europeia, de modo a que a sua assinatura possa ter validade e ser contada. Por isso, por favor preencha todas as linhas. (Os seus dados serão transferidos cifrados e com segurança.  Aos dados ICE só têm acesso autoridades nacionais para fins de verificação).</target></trans-unit>
<trans-unit id="416"><source>Sign up and become part of the movement.</source><target>&nbsp;</target></trans-unit>
</body>
</file>
</xliff>