<?xml version="1.0" encoding="UTF-8"?>
<!DOCTYPE xliff PUBLIC "-//XLIFF//DTD XLIFF//EN" "http://www.oasis-open.org/committees/xliff/documents/xliff.dtd">
<xliff version="1.0">
<file source-language="EN" target-language="mk" datatype="plaintext" original="messages" date="2015-07-21T13:53:17Z" product-name="messages">
<header/>
<body>
<trans-unit id="1"><source>Petition</source><target>Петиција</target></trans-unit>
<trans-unit id="2"><source>Email action</source><target>Електронска пошта на акцијата</target></trans-unit>
<trans-unit id="3"><source>Initiative</source><target>Иницијатива</target></trans-unit>
<trans-unit id="4"><source>Network-News</source><target>Вести</target></trans-unit>
<trans-unit id="11"><source>Sign the Petition</source><target>Потпиши ја петицијата</target></trans-unit>
<trans-unit id="12"><source>Send an Email</source><target>Испрати електронска порака</target></trans-unit>
<trans-unit id="13"><source>Support</source><target>Поддржи</target></trans-unit>
<trans-unit id="14"><source>Take action</source><target>Делувај</target></trans-unit>
<trans-unit id="15"><source>Sign</source><target>Потпиши</target></trans-unit>
<trans-unit id="16"><source>Send</source><target>Испрати</target></trans-unit>
<trans-unit id="17"><source>Subscribe</source><target>Претплати се</target></trans-unit>
<trans-unit id="18"><source>Support the initiative</source><target>Поддржи ја иницијативата</target></trans-unit>
<trans-unit id="21"><source>Name</source><target>Име</target></trans-unit>
<trans-unit id="22"><source>Full name</source><target>Име и презиме</target></trans-unit>
<trans-unit id="23"><source>First name</source><target>Име</target></trans-unit>
<trans-unit id="24"><source>Last name</source><target>Презиме</target></trans-unit>
<trans-unit id="25"><source>Mr</source><target>Г-дин</target></trans-unit>
<trans-unit id="26"><source>Mrs</source><target>Г-ѓа</target></trans-unit>
<trans-unit id="27"><source>Mrs/Mr</source><target>Г-дин/Г-ѓа</target></trans-unit>
<trans-unit id="28"><source>City</source><target>Град</target></trans-unit>
<trans-unit id="29"><source>Post code</source><target>Поштенски број</target></trans-unit>
<trans-unit id="30"><source>Country</source><target>Држава</target></trans-unit>
<trans-unit id="31"><source>Address</source><target>Адреса</target></trans-unit>
<trans-unit id="32"><source>Email address</source><target>Електронска адреса</target></trans-unit>
<trans-unit id="33"><source>Comment</source><target>Коментар</target></trans-unit>
<trans-unit id="34"><source>Privacy policy</source><target>Ја прифаќам политиката за приватност</target></trans-unit>
<trans-unit id="35"><source>Keep me posted on this and similar campaigns.</source><target>Сакам да добивам известувања за слични кампањи.</target></trans-unit>
<trans-unit id="36"><source>Reminder:</source><target>Потсетување:</target></trans-unit>
<trans-unit id="41"><source>Thank you</source><target>Благодарам</target></trans-unit>
<trans-unit id="42"><source>Attention: You will receive a confirmation email. Check your email inbox (and junk folder) now! To confirm your action, click the link given in the email.</source><target>Внимание: ќе примите електронска порака за потврда. Проверете ја својата електронска пошта, вклучувајќи ја и папката за несакани пораки (junk mail/spam). За потврда на потписот кликнете на линкот кој се наоѓа во пораката.</target></trans-unit>
<trans-unit id="43"><source>Attention: You've already taken part in this action (maybe on another website).</source><target>Внимание: Веќе сте учествувале во оваа акција (можеби преку користење на друга интернет страница).</target></trans-unit>
<trans-unit id="44"><source>Your email is being validated, please wait!</source><target>Во тек е потврдувањето на вашата електронска адреса. Ве молиме почекајте!</target></trans-unit>
<trans-unit id="45"><source>You verified your email address. Your action is confirmed. Use this moment to tell friends and family.</source><target>Вашата e-mail адреса е потврдена. Вашата акција е потврдена. Искористете ја оваа прилика да ги известите за оваа акција и вашите пријатели/семејство.</target></trans-unit>
<trans-unit id="46"><source>Share</source><target>Сподели</target></trans-unit>
<trans-unit id="47"><source>Tell your friends</source><target>Испрати на пријатели/ки</target></trans-unit>
<trans-unit id="48"><source>Separate email addresses with a comma.</source><target>Одвоете ги електронските адреси со запирка.</target></trans-unit>
<trans-unit id="49"><source>We have sent an email with information about this campaign to the address(es) specified.</source><target>Електроснска порака со информации за оваа кампања е испратена на наведената/ите адреса/и.</target></trans-unit>
<trans-unit id="50"><source>Donate</source><target>Донирај</target></trans-unit>
<trans-unit id="51"><source>Help us fund this campaign. Give whatever you can now using the safe and secure paypal form below.</source><target>Помогнете ни во финансирањето на оваа кампања. Донирајте колку можете преку Paypal (сигурен сервис за плаќање преку интернет) со тоа што ќе го пополните формуларот подолу.</target></trans-unit>
<trans-unit id="52"><source>Amount</source><target>Износ</target></trans-unit>
<trans-unit id="61"><source>Back</source><target>Назад</target></trans-unit>
<trans-unit id="62"><source>Background</source><target>Позадина</target></trans-unit>
<trans-unit id="63"><source>Read more</source><target>Прочитај повеќе</target></trans-unit>
<trans-unit id="64"><source>More actions</source><target>Направете и Вие Ваша петиција!</target></trans-unit>
<trans-unit id="65"><source>PP Heading</source><target>Политика за привватност</target></trans-unit>
<trans-unit id="66"><source>people so far</source><target>До сега потпишани</target></trans-unit>
<trans-unit id="67"><source>emails sent</source><target>Испратени мејлови </target></trans-unit>
<trans-unit id="68"><source>The action starts on #DATE#. Stay tuned and spread the word!</source><target>Акцијата започнува на  #DATE#. Продолжете да ја следите и активирајте и други!</target></trans-unit>
<trans-unit id="69"><source>This action is over. Thanks to the #COUNTER# people who signed-up!</source><target>Оваа акција е завршена. Благодарност до  #COUNTER# лица кои учествуваа!</target></trans-unit>
<trans-unit id="70"><source>select</source><target>Одбери</target></trans-unit>
<trans-unit id="71"><source>select all</source><target>Пратено до сите</target></trans-unit>
<trans-unit id="72"><source>Recipient(s)</source><target>Примател(и)</target></trans-unit>
<trans-unit id="81"><source>Embed this</source><target>Вгради го ова</target></trans-unit>
<trans-unit id="82"><source>Organisation</source><target>Организација</target></trans-unit>
<trans-unit id="83"><source>Register your widget</source><target>Регистрирај го својот widget</target></trans-unit>
<trans-unit id="84"><source>Generate widget</source><target>Направи widget</target></trans-unit>
<trans-unit id="85"><source>Change widget</source><target>Промени widget</target></trans-unit>
<trans-unit id="86"><source>Embed this code</source><target>Вгради го овој код</target></trans-unit>
<trans-unit id="101"><source>Customise your widget</source><target>Прилагоди го својот widget</target></trans-unit>
<trans-unit id="102"><source>Widget type</source><target>Вид на widget</target></trans-unit>
<trans-unit id="103"><source>Embed</source><target>Вгради</target></trans-unit>
<trans-unit id="104"><source>Popup</source><target>Popup</target></trans-unit>
<trans-unit id="105"><source>Email Validation Landingpage - auto forwarding to external page</source><target>Автоматско проследување на страницата за потврда на  e-mail-от</target></trans-unit>
<trans-unit id="106"><source>Width</source><target>Ширина</target></trans-unit>
<trans-unit id="107"><source>You may define a precise widget width. Select "auto" and the widget will adapt to the space available (max: 1000px). Should there be less than 440px width available, contents will display in one column (instead of two) with the sign-on-form below the petition text. On mobile devices with less than 768px device-width, the widget-width is set to 360px for smooth reading on smartphones.</source><target>Можете да ја одредите точната ширина на  widget-от. Одберете "Auto" и widget-от ќе се прилагоди на расположивиот простор (макс.: 1000px). Доколку е достапен простор потесен од  440px, содржината ќе се прикаже во една колона (наместо во две), а формуларот за потпишување ќе биде прикажан под текстот на петицијата. На мобилни уреди со потесен простор од 768px , широчината е поставена на 360px за полесно читање на паметните телефони.</target></trans-unit>
<trans-unit id="108"><source>Text title</source><target>Наслов, лево</target></trans-unit>
<trans-unit id="109"><source>Text body</source><target>Текст</target></trans-unit>
<trans-unit id="110"><source>Button</source><target>Копче</target></trans-unit>
<trans-unit id="111"><source>Backgr left</source><target>Позадина лево</target></trans-unit>
<trans-unit id="121"><source>Backgr right</source><target>Позадина десно</target></trans-unit>
<trans-unit id="122"><source>Form title</source><target>Наслов, десно</target></trans-unit>
<trans-unit id="123"><source>Customise contents: use your own words to convince your target group. To change the title, introduction and background texts, copy the texts from the edit fields into a text editor, make your changes and paste them back into the edit fields. Thereafter, adapt the width and the colours to seamlessly integrate the widget into your website design.</source><target>Прилагодете ја содржината: користете свои зборови за да ја уверите својата целна група. За да го промените насловот, воведот и текстот за позадината на акцијата, копирајте го текстот во програм за обработка на текст, направете ги своите промени и променетиот текст копирајте го назад во полето за текст. Потоа прилагодете ја широчината и бојата за што подобро вклопување на widget-от во дизајнот на Вашата интернет страница.</target></trans-unit>
<trans-unit id="124"><source>Title</source><target>Наслов</target></trans-unit>
<trans-unit id="125"><source>Target, Subheading</source><target>Поднаслов</target></trans-unit>
<trans-unit id="126"><source>Intro</source><target>Вовед</target></trans-unit>
<trans-unit id="127"><source>Body</source><target>Текст</target></trans-unit>
<trans-unit id="128"><source>Footer</source><target>Подножје</target></trans-unit>
<trans-unit id="129"><source>Subject</source><target>Наслов</target></trans-unit>
<trans-unit id="130"><source>Email body</source><target>Текст на e-mail пораката</target></trans-unit>
<trans-unit id="131"><source>Choose 'Embed' to have this box ("widget") embedded into your webpage, including texts and action-form. Visitors can instantly read all and take action. However, you need at least 440px width to embed the widget. Choose 'Popup' if you lack sufficient space on your webpage. You will get a small box ("teaser") with flexible width (at least 150px). If visitors click on the teaser, the big action-widget pops up.</source><target>Одберете "вгради" доолку сакате овој widget да го вклопите во својата интернет страница, вклучувајќи го и текстот и активниот формулар за акција. Посетителите ќе можат веднаш да прочитаат сé и да делуваат. Имајте на ум дека е потребна широчина од најмалку 440px за да се вгради widget-от. Одберете 'Popup' доколку нема доволно простор на интернет страницата. Ќе добиете мало сандаче за пошта ('teaser') со флексибилна широчина (најмалку 150px). Кога посетителите ќе го одберат teaser-от, ќе се појави големиот widget за акцијата. </target></trans-unit>
<trans-unit id="201"><source>Hello</source><target>Без назив</target></trans-unit>
<trans-unit id="202"><source>Dear Madam %F %L,</source><target>Почитувани %F %L,</target></trans-unit>
<trans-unit id="203"><source>Dear Sir %F %L,</source><target>Почитуван %F %L,</target></trans-unit>
<trans-unit id="204"><source>Dear Sir/Madam %F %L,</source><target>Почитуван/и %F %L,</target></trans-unit>
<trans-unit id="301"><source>Yes</source><target>Да</target></trans-unit>
<trans-unit id="302"><source>No</source><target>Не</target></trans-unit>
<trans-unit id="303"><source>No comment</source><target>Без коментари</target></trans-unit>
<trans-unit id="304"><source>Secure your pledge page with a password (optional).</source><target>Обезбедете ја својата страница на заложби со лозинка (незадолжително). </target></trans-unit>
<trans-unit id="305"><source>Change your password (optional).</source><target>Променете ја својата лозинка (незадолжително). </target></trans-unit>
<trans-unit id="306"><source>Passwords do not match.</source><target>Лозинките не се поколопуваат. </target></trans-unit>
<trans-unit id="307"><source>Password is too short. Use at least 8 characters.</source><target>Лозинката не е доволно долга. Користете најмалку 8 знаци.</target></trans-unit>
<trans-unit id="308"><source>Save &amp; submit my pledges</source><target>Зачувај ги и достави ги моите заложби</target></trans-unit>
<trans-unit id="309"><source>Please enter your password.</source><target>Ве молиме внесете ја својата лозинка.</target></trans-unit>
<trans-unit id="310"><source>Company</source><target>Компанија</target></trans-unit>
<trans-unit id="311"><source>Party</source><target>Политичка партија</target></trans-unit>
<trans-unit id="312"><source>Electorate</source><target>Избирачко тело</target></trans-unit>
<trans-unit id="313"><source>Recipients</source><target>Приматели/ки</target></trans-unit>
<trans-unit id="314"><source>Read pledge text</source><target>Прочитајте го текстот на заложбата</target></trans-unit>
<trans-unit id="315"><source>Password</source><target>Лозинка</target></trans-unit>
<trans-unit id="316"><source>Password again</source><target>Повторно лозинка</target></trans-unit>
<trans-unit id="317"><source>Enter</source><target>Внесете</target></trans-unit>
<trans-unit id="318"><source>I pledged on #DATE#</source><target>Мојата заложба е направена на #DATE#</target></trans-unit>
</body>
</file>
</xliff>
