﻿<?xml version="1.0" encoding="UTF-8"?>
<!DOCTYPE xliff PUBLIC "-//XLIFF//DTD XLIFF//EN" "http://www.oasis-open.org/committees/xliff/documents/xliff.dtd">
<xliff version="1.0">
<file source-language="EN" target-language="es_US" datatype="plaintext" original="messages" date="2019-10-08T13:53:17Z" product-name="messages">
<header/>
<body>
<trans-unit id="1"><source>Petition</source><target>Petición</target></trans-unit>
<trans-unit id="2"><source>Email action</source><target>Acción por email</target></trans-unit>
<trans-unit id="3"><source>Initiative</source><target>Iniciativa </target></trans-unit>
<trans-unit id="4"><source>Appeal</source><target>Llamamiento</target></trans-unit>
<trans-unit id="5"><source>Community</source><target>Comunidad</target></trans-unit>
<trans-unit id="6"><source>Newsletter</source><target>Newsletter</target></trans-unit>
<trans-unit id="7"><source>Join</source><target>Únete</target></trans-unit>
<trans-unit id="8"><source>Sign up</source><target>Regístrate</target></trans-unit>
<trans-unit id="9"><source>Sign up to the newsletter</source><target>Regístrate para la newsletter</target></trans-unit>
<trans-unit id="11"><source>Sign the Petition</source><target>Firma la petición</target></trans-unit>
<trans-unit id="12"><source>Send an Email</source><target>Envía email</target></trans-unit>
<trans-unit id="13"><source>Support</source><target>Apoya</target></trans-unit>
<trans-unit id="14"><source>Take action</source><target>Participa</target></trans-unit>
<trans-unit id="15"><source>Sign</source><target>Firma</target></trans-unit>
<trans-unit id="16"><source>Send</source><target>Envía</target></trans-unit>
<trans-unit id="17"><source>Subscribe</source><target>Suscríbete</target></trans-unit>
<trans-unit id="18"><source>Support the initiative</source><target>Firma la iniciativa</target></trans-unit>
<trans-unit id="19"><source>Support the appeal</source><target>Apoye el llamamiento</target></trans-unit>
<trans-unit id="20"><source>Join the community</source><target>Únete a la comunidad</target></trans-unit>
<trans-unit id="21"><source>Name</source><target>Nombre</target></trans-unit>
<trans-unit id="22"><source>Full name</source><target>Nombre completo</target></trans-unit>
<trans-unit id="23"><source>First name</source><target>Nombre</target></trans-unit>
<trans-unit id="24"><source>Last name</source><target>Apellidos</target></trans-unit>
<trans-unit id="25"><source>Mr</source><target>Sr.</target></trans-unit>
<trans-unit id="26"><source>Mrs</source><target>Sra.</target></trans-unit>
<trans-unit id="27"><source>Mrs/Mr</source><target>Sr./Sra.</target></trans-unit>
<trans-unit id="28"><source>City</source><target>Ciudad</target></trans-unit>
<trans-unit id="29"><source>Post code</source><target>Código Postal</target></trans-unit>
<trans-unit id="30"><source>Country</source><target>País</target></trans-unit>
<trans-unit id="31"><source>Address</source><target>Dirección</target></trans-unit>
<trans-unit id="32"><source>Email address</source><target>Dirección de email</target></trans-unit>
<trans-unit id="33"><source>Personal comment</source><target>Comentario personal</target></trans-unit>
<trans-unit id="34"><source>PP Heading</source><target>Política de privacidad</target></trans-unit>
<trans-unit id="35"><source>I accept the _privacy policy_</source><target>Estoy de acuerdo con la _política de privacidad_</target></trans-unit>
<trans-unit id="36"><source>Keep me posted on this and similar campaigns.</source><target>Manténganme informado/a sobre esta campaña y otras similares</target></trans-unit>
<trans-unit id="37"><source>Reminder:</source><target>Recordatorio: </target></trans-unit>
<trans-unit id="38"><source>Thank you</source><target>Gracias</target></trans-unit>
<trans-unit id="46"><source>Share</source><target>Comparte</target></trans-unit>
<trans-unit id="47"><source>Tell your friends</source><target>Avisa a tus amigos</target></trans-unit>
<trans-unit id="48"><source>Separate email addresses with a comma.</source><target>Separar las direcciones de correo con una coma.</target></trans-unit>
<trans-unit id="49"><source>We have sent an email with information about this campaign to the address(es) specified.</source><target>Hemos enviado un email con información sobre esta campaña a la(s) dirección(es) especificadas.</target></trans-unit>
<trans-unit id="50"><source>Donate</source><target>Donación</target></trans-unit>
<trans-unit id="51"><source>Help us fund this campaign. Give whatever you can now using the safe and secure paypal form below.</source><target>Ayúdanos a financiar esta campaña con cualquier cantidad, usando el servicio paypal seguro de más abajo.</target></trans-unit>
<trans-unit id="52"><source>Amount</source><target>Cantidad</target></trans-unit>
<trans-unit id="53"><source>Last signers</source><target>Últimos/as firmantes</target></trans-unit>
<trans-unit id="54"><source>All signers</source><target>Todos/as los/as firmantes</target></trans-unit>
<trans-unit id="61"><source>Back</source><target>Volver</target></trans-unit>
<trans-unit id="62"><source>Background</source><target>Contexto</target></trans-unit>
<trans-unit id="63"><source>Read more</source><target>Más Información</target></trans-unit>
<trans-unit id="64"><source>More actions</source><target>¡Inicia tu propia petición!</target></trans-unit>
<trans-unit id="66"><source># Participants</source><target># participantes</target></trans-unit>
<trans-unit id="67"><source># emails sent</source><target># mensajes enviados</target></trans-unit>
<trans-unit id="68"><source>The action starts on #DATE#. Stay tuned and spread the word!</source><target>La acción comienza el #DATE#. Permanece atento y corre la voz.</target></trans-unit>
<trans-unit id="69"><source>This action is over. Thanks to the #COUNTER# people who signed-up!</source><target>Esta acción ha finalizado. ¡Muchas gracias a las #COUNTER# personas que se han registrado!</target></trans-unit>
<trans-unit id="70"><source>select</source><target>Seleccionar</target></trans-unit>
<trans-unit id="71"><source>select all</source><target>Enviar a todos/as</target></trans-unit>
<trans-unit id="72"><source>Recipient(s)</source><target>Destinatario/a/s</target></trans-unit>
<trans-unit id="81"><source>Embed this</source><target>Incrustar esto</target></trans-unit>
<trans-unit id="82"><source>Organisation</source><target>Organización</target></trans-unit>
<trans-unit id="83"><source>Register your widget</source><target>Registrar widget</target></trans-unit>
<trans-unit id="84"><source>Generate widget</source><target>Crear widget</target></trans-unit>
<trans-unit id="85"><source>Change widget</source><target>Cambiar widget</target></trans-unit>
<trans-unit id="86"><source>Embed this code</source><target>Introducir el código</target></trans-unit>
<trans-unit id="101"><source>Customise your widget</source><target>Adaptar Widget</target></trans-unit>
<trans-unit id="102"><source>Widget type</source><target>Tipo de widget</target></trans-unit>
<trans-unit id="103"><source>Embed</source><target>Incrustar</target></trans-unit>
<trans-unit id="104"><source>Popup</source><target>Popup</target></trans-unit>
<trans-unit id="105"><source>Email Validation Landingpage - auto forwarding to external page</source><target>Página de destino del correo electrónico de confirmación (http://…)</target></trans-unit>
<trans-unit id="106"><source>Width</source><target>Ancho</target></trans-unit>
<trans-unit id="107"><source>You may define a precise widget width. Select "auto" and the widget will adapt to the space available (max: 1000px). Should there be less than 440px width available, contents will display in one column (instead of two) with the sign-on-form below the petition text. On mobile devices with less than 768px device-width, the widget-width is set to 360px for smooth reading on smartphones.</source><target>Puedes definir un ancho específico para el widget. Selecciona "auto" y el widget se adaptará al espacio disponible (máx: 1000px). Si tienes menos de 440px disponibles, los contenidos se mostrarán en una columna (en lugar de dos) con el formulario de firma bajo el texto de la petición. En los dispositivos móviles con menos de 768px de ancho, el ancho del widget se establece en 360px para lectura fluida en smartphones.</target></trans-unit>
<trans-unit id="108"><source>Text title</source><target>Título, izquierda</target></trans-unit>
<trans-unit id="109"><source>Text body</source><target>Texto</target></trans-unit>
<trans-unit id="110"><source>Button</source><target>Botón</target></trans-unit>
<trans-unit id="111"><source>Backgr left</source><target>Fondo izquierda</target></trans-unit>
<trans-unit id="121"><source>Backgr right</source><target>Fondo derecha</target></trans-unit>
<trans-unit id="122"><source>Form title</source><target>Título, derecha</target></trans-unit>
<trans-unit id="123"><source>Customise contents: use your own words to convince your target group. To change the title, introduction and background texts, copy the texts from the edit fields into a text editor, make your changes and paste them back into the edit fields. Thereafter, adapt the width and the colours to seamlessly integrate the widget into your website design.</source><target>Elige tus propios contenidos: usa tus propias palabras para convencer a tu público target. Para cambiar el título y los textos de la introducción y de background, copia los textos de los campos de edición y pégalos en un editor de textos, haz los cambios deseados y pégalos de nuevo en los campos de edición. Acto seguido, adapta el ancho y los colores para homogeneizar el widget con el diseño de tu página.</target></trans-unit>
<trans-unit id="124"><source>Title</source><target>Título</target></trans-unit>
<trans-unit id="125"><source>Target, Subheading</source><target>Target o subtítulo</target></trans-unit>
<trans-unit id="126"><source>Intro</source><target>Intro</target></trans-unit>
<trans-unit id="127"><source>Body</source><target>Cuerpo</target></trans-unit>
<trans-unit id="128"><source>Footer</source><target>Pie de Página</target></trans-unit>
<trans-unit id="129"><source>Subject</source><target>Asunto</target></trans-unit>
<trans-unit id="130"><source>Email body</source><target>Cuerpo del correo</target></trans-unit>
<trans-unit id="131"><source>Choose 'Embed' to have this box ("widget") embedded into your webpage, including texts and action-form. Visitors can instantly read all and take action. However, you need at least 440px width to embed the widget. Choose 'Popup' if you lack sufficient space on your webpage. You will get a small box ("teaser") with flexible width (at least 150px). If visitors click on the teaser, the big action-widget pops up.</source><target>Elige ‘Introducir’ para acoplar esta ventana (“widget”) a su página web, incluyendo los textos y el formulario de la acción. Así sus visitantes podrán leer todo en una sola vez y participar en la acción. De todas formas, para introducir el widget necesita por lo menos 440px de ancho. Elige ‘Popup’ si no tienes suficiente espacio en su página web. Va a aparecer una pequeña ventana (“teaser”) con un ancho flexible (de por lo menos 150px). Cuando los visitantes pinchen en el teaser, les aparecerá el widget de la acción.</target></trans-unit>
<trans-unit id="166"><source>Target #</source><target>Objetivo #</target></trans-unit>
<trans-unit id="201"><source>Hello</source><target>Hola</target></trans-unit>
<trans-unit id="202"><source>Dear Madam %F %L,</source><target>Muy estimada Señora %F %L,</target></trans-unit>
<trans-unit id="203"><source>Dear Sir %F %L,</source><target>Muy estimado Señor %F %L,</target></trans-unit>
<trans-unit id="204"><source>Dear Sir/Madam %F %L,</source><target>Muy estimado/a Sr./Sra. %F %L,</target></trans-unit>
<trans-unit id="301"><source>Yes</source><target>Sí </target></trans-unit>
<trans-unit id="302"><source>No</source><target>No </target></trans-unit>
<trans-unit id="303"><source>No comment</source><target>Sin comentarios </target></trans-unit>
<trans-unit id="304"><source>Secure your pledge page with a password (optional).</source><target>Asegure su página del compromiso con una contraseña (opcional). </target></trans-unit>
<trans-unit id="305"><source>Change your password (optional).</source><target>Cambia tu contraseña (opcional). </target></trans-unit>
<trans-unit id="306"><source>Passwords do not match.</source><target>Las contraseñas no coinciden. </target></trans-unit>
<trans-unit id="307"><source>Password is too short. Use at least 8 characters.</source><target>La contraseña es demasiado corta. Utiliza por lo menos 8 caracteres. </target></trans-unit>
<trans-unit id="308"><source>Save &amp; submit my pledges</source><target>Guardar y enviar mis promesas </target></trans-unit>
<trans-unit id="309"><source>Please enter your password.</source><target>Por favor, introduce tu contraseña. </target></trans-unit>
<trans-unit id="310"><source>Company</source><target>Empresa </target></trans-unit>
<trans-unit id="311"><source>Party</source><target>Partido</target></trans-unit>
<trans-unit id="312"><source>Electorate</source><target>Electorado </target></trans-unit>
<trans-unit id="313"><source>Recipients</source><target>Destinatarios </target></trans-unit>
<trans-unit id="314"><source>Read pledge text</source><target>Lee el texto de compromiso. </target></trans-unit>
<trans-unit id="315"><source>Password</source><target>Contraseña </target></trans-unit>
<trans-unit id="316"><source>Password again</source><target>Contraseña de nuevo </target></trans-unit>
<trans-unit id="317"><source>Enter</source><target>Entra </target></trans-unit>
<trans-unit id="318"><source>I pledged on #DATE#</source><target>Me comprometí en #DATE#</target></trans-unit>
<trans-unit id="400"><source>Attention: You will receive a confirmation email. Check your email inbox (and junk folder) now! To confirm your action, click the link given in the email.</source><target>Aviso: Recibirás un email de confirmación en tu bandeja de entrada o spam. Para confirmar la acción, pincha en el link que aparece en el email.</target></trans-unit>
<trans-unit id="401"><source>Attention: You've already taken part in this action (maybe on another website).</source><target>Aviso: Ya has participado en esta acción (quizás a través de otra página).</target></trans-unit>
<trans-unit id="402"><source>Your email is being validated, please wait!</source><target>Tu dirección de correo electrónico está siendo validada, por favor espere.</target></trans-unit>
<trans-unit id="403"><source>You verified your email address.</source><target>Acaba de validar su dirección de correo. </target></trans-unit>
<trans-unit id="404"><source>Your action is confirmed.</source><target>Tu acción ha sido confirmada. </target></trans-unit>
<trans-unit id="405"><source>Use this moment to tell friends and family.</source><target>Aprovecha para avisar a amigos y familiares.</target></trans-unit>
<trans-unit id="406"><source>Your statement of support has been submitted successfully.</source><target>Tu declaración de apoyo se ha enviado correctamente. </target></trans-unit>
<trans-unit id="407"><source>Signature identifier</source><target>Identificador de firma: </target></trans-unit>
<trans-unit id="408"><source>Yes, please</source><target>Sí </target></trans-unit>
<trans-unit id="409"><source>No, thank you</source><target>No</target></trans-unit>
<trans-unit id="410"><source>Become part of the movement</source><target>Sé parte del movimiento</target></trans-unit>
<trans-unit id="411"><source>Join now</source><target>Únetete ahora</target></trans-unit>
<trans-unit id="412"><source>Confirm and continue</source><target>Confirma y continúa</target></trans-unit>
<trans-unit id="413"><source>Skip and go directly to signing the initiative in step 2</source><target>Salta este paso y ve directamente a la firma de la iniciativa.</target></trans-unit>
</body>
</file>
</xliff>
