﻿<?xml version="1.0" encoding="UTF-8"?>
<!DOCTYPE xliff PUBLIC "-//XLIFF//DTD XLIFF//EN" "http://www.oasis-open.org/committees/xliff/documents/xliff.dtd">
<xliff version="1.0">
<file source-language="EN" target-language="nl" datatype="plaintext" original="messages" date="2019-10-08T13:53:17Z" product-name="messages">
<header/>
<body>
<trans-unit id="1"><source>Petition</source><target>Petitie</target></trans-unit>
<trans-unit id="2"><source>Email action</source><target>E-mailactie</target></trans-unit>
<trans-unit id="3"><source>Initiative</source><target>Initiatief</target></trans-unit>
<trans-unit id="4"><source>Appeal</source><target>Oproep</target></trans-unit>
<trans-unit id="5"><source>Community</source><target>Gemeenschap</target></trans-unit>
<trans-unit id="6"><source>Newsletter</source><target>Nieuwsbrief</target></trans-unit>
<trans-unit id="7"><source>Join</source><target>Doe mee</target></trans-unit>
<trans-unit id="8"><source>Sign up</source><target>Aanmelden</target></trans-unit>
<trans-unit id="9"><source>Sign up to the newsletter</source><target>Meld je aan voor de nieuwsbrief</target></trans-unit>
<trans-unit id="11"><source>Sign the Petition</source><target>Teken de petitie</target></trans-unit>
<trans-unit id="12"><source>Send an Email</source><target>Stuur een e-mail</target></trans-unit>
<trans-unit id="13"><source>Support</source><target>Steun</target></trans-unit>
<trans-unit id="14"><source>Take action</source><target>Doe mee</target></trans-unit>
<trans-unit id="15"><source>Sign</source><target>Onderteken</target></trans-unit>
<trans-unit id="16"><source>Send</source><target>Verzend</target></trans-unit>
<trans-unit id="17"><source>Subscribe</source><target>Abonneer</target></trans-unit>
<trans-unit id="18"><source>Support the initiative</source><target>Steun het initiatief</target></trans-unit>
<trans-unit id="19"><source>Support the appeal</source><target>Steun de oproep</target></trans-unit>
<trans-unit id="20"><source>Join the community</source><target>Word lid van de community</target></trans-unit>
<trans-unit id="21"><source>Name</source><target>Naam</target></trans-unit>
<trans-unit id="22"><source>Full name</source><target>Volledige naam</target></trans-unit>
<trans-unit id="23"><source>First name</source><target>Voornaam</target></trans-unit>
<trans-unit id="24"><source>Last name</source><target>Familienaam</target></trans-unit>
<trans-unit id="25"><source>Mr</source><target>Dhr.</target></trans-unit>
<trans-unit id="26"><source>Mrs</source><target>Mevr.</target></trans-unit>
<trans-unit id="27"><source>Mrs/Mr</source><target>Mevr./ Dhr.</target></trans-unit>
<trans-unit id="28"><source>City</source><target>Woonplaats</target></trans-unit>
<trans-unit id="29"><source>Post code</source><target>Postcode</target></trans-unit>
<trans-unit id="30"><source>Country</source><target>Land</target></trans-unit>
<trans-unit id="31"><source>Address</source><target>Adres</target></trans-unit>
<trans-unit id="32"><source>Email address</source><target>E-mailadres</target></trans-unit>
<trans-unit id="33"><source>Personal comment</source><target>Opmerking</target></trans-unit>
<trans-unit id="34"><source>PP Heading</source><target>Privacybeleid</target></trans-unit>
<trans-unit id="35"><source>I accept the _privacy policy_</source><target>Ik accepteer het _privacybeleid_</target></trans-unit>
<trans-unit id="36"><source>Keep me posted on this and similar campaigns.</source><target>Hou mij op de hoogte van deze en gelijkaardige campagnes</target></trans-unit>
<trans-unit id="37"><source>Reminder:</source><target>Herinnering:</target></trans-unit>
<trans-unit id="38"><source>Thank you</source><target>Dank je!</target></trans-unit>
<trans-unit id="46"><source>Share</source><target>Delen</target></trans-unit>
<trans-unit id="47"><source>Tell your friends</source><target>Deel met je vrienden</target></trans-unit>
<trans-unit id="48"><source>Separate email addresses with a comma.</source><target>Aparte e-mailadressen scheiden met een komma</target></trans-unit>
<trans-unit id="49"><source>We have sent an email with information about this campaign to the address(es) specified.</source><target>We hebben een mail met informatie over deze campagne verzonden naar de opgegeven adressen.</target></trans-unit>
<trans-unit id="50"><source>Donate</source><target>Doneer</target></trans-unit>
<trans-unit id="51"><source>Help us fund this campaign. Give whatever you can now using the safe and secure paypal form below.</source><target>Help ons deze campagne te financieren. Geef een bedrag naar keuze met het paypal formulier hieronder. Dit is een veilige betalingswijze.</target></trans-unit>
<trans-unit id="52"><source>Amount</source><target>Bedrag</target></trans-unit>
<trans-unit id="53"><source>Last signers</source><target>Laatste ondertekenaars</target></trans-unit>
<trans-unit id="54"><source>All signers</source><target>Alle ondertekenaars</target></trans-unit>
<trans-unit id="61"><source>Back</source><target>Terug</target></trans-unit>
<trans-unit id="62"><source>Background</source><target>Achtergrond</target></trans-unit>
<trans-unit id="63"><source>Read more</source><target>Meer lezen</target></trans-unit>
<trans-unit id="64"><source>More actions</source><target>Start jouw petitie!</target></trans-unit>
<trans-unit id="66"><source># Participants</source><target># Mensen tot vandaag</target></trans-unit>
<trans-unit id="67"><source># emails sent</source><target># e-mails verzonden</target></trans-unit>
<trans-unit id="68"><source>The action starts on #DATE#. Stay tuned and spread the word!</source><target>De actie begint op #DATE#. Blijf op de hoogte en zeg het voort!</target></trans-unit>
<trans-unit id="69"><source>This action is over. Thanks to the #COUNTER# people who signed-up!</source><target>Deze actie is afgelopen. Bedankt aan alle #COUNTER# die hebben getekend!</target></trans-unit>
<trans-unit id="70"><source>select</source><target>Selecteer</target></trans-unit>
<trans-unit id="71"><source>select all</source><target>Selecteer alle</target></trans-unit>
<trans-unit id="72"><source>Recipient(s)</source><target>Ontvanger(s)</target></trans-unit>
<trans-unit id="81"><source>Embed this</source><target>Embed dit</target></trans-unit>
<trans-unit id="82"><source>Organisation</source><target>Organisatie</target></trans-unit>
<trans-unit id="83"><source>Register your widget</source><target>Registreer je widget</target></trans-unit>
<trans-unit id="84"><source>Generate widget</source><target>Genereer widget</target></trans-unit>
<trans-unit id="85"><source>Change widget</source><target>Verander widget</target></trans-unit>
<trans-unit id="86"><source>Embed this code</source><target>Embed deze code</target></trans-unit>
<trans-unit id="101"><source>Customise your widget</source><target>Bewerk je widget</target></trans-unit>
<trans-unit id="102"><source>Widget type</source><target>Type widget</target></trans-unit>
<trans-unit id="103"><source>Embed</source><target>Embed</target></trans-unit>
<trans-unit id="104"><source>Popup</source><target>Pop-up</target></trans-unit>
<trans-unit id="105"><source>Email Validation Landingpage - auto forwarding to external page</source><target>Landingspagina bevestiging ondertekening (http://…)</target></trans-unit>
<trans-unit id="106"><source>Width</source><target>Breedte</target></trans-unit>
<trans-unit id="107"><source>You may define a precise widget width. Select "auto" and the widget will adapt to the space available (max: 1000px). Should there be less than 440px width available, contents will display in one column (instead of two) with the sign-on-form below the petition text. On mobile devices with less than 768px device-width, the widget-width is set to 360px for smooth reading on smartphones.</source><target>U kunt een precieze widget breedte definiëren. Selecteer "Auto" en de widget zal zich aanpassen aan de beschikbare ruimte (max: 1000px). Mocht er minder dan 440px breedte beschikbaar zijjn, zal de inhoud weergegeven worden in een kolom (in plaats van twee) met de sign-on-vorm onder de petitie tekst. Op mobiele apparaten met minder dan 768px apparaat-breedte, wordt de widget-breedte ingesteld op 360px voor een aangename lezing op smartphones.</target></trans-unit>
<trans-unit id="108"><source>Text title</source><target>Titel, links </target></trans-unit>
<trans-unit id="109"><source>Text body</source><target>Tekst body</target></trans-unit>
<trans-unit id="110"><source>Button</source><target>Button</target></trans-unit>
<trans-unit id="111"><source>Backgr left</source><target>Achtergr links</target></trans-unit>
<trans-unit id="121"><source>Backgr right</source><target>Achtergr rechts</target></trans-unit>
<trans-unit id="122"><source>Form title</source><target>Titel, rechts</target></trans-unit>
<trans-unit id="123"><source>Customise contents: use your own words to convince your target group. To change the title, introduction and background texts, copy the texts from the edit fields into a text editor, make your changes and paste them back into the edit fields. Thereafter, adapt the width and the colours to seamlessly integrate the widget into your website design.</source><target>Pas de inhoud aan : gebruik uw eigen woorden om uw doelgroep te overtuigen. Om de titel, inleiding en achtergrondteksten te veranderen, kopieert u de tekst van de invoervelden in een teksteditor, maak je veranderingen en plak ze terug in de invoervelden. Daarna past u de breedte en de kleuren aan om de widget op uw website te ontwerpen. </target></trans-unit>
<trans-unit id="124"><source>Title</source><target>Titel</target></trans-unit>
<trans-unit id="125"><source>Target, Subheading</source><target>Doel of ondertitel</target></trans-unit>
<trans-unit id="126"><source>Intro</source><target>Intro</target></trans-unit>
<trans-unit id="127"><source>Body</source><target>Petitietekst </target></trans-unit>
<trans-unit id="128"><source>Footer</source><target>Voettekst</target></trans-unit>
<trans-unit id="129"><source>Subject</source><target>Onderwerp</target></trans-unit>
<trans-unit id="130"><source>Email body</source><target>E-mail tekstgedeelte</target></trans-unit>
<trans-unit id="131"><source>Choose 'Embed' to have this box ("widget") embedded into your webpage, including texts and action-form. Visitors can instantly read all and take action. However, you need at least 440px width to embed the widget. Choose 'Popup' if you lack sufficient space on your webpage. You will get a small box ("teaser") with flexible width (at least 150px). If visitors click on the teaser, the big action-widget pops up.</source><target>Kies 'Invoegen' om dit kader ("widget") in je webpagina te voegen, inclusief tekst en actieformulier. Bezoekers kunnen direct alles lezen en actie ondernemen. Je hebt echter een minimale breedte nodig van 440px om de widget in te voegen. Kies 'Pop-up' indien je niet genoeg ruimte hebt op je webpagina. Je krijgt een klein kader ("teaser") met een flexibele breedte (ten minste 150px). Wanneer bezoekers op de teaser klikken, dan verschijnt de grote actiewidget.</target></trans-unit>
<trans-unit id="166"><source>Target #</source><target>Doel #</target></trans-unit>
<trans-unit id="201"><source>Hello</source><target>Hallo</target></trans-unit>
<trans-unit id="202"><source>Dear Madam %F %L,</source><target>Beste %F %L,</target></trans-unit>
<trans-unit id="203"><source>Dear Sir %F %L,</source><target>Beste %F %L,</target></trans-unit>
<trans-unit id="204"><source>Dear Sir/Madam %F %L,</source><target>Beste %F %L,</target></trans-unit>
<trans-unit id="301"><source>Yes</source><target>Ja </target></trans-unit>
<trans-unit id="302"><source>No</source><target>Nee</target></trans-unit>
<trans-unit id="303"><source>No comment</source><target>geen commentaar </target></trans-unit>
<trans-unit id="304"><source>Secure your pledge page with a password (optional).</source><target>Beveilig uw pagina met een wachtwoord (optioneel). </target></trans-unit>
<trans-unit id="305"><source>Change your password (optional).</source><target>Wijzig uw wachtwoord (optioneel). </target></trans-unit>
<trans-unit id="306"><source>Passwords do not match.</source><target>Wachtwoorden komen niet overeen. </target></trans-unit>
<trans-unit id="307"><source>Password is too short. Use at least 8 characters.</source><target>Wachtwoord is te kort. Gebruik minimaal 8 tekens. </target></trans-unit>
<trans-unit id="308"><source>Save &amp; submit my pledges</source><target>Opslaan en indienen</target></trans-unit>
<trans-unit id="309"><source>Please enter your password.</source><target>Vul je wachtwoord in. </target></trans-unit>
<trans-unit id="310"><source>Company</source><target>Bedrijf </target></trans-unit>
<trans-unit id="311"><source>Party</source><target>Politieke partij </target></trans-unit>
<trans-unit id="312"><source>Electorate</source><target>Electoraat </target></trans-unit>
<trans-unit id="313"><source>Recipients</source><target>Ontvangers </target></trans-unit>
<trans-unit id="314"><source>Read pledge text</source><target>Lees de belofte-tekst. </target></trans-unit>
<trans-unit id="315"><source>Password</source><target>Wachtwoord </target></trans-unit>
<trans-unit id="316"><source>Password again</source><target>Herhaal wachtwoord</target></trans-unit>
<trans-unit id="317"><source>Enter</source><target>Invoeren</target></trans-unit>
<trans-unit id="318"><source>I pledged on #DATE#</source><target>Ik beloofde op #DATE#</target></trans-unit>
<trans-unit id="400"><source>Attention: You will receive a confirmation email. Check your email inbox (and junk folder) now! To confirm your action, click the link given in the email.</source><target>Belangrijk: je zal een bevestigingsmail ontvangen. Check je mailbox (en junk folder). Om je actie te bevestigen, klik op de link die in de mail wordt gegeven.</target></trans-unit>
<trans-unit id="401"><source>Attention: You've already taken part in this action (maybe on another website).</source><target>Opgelet: je nam reeds deel aan deze actie (misschien via een andere website)</target></trans-unit>
<trans-unit id="402"><source>Your email is being validated, please wait!</source><target>Je e-mail wordt gecontroleerd, een moment geduld a.u.b.!</target></trans-unit>
<trans-unit id="403"><source>You verified your email address.</source><target>Je hebt je mailadres geverifieerd. </target></trans-unit>
<trans-unit id="404"><source>Your action is confirmed.</source><target>Je actie is bevestigd. </target></trans-unit>
<trans-unit id="405"><source>Use this moment to tell friends and family.</source><target>Breng nu je vrienden en familie op de hoogte!</target></trans-unit>
<trans-unit id="406"><source>Your statement of support has been submitted successfully.</source><target>Hartelijk dank voor uw deelname! U hebt het EBI ondertekend. </target></trans-unit>
<trans-unit id="407"><source>Signature identifier</source><target>Uw stem wordt onder volgend identificatienummer bij de EU-commissie beheerd</target></trans-unit>
<trans-unit id="408"><source>Yes, please</source><target>Ja graag</target></trans-unit>
<trans-unit id="409"><source>No, thank you</source><target>Nee</target></trans-unit>
<trans-unit id="410"><source>Become part of the movement</source><target>Meld je aan voor de nieuwsbrief</target></trans-unit>
<trans-unit id="411"><source>Join now</source><target>Doe nu mee</target></trans-unit>
<trans-unit id="412"><source>Confirm and continue</source><target>Bevestig en ga door</target></trans-unit>
<trans-unit id="413"><source>Skip and go directly to signing the initiative in step 2</source><target>Sla over en ga direct naar het ondertekenen van het initiatief in stap 2</target></trans-unit>
<trans-unit id="414"><source>Why do I have to share all this information?</source><target>Waarom moet ik al deze informatie vermelden?</target></trans-unit>
<trans-unit id="415"><source>Your national government decides what information you need to provide for a European Citizens' Initiative so that your signature can be validated and counted. Therefore, please fill in all lines. (Your data will be transmitted securely and encrypted. Your data can only be accessed by national authorities for verification purposes.)</source><target>Uw nationale regering beslist, welke informatie u voor een Europees Burgerinitiatief moet vermelden, opdat uw handtekening geldig is en geteld wordt. Gelieve daarom alle regels in te vullen. (Uw gegevens worden veilig en versleuteld overgedragen.   Op de gegevens kunnen alleen de nationale autoriteiten voor controledoeleinden beroep doen).</target></trans-unit>
<trans-unit id="416"><source>Sign up and become part of the movement.</source><target>&nbsp;</target></trans-unit>
</body>
</file>
</xliff>
