﻿<?xml version="1.0" encoding="UTF-8"?>
<!DOCTYPE xliff PUBLIC "-//XLIFF//DTD XLIFF//EN" "http://www.oasis-open.org/committees/xliff/documents/xliff.dtd">
<xliff version="1.0">
<file source-language="EN" target-language="it" datatype="plaintext" original="messages" date="2019-10-08T13:53:17Z" product-name="messages">
<header/>
<body>
<trans-unit id="1"><source>Petition</source><target>Petizione</target></trans-unit>
<trans-unit id="2"><source>Email action</source><target>Agisci via email</target></trans-unit>
<trans-unit id="3"><source>Initiative</source><target>Iniziativa </target></trans-unit>
<trans-unit id="4"><source>Appeal</source><target>Appello</target></trans-unit>
<trans-unit id="5"><source>Community</source><target>Comunità</target></trans-unit>
<trans-unit id="6"><source>Newsletter</source><target>Newsletter</target></trans-unit>
<trans-unit id="7"><source>Join</source><target>Aderire</target></trans-unit>
<trans-unit id="8"><source>Sign up</source><target>Registrazione</target></trans-unit>
<trans-unit id="9"><source>Sign up to the newsletter</source><target>Iscriviti alla newsletter</target></trans-unit>
<trans-unit id="11"><source>Sign the Petition</source><target>Firma la petizione</target></trans-unit>
<trans-unit id="12"><source>Send an Email</source><target>Invia una email</target></trans-unit>
<trans-unit id="13"><source>Support</source><target>Sostegno</target></trans-unit>
<trans-unit id="14"><source>Take action</source><target>Agisci</target></trans-unit>
<trans-unit id="15"><source>Sign</source><target>Firma</target></trans-unit>
<trans-unit id="16"><source>Send</source><target>Invia</target></trans-unit>
<trans-unit id="17"><source>Subscribe</source><target>Registrati</target></trans-unit>
<trans-unit id="18"><source>Support the initiative</source><target>Firma l'iniziativa</target></trans-unit>
<trans-unit id="19"><source>Support the appeal</source><target>Sostieni l'appello</target></trans-unit>
<trans-unit id="20"><source>Join the community</source><target>Entra nella community</target></trans-unit>
<trans-unit id="21"><source>Name</source><target>Nome</target></trans-unit>
<trans-unit id="22"><source>Full name</source><target>Nome completo</target></trans-unit>
<trans-unit id="23"><source>First name</source><target>Nome</target></trans-unit>
<trans-unit id="24"><source>Last name</source><target>Cognome</target></trans-unit>
<trans-unit id="25"><source>Mr</source><target>Sig.</target></trans-unit>
<trans-unit id="26"><source>Mrs</source><target>Sig.ra</target></trans-unit>
<trans-unit id="27"><source>Mrs/Mr</source><target>Sig.ra/Sig.</target></trans-unit>
<trans-unit id="28"><source>City</source><target>Città</target></trans-unit>
<trans-unit id="29"><source>Post code</source><target>CAP</target></trans-unit>
<trans-unit id="30"><source>Country</source><target>Paese</target></trans-unit>
<trans-unit id="31"><source>Address</source><target>Indirizzo</target></trans-unit>
<trans-unit id="32"><source>Email address</source><target>Indirizzo e-mail</target></trans-unit>
<trans-unit id="33"><source>Personal comment</source><target>Commenti personali</target></trans-unit>
<trans-unit id="34"><source>PP Heading</source><target>Informativa sulla privacy</target></trans-unit>
<trans-unit id="35"><source>I accept the _privacy policy_</source><target>Firmando, accetto la _politica sulla privacy_.</target></trans-unit>
<trans-unit id="36"><source>Keep me posted on this and similar campaigns.</source><target>Tenetemi aggiornato/a su questa ed altre campagne</target></trans-unit>
<trans-unit id="37"><source>Reminder:</source><target>Promemoria:</target></trans-unit>
<trans-unit id="38"><source>Thank you</source><target>Grazie</target></trans-unit>
<trans-unit id="46"><source>Share</source><target>Condividi</target></trans-unit>
<trans-unit id="47"><source>Tell your friends</source><target>Dillo ai tuoi amici</target></trans-unit>
<trans-unit id="48"><source>Separate email addresses with a comma.</source><target>Separa gli indirizzi email con una virgola.</target></trans-unit>
<trans-unit id="49"><source>We have sent an email with information about this campaign to the address(es) specified.</source><target>Abbiamo inviato un’e-mail con informazioni sulla presente campagna all’indirizzo/agli indirizzi indicato/i.</target></trans-unit>
<trans-unit id="50"><source>Donate</source><target>Dona</target></trans-unit>
<trans-unit id="51"><source>Help us fund this campaign. Give whatever you can now using the safe and secure paypal form below.</source><target>Aiutaci a finanziare questa campagna. Dona quel che puoi adesso utilizzando l'interfaccia sicura di paypal.</target></trans-unit>
<trans-unit id="52"><source>Amount</source><target>Importo</target></trans-unit>
<trans-unit id="53"><source>Last signers</source><target>Ultimi firmatari</target></trans-unit>
<trans-unit id="54"><source>All signers</source><target>Tutti i firmatari</target></trans-unit>
<trans-unit id="61"><source>Back</source><target>Indietro</target></trans-unit>
<trans-unit id="62"><source>Background</source><target>Contesto</target></trans-unit>
<trans-unit id="63"><source>Read more</source><target>Maggiori informazioni</target></trans-unit>
<trans-unit id="64"><source>More actions</source><target>Inizia la tua petizione!</target></trans-unit>
<trans-unit id="66"><source># Participants</source><target># Partecipanti</target></trans-unit>
<trans-unit id="67"><source># emails sent</source><target># email spedite</target></trans-unit>
<trans-unit id="68"><source>The action starts on #DATE#. Stay tuned and spread the word!</source><target>La campagna inizia il #DATE#. Continua a seguirci e diffondi la notizia!</target></trans-unit>
<trans-unit id="69"><source>This action is over. Thanks to the #COUNTER# people who signed-up!</source><target>La presente campagna si è conclusa. Grazie alle #COUNTER# persone che hanno aderito!</target></trans-unit>
<trans-unit id="70"><source>select</source><target>Seleziona</target></trans-unit>
<trans-unit id="71"><source>select all</source><target>Invia a tutti</target></trans-unit>
<trans-unit id="72"><source>Recipient(s)</source><target>Destinatari</target></trans-unit>
<trans-unit id="81"><source>Embed this</source><target>Includi questo elemento</target></trans-unit>
<trans-unit id="82"><source>Organisation</source><target>Organizzazione</target></trans-unit>
<trans-unit id="83"><source>Register your widget</source><target>Registra il tuo widget</target></trans-unit>
<trans-unit id="84"><source>Generate widget</source><target>Genera il widget</target></trans-unit>
<trans-unit id="85"><source>Change widget</source><target>Cambia il widget</target></trans-unit>
<trans-unit id="86"><source>Embed this code</source><target>Includi il codice</target></trans-unit>
<trans-unit id="101"><source>Customise your widget</source><target>Personalizza il tuo widget</target></trans-unit>
<trans-unit id="102"><source>Widget type</source><target>Tipo di widget</target></trans-unit>
<trans-unit id="103"><source>Embed</source><target>Incorpora</target></trans-unit>
<trans-unit id="104"><source>Popup</source><target>Popup</target></trans-unit>
<trans-unit id="105"><source>Email Validation Landingpage - auto forwarding to external page</source><target>Landing page conferma indirizzo di partecipazione (http://…)</target></trans-unit>
<trans-unit id="106"><source>Width</source><target>Larghezza</target></trans-unit>
<trans-unit id="107"><source>You may define a precise widget width. Select "auto" and the widget will adapt to the space available (max: 1000px). Should there be less than 440px width available, contents will display in one column (instead of two) with the sign-on-form below the petition text. On mobile devices with less than 768px device-width, the widget-width is set to 360px for smooth reading on smartphones.</source><target>Možete odrediti točnu širinu widget. Odaberite "Auto" i widget će se prilagoditi raspoloživom prostoru (max: 1000px). Ako postoji manje od 440px širine dostupni, sadržaj će se prikazati u jednom stupcu (umjesto dva) uz prijavu na-obrazac peticije teksta. Na mobilnim uređajima s manje od 768px širine uređaja, dodatak širine postavljena na 360px za glatko čitanje na smartphone.</target></trans-unit>
<trans-unit id="108"><source>Text title</source><target>Titolo, sinistra </target></trans-unit>
<trans-unit id="109"><source>Text body</source><target>Corpo testo</target></trans-unit>
<trans-unit id="110"><source>Button</source><target>Pulsante</target></trans-unit>
<trans-unit id="111"><source>Backgr left</source><target>Sfondo sinistra</target></trans-unit>
<trans-unit id="121"><source>Backgr right</source><target>Sfondo destra</target></trans-unit>
<trans-unit id="122"><source>Form title</source><target>Titolo, a destra</target></trans-unit>
<trans-unit id="123"><source>Customise contents: use your own words to convince your target group. To change the title, introduction and background texts, copy the texts from the edit fields into a text editor, make your changes and paste them back into the edit fields. Thereafter, adapt the width and the colours to seamlessly integrate the widget into your website design.</source><target>Puoi inserire questa action-box nel tuo sito o blog. Personalizza i contenuti: usa le tue parole per convincere la tua target audience. Per cambiare il titolo, l'introduzione e il contesto, copia i testi dai campi editabili negli editor di testo, fai i cambiamenti e incollali nuovamente nei campi editabili. Quindi, adatta larghezza e colori per integrare il widget nel design del tuo sito.</target></trans-unit>
<trans-unit id="124"><source>Title</source><target>Titolo</target></trans-unit>
<trans-unit id="125"><source>Target, Subheading</source><target>Target, sottotitolo</target></trans-unit>
<trans-unit id="126"><source>Intro</source><target>Intro</target></trans-unit>
<trans-unit id="127"><source>Body</source><target>Corpo</target></trans-unit>
<trans-unit id="128"><source>Footer</source><target>Piè di pagina</target></trans-unit>
<trans-unit id="129"><source>Subject</source><target>Oggetto</target></trans-unit>
<trans-unit id="130"><source>Email body</source><target>Corpo della email</target></trans-unit>
<trans-unit id="131"><source>Choose 'Embed' to have this box ("widget") embedded into your webpage, including texts and action-form. Visitors can instantly read all and take action. However, you need at least 440px width to embed the widget. Choose 'Popup' if you lack sufficient space on your webpage. You will get a small box ("teaser") with flexible width (at least 150px). If visitors click on the teaser, the big action-widget pops up.</source><target>Scegli “Incorpora” per avere questo riquadro (“widget”) integrato nella tua pagina web, inclusi testi e modulo della campagna. I visitatori potranno leggere immediatamente e partecipare. In ogni caso, hai bisogno di almeno 440px di larghezza per includere il widget.  Scegli “Popup” se non hai sufficiente spazio a disposizione sulla tua pagina web. Attiverai un riquadro più piccolo (“teaser”) con larghezza flessibile (almeno 150 px). Se i visitatori cliccano sul teaser, compare il widget grande</target></trans-unit>
<trans-unit id="166"><source>Target #</source><target>Obiettivo #</target></trans-unit>
<trans-unit id="201"><source>Hello</source><target>Ciao</target></trans-unit>
<trans-unit id="202"><source>Dear Madam %F %L,</source><target>Caro %F %L,</target></trans-unit>
<trans-unit id="203"><source>Dear Sir %F %L,</source><target>Caro %F %L,</target></trans-unit>
<trans-unit id="204"><source>Dear Sir/Madam %F %L,</source><target>Caro %F %L,</target></trans-unit>
<trans-unit id="301"><source>Yes</source><target>Si</target></trans-unit>
<trans-unit id="302"><source>No</source><target>No</target></trans-unit>
<trans-unit id="303"><source>No comment</source><target>no comment </target></trans-unit>
<trans-unit id="304"><source>Secure your pledge page with a password (optional).</source><target>Proteggi la tua pagina d'impegno con una password (opzionale). </target></trans-unit>
<trans-unit id="305"><source>Change your password (optional).</source><target>Cambia la tua password (opzionale). </target></trans-unit>
<trans-unit id="306"><source>Passwords do not match.</source><target>Le password non corrispondono. </target></trans-unit>
<trans-unit id="307"><source>Password is too short. Use at least 8 characters.</source><target>La password è troppo corta. Utilizzare almeno 8 caratteri. </target></trans-unit>
<trans-unit id="308"><source>Save &amp; submit my pledges</source><target>Salvare e inviare i miei impegni </target></trans-unit>
<trans-unit id="309"><source>Please enter your password.</source><target>Si prega di inserire la password. </target></trans-unit>
<trans-unit id="310"><source>Company</source><target>Azienda </target></trans-unit>
<trans-unit id="311"><source>Party</source><target>Partito politico </target></trans-unit>
<trans-unit id="312"><source>Electorate</source><target>Elettorato </target></trans-unit>
<trans-unit id="313"><source>Recipients</source><target>Destinatari </target></trans-unit>
<trans-unit id="314"><source>Read pledge text</source><target>Leggi il testo d'impegno. </target></trans-unit>
<trans-unit id="315"><source>Password</source><target>Password </target></trans-unit>
<trans-unit id="316"><source>Password again</source><target>Di nuovo la password </target></trans-unit>
<trans-unit id="317"><source>Enter</source><target>Entrare </target></trans-unit>
<trans-unit id="318"><source>I pledged on #DATE#</source><target>Mi sono impegnato il #DATE#</target></trans-unit>
<trans-unit id="400"><source>Attention: You will receive a confirmation email. Check your email inbox (and junk folder) now! To confirm your action, click the link given in the email.</source><target>Attenzione: riceverai un’email di conferma. Controlla la tua posta in entrata (e la casella spam) adesso!  Per confermare la tua partecipazione, clicca sul link indicato nell’e-mail.</target></trans-unit>
<trans-unit id="401"><source>Attention: You've already taken part in this action (maybe on another website).</source><target>Attenzione: hai già partecipato a questa campagna (forse da un altro sito)</target></trans-unit>
<trans-unit id="402"><source>Your email is being validated, please wait!</source><target>Convalida e-mail in corso, si prega di attendere!</target></trans-unit>
<trans-unit id="403"><source>You verified your email address.</source><target>Hai verificato il tuo indirizzo email.</target></trans-unit>
<trans-unit id="404"><source>Your action is confirmed.</source><target>La tua partecipazione è confermata.</target></trans-unit>
<trans-unit id="405"><source>Use this moment to tell friends and family.</source><target>Dillo ad amici e parenti.</target></trans-unit>
<trans-unit id="406"><source>Your statement of support has been submitted successfully.</source><target>Grazie per la partecipazione! Hai ufficialmente firmato l'ICE. </target></trans-unit>
<trans-unit id="407"><source>Signature identifier</source><target>La tua firma verrà registrata presso la Commissione Europea</target></trans-unit>
<trans-unit id="408"><source>Yes, please</source><target>Si</target></trans-unit>
<trans-unit id="409"><source>No, thank you</source><target>No</target></trans-unit>
<trans-unit id="410"><source>Become part of the movement</source><target>Iscriviti alla newsletter</target></trans-unit>
<trans-unit id="411"><source>Join now</source><target>Unisciti ora</target></trans-unit>
<trans-unit id="412"><source>Confirm and continue</source><target>Conferma e continua</target></trans-unit>
<trans-unit id="413"><source>Skip and go directly to signing the initiative in step 2</source><target>Salta e vai direttamente alla firma dell'iniziativa nella fase 2</target></trans-unit>
<trans-unit id="414"><source>Why do I have to share all this information?</source><target>Perchè devo condividere queste informazioni?</target></trans-unit>
<trans-unit id="415"><source>Your national government decides what information you need to provide for a European Citizens' Initiative so that your signature can be validated and counted. Therefore, please fill in all lines. (Your data will be transmitted securely and encrypted. Your data can only be accessed by national authorities for verification purposes.)</source><target>É il vostro governo a decidere quali informazioni servono per validare ciascuna firma per un' Iniziativa dei Cittadini Europei. Per questo motivo, è necessario che completiate tutti i campi. (I vostri dati verranno criptati e trasmessi in maniera sicura. Solo le autorità nazionali predisposte alla verifica delle firme hanno accesso a questi dati).</target></trans-unit>
<trans-unit id="416"><source>Sign up and become part of the movement.</source><target>&nbsp;</target></trans-unit>
</body>
</file>
</xliff>
