<?xml version="1.0" encoding="UTF-8"?>
<!DOCTYPE xliff PUBLIC "-//XLIFF//DTD XLIFF//EN" "http://www.oasis-open.org/committees/xliff/documents/xliff.dtd">
<xliff version="1.0">
<file source-language="EN" target-language="kk" datatype="plaintext" original="messages" date="2020-08-27T14:00:00Z" product-name="messages">
<header/>
<body>
<trans-unit id="1"><source>Petition</source><target>Петиция</target></trans-unit>
<trans-unit id="2"><source>Email action</source><target>Электрондық пошталық акция</target></trans-unit>
<trans-unit id="3"><source>Initiative</source><target>Бастама</target></trans-unit>
<trans-unit id="4"><source>Appeal</source><target>Жолдау, үндеу</target></trans-unit>
<trans-unit id="5"><source>Community</source><target>Қоғамдастық</target></trans-unit>
<trans-unit id="6"><source>Newsletter</source><target>Жаңалықтарды жіберу, тарату</target></trans-unit>
<trans-unit id="7"><source>Join</source><target>Қосылу</target></trans-unit>
<trans-unit id="8"><source>Sign up</source><target>Тіркеу</target></trans-unit>
<trans-unit id="9"><source>Sign up to the newsletter</source><target>Жаңалықтарға жазылу</target></trans-unit>
<trans-unit id="11"><source>Sign the Petition</source><target>Петицияға қол қою</target></trans-unit>
<trans-unit id="12"><source>Send an Email</source><target>Email жіберу</target></trans-unit>
<trans-unit id="13"><source>Support</source><target>Қолдау</target></trans-unit>
<trans-unit id="14"><source>Take action</source><target>Ықпал жасау</target></trans-unit>
<trans-unit id="15"><source>Sign</source><target>Қол</target></trans-unit>
<trans-unit id="16"><source>Send</source><target>Жіберу</target></trans-unit>
<trans-unit id="17"><source>Subscribe</source><target>Жазылу</target></trans-unit>
<trans-unit id="18"><source>Support the initiative</source><target>Бастамаға қол қою</target></trans-unit>
<trans-unit id="19"><source>Support the appeal</source><target>Үндеуді қолдау</target></trans-unit>
<trans-unit id="20"><source>Join the community</source><target>Қоғамдастыққа қосылу</target></trans-unit>
<trans-unit id="21"><source>Name</source><target>Есім</target></trans-unit>
<trans-unit id="22"><source>Full name</source><target>Аты-жөні</target></trans-unit>
<trans-unit id="23"><source>First name</source><target>Ат</target></trans-unit>
<trans-unit id="24"><source>Last name</source><target>Фамилия</target></trans-unit>
<trans-unit id="25"><source>Mr</source><target>Мырза</target></trans-unit>
<trans-unit id="26"><source>Mrs</source><target>Ханым</target></trans-unit>
<trans-unit id="27"><source>Mrs/Mr</source><target>Мырза, ханым</target></trans-unit>
<trans-unit id="28"><source>City</source><target>Қала</target></trans-unit>
<trans-unit id="29"><source>Post code</source><target>Пошталық код, индекс</target></trans-unit>
<trans-unit id="30"><source>Country</source><target>Мемлекет</target></trans-unit>
<trans-unit id="31"><source>Address</source><target>Мекенжай</target></trans-unit>
<trans-unit id="32"><source>Email address</source><target>Email</target></trans-unit>
<trans-unit id="33"><source>Personal comment</source><target>Өздік комментарий</target></trans-unit>
<trans-unit id="34"><source>PP Heading</source><target>Құпиялылық саясаты</target></trans-unit>
<trans-unit id="35"><source>I accept the _privacy policy_</source><target>Мен _құпиялылық саясатын_ қабылдаймын</target></trans-unit>
<trans-unit id="36"><source>Keep me posted on this and similar campaigns.</source><target>Маған осындай оқиғалар туралы хабарлаңыз</target></trans-unit>
<trans-unit id="37"><source>Reminder:</source><target>Ескерту</target></trans-unit>
<trans-unit id="38"><source>Thank you</source><target>Рақмет!</target></trans-unit>
<trans-unit id="46"><source>Share</source><target>Бөлісу</target></trans-unit>
<trans-unit id="47"><source>Tell your friends</source><target>Достамен бөлісу</target></trans-unit>
<trans-unit id="48"><source>Separate email addresses with a comma.</source><target>Үтірлермен бөлінген электрондық пошта адрестерін тізімдеңіз</target></trans-unit>
<trans-unit id="49"><source>We have sent an email with information about this campaign to the address(es) specified.</source><target>Біз көрсетілген электрондық адрестерге осы науқан туралы ақпараты бар email жібердік</target></trans-unit>
<trans-unit id="50"><source>Donate</source><target>Садақа ету</target></trans-unit>
<trans-unit id="51"><source>Help us fund this campaign. Give whatever you can now using the safe and secure paypal form below.</source><target>Бұл науқанды қауіпсіз төменгі Paypal арқылы қаржыландыруға көмектесіңіз</target></trans-unit>
<trans-unit id="52"><source>Amount</source><target>Мөлшер</target></trans-unit>
<trans-unit id="53"><source>Last signers</source><target>Соңғы қосылғандар</target></trans-unit>
<trans-unit id="54"><source>All signers</source><target>Барлық қосылғандар</target></trans-unit>
<trans-unit id="61"><source>Back</source><target>Кері</target></trans-unit>
<trans-unit id="62"><source>Background</source><target>Бэкграунд</target></trans-unit>
<trans-unit id="63"><source>Read more</source><target>Толық оқу</target></trans-unit>
<trans-unit id="64"><source>More actions</source><target>Өз петицияңызды жасаңыз</target></trans-unit>
<trans-unit id="66"><source># Participants</source><target># Қатысушылар</target></trans-unit>
<trans-unit id="67"><source># emails sent</source><target># Жіберілген email-дар</target></trans-unit>
<trans-unit id="68"><source>The action starts on #DATE#. Stay tuned and spread the word!</source><target>Акция #DATE# күні басталады. Әрдайым бақылап отырыңыз және хабарды таратыңыз!</target></trans-unit>
<trans-unit id="69"><source>This action is over. Thanks to the #COUNTER# people who signed-up!</source><target>Бұл акция аяқталды. Тіркелген #COUNTER# адамдарға рахмет!</target></trans-unit>
<trans-unit id="70"><source>select</source><target>Таңдау</target></trans-unit>
<trans-unit id="71"><source>select all</source><target>Барлығына жіберу</target></trans-unit>
<trans-unit id="72"><source>Recipient(s)</source><target>Алушы</target></trans-unit>
<trans-unit id="81"><source>Embed this</source><target>Ендіру</target></trans-unit>
<trans-unit id="82"><source>Organisation</source><target>Мекеме</target></trans-unit>
<trans-unit id="83"><source>Register your widget</source><target>Виджетті тіркеңіз</target></trans-unit>
<trans-unit id="84"><source>Generate widget</source><target>Виджет жасау</target></trans-unit>
<trans-unit id="85"><source>Change widget</source><target>Виджетті өзгерту</target></trans-unit>
<trans-unit id="86"><source>Embed this code</source><target>Кодты енгізіңіз</target></trans-unit>
<trans-unit id="101"><source>Customise your widget</source><target>Виджетті реттеңіз</target></trans-unit>
<trans-unit id="102"><source>Widget type</source><target>Виджет түрі</target></trans-unit>
<trans-unit id="103"><source>Embed</source><target>Енгізу</target></trans-unit>
<trans-unit id="104"><source>Popup</source><target>Қалқу</target></trans-unit>
<trans-unit id="105"><source>Email Validation Landingpage - auto forwarding to external page</source><target>Қосылуды растау email парағы (http://…)</target></trans-unit>
<trans-unit id="106"><source>Width</source><target>Ені</target></trans-unit>
<trans-unit id="107"><source>You may define a precise widget width. Select "auto" and the widget will adapt to the space available (max: 1000px). Should there be less than 440px width available, contents will display in one column (instead of two) with the sign-on-form below the petition text. On mobile devices with less than 768px device-width, the widget-width is set to 360px for smooth reading on smartphones.</source><target>Сіз нақты виджет енін анықтай аласыз. «Авто» таңдаңыз, виджет бос орынға бейімделеді (макс: 1000px). Егер ені 440 пиксельден аз болса, мазмұн бір бағанда (екі орнына) петиция мәтінінің астына кіру формасымен көрсетіледі. Құрылғының ені 768 пиксельден аз мобильді құрылғыларда смартфондарда тегіс оқу үшін виджет ені 360 пиксельге орнатылған.</target></trans-unit>
<trans-unit id="108"><source>Text title</source><target>Тақырып, солға</target></trans-unit>
<trans-unit id="109"><source>Text body</source><target>Мәтін</target></trans-unit>
<trans-unit id="110"><source>Button</source><target>Батырма</target></trans-unit>
<trans-unit id="111"><source>Backgr left</source><target>Backgr. Солға</target></trans-unit>
<trans-unit id="121"><source>Backgr right</source><target>Backgr. Оңға</target></trans-unit>
<trans-unit id="122"><source>Form title</source><target>Тақырып, оңға</target></trans-unit>
<trans-unit id="123"><source>Customise contents: use your own words to convince your target group. To change the title, introduction and background texts, copy the texts from the edit fields into a text editor, make your changes and paste them back into the edit fields. Thereafter, adapt the width and the colours to seamlessly integrate the widget into your website design.</source><target>Мазмұнды теңшеу: мақсатты топты сендіру үшін өз сөзіңізді қолданыңыз. Тақырыпты, кіріспе және фондық мәтіндерді өзгерту үшін мәтіндерді өңдеу өрістерінен мәтіндік редакторға көшіріп, өзгертулер енгізіп, оларды қайтадан өңдеу өрістеріне қойыңыз. Осыдан кейін, виджетті веб-сайтыңыздың дизайнына интеграциялау үшін ені мен түстерін бейімдеңіз.</target></trans-unit>
<trans-unit id="124"><source>Title</source><target>Тақырып, солға</target></trans-unit>
<trans-unit id="125"><source>Target, Subheading</source><target>Мақсат, тақырыпшалар</target></trans-unit>
<trans-unit id="126"><source>Intro</source><target>Кіріспе</target></trans-unit>
<trans-unit id="127"><source>Body</source><target>Негізгі бөлім</target></trans-unit>
<trans-unit id="128"><source>Footer</source><target>Колонтинтул</target></trans-unit>
<trans-unit id="129"><source>Subject</source><target>Тақырып</target></trans-unit>
<trans-unit id="130"><source>Email body</source><target>Email-дің негізгі бөлімі</target></trans-unit>
<trans-unit id="131"><source>Choose 'Embed' to have this box ("widget") embedded into your webpage, including texts and action-form. Visitors can instantly read all and take action. However, you need at least 440px width to embed the widget. Choose 'Popup' if you lack sufficient space on your webpage. You will get a small box ("teaser") with flexible width (at least 150px). If visitors click on the teaser, the big action-widget pops up.</source><target>Бұл жолақ («виджет») сіздің веб-сайтыңызға, мәтіндер мен іс-қимыл формасына енуі үшін «Ендіру» тармағын таңдаңыз. Келушілер лезде бәрін оқып, әрекет ете алады. Дегенмен, виджетті ендіру үшін сізге ені кем дегенде 440px қажет. Егер сіздің веб-сайтыңызда жеткілікті орын болмаса, «Қалқу» таңдаңыз. Сіз икемді ені бар (кем дегенде 150 рх) кішкентай қорапты («тизер») аласыз. Егер келушілер тизерді басса, үлкен экшн-виджет пайда болады.</target></trans-unit>
<trans-unit id="166"><source>Target #</source><target>Мақсат #</target></trans-unit>
<trans-unit id="201"><source>Hello</source><target>Сәлеметсіз бе</target></trans-unit>
<trans-unit id="202"><source>Dear Madam %F %L,</source><target>Құрметті %F %L,</target></trans-unit>
<trans-unit id="203"><source>Dear Sir %F %L,</source><target>Құрметті %F %L,</target></trans-unit>
<trans-unit id="204"><source>Dear Sir/Madam %F %L,</source><target>Құрметті %F %L,</target></trans-unit>
<trans-unit id="301"><source>Yes</source><target>Иә</target></trans-unit>
<trans-unit id="302"><source>No</source><target>Жоқ</target></trans-unit>
<trans-unit id="303"><source>No comment</source><target>Комментарийлер жоқ</target></trans-unit>
<trans-unit id="304"><source>Secure your pledge page with a password (optional).</source><target>Кепіл парағыңызды құпия сөзбен қорғаңыз (міндетті емес).</target></trans-unit>
<trans-unit id="305"><source>Change your password (optional).</source><target>Құпия сөзіңізді өзгертіңіз (міндетті емес).</target></trans-unit>
<trans-unit id="306"><source>Passwords do not match.</source><target>Құпия сөздер сәйкес келмейді</target></trans-unit>
<trans-unit id="307"><source>Password is too short. Use at least 8 characters.</source><target>Құпия сөз тым қысқа. Кемінде 8 таңбаны қолданыңыз.</target></trans-unit>
<trans-unit id="308"><source>Save &amp; submit my pledges</source><target>Кепілдерімді сақтау және жіберу</target></trans-unit>
<trans-unit id="309"><source>Please enter your password.</source><target>Құпия сөзіңізді енгізіңіз</target></trans-unit>
<trans-unit id="310"><source>Company</source><target>Компания</target></trans-unit>
<trans-unit id="311"><source>Party</source><target>Партия</target></trans-unit>
<trans-unit id="312"><source>Electorate</source><target>Сайлаушылар</target></trans-unit>
<trans-unit id="313"><source>Recipients</source><target>Алушылар</target></trans-unit>
<trans-unit id="314"><source>Read pledge text</source><target>Кепіл мәтінін оқыңыз</target></trans-unit>
<trans-unit id="315"><source>Password</source><target>Құпия сөз</target></trans-unit>
<trans-unit id="316"><source>Password again</source><target>Құпия сөзді қайталаңыз</target></trans-unit>
<trans-unit id="317"><source>Enter</source><target>Енгізіңіз</target></trans-unit>
<trans-unit id="318"><source>I pledged on #DATE#</source><target>Мен #DATE# күні кепілдік бердім</target></trans-unit>
<trans-unit id="400"><source>Attention: You will receive a confirmation email. Check your email inbox (and junk folder) now! To confirm your action, click the link given in the email.</source><target>Назар аударыңыз: Сізге электрондық поштаны растайтын хат келеді. Электрондық пошта жәшігін (және спам папкасын) тексеріңіз! Әрекетті растау үшін электрондық поштада берілген сілтемені басыңыз.</target></trans-unit>
<trans-unit id="401"><source>Attention: You've already taken part in this action (maybe on another website).</source><target>Назар аударыңыз: Сіз бұл акцияға қатысқансыз (мүмкін басқа веб-сайтта).</target></trans-unit>
<trans-unit id="402"><source>Your email is being validated, please wait!</source><target>Сіздің электрондық поштаңыз расталуда, күтіңіз!</target></trans-unit>
<trans-unit id="403"><source>You verified your email address.</source><target>Сіз өзіңіздің электрондық поштаңыздың адреін растадыңыз.</target></trans-unit>
<trans-unit id="404"><source>Your action is confirmed.</source><target>Сіздің әрекетіңіз расталды.</target></trans-unit>
<trans-unit id="405"><source>Use this moment to tell friends and family.</source><target>Осы сәтті достарыңыз және отбасыңызбен бөлісу үшін пайдаланыңыз.</target></trans-unit>
<trans-unit id="406"><source>Your statement of support has been submitted successfully.</source><target>Сіздің қолдау туралы өтінішіңіз сәтті жіберілді.</target></trans-unit>
<trans-unit id="407"><source>Signature identifier</source><target>Қол идентификаторы</target></trans-unit>
<trans-unit id="408"><source>Yes, please</source><target>Иә</target></trans-unit>
<trans-unit id="409"><source>No, thank you</source><target>Жоқ</target></trans-unit>
<trans-unit id="410"><source>Become part of the movement</source><target>Қозғалыстың бір бөлігі болыңыз</target></trans-unit>
<trans-unit id="411"><source>Join now</source><target>Дереу қосылу</target></trans-unit>
<trans-unit id="412"><source>Confirm and continue</source><target>Растау және жалғастыру</target></trans-unit>
<trans-unit id="413"><source>Skip and go directly to signing the initiative in step 2</source><target>Өткізіп, 2-қадамдағы бастамаға қол қоюға тікелей өтіңіз</target></trans-unit>
</body>
</file>
</xliff>