﻿<?xml version="1.0" encoding="UTF-8"?>
<!DOCTYPE xliff PUBLIC "-//XLIFF//DTD XLIFF//EN" "http://www.oasis-open.org/committees/xliff/documents/xliff.dtd">
<xliff version="1.0">
<file source-language="EN" target-language="ar" datatype="plaintext" original="messages" date="2010-07-27T14:01:01Z" product-name="messages">
<header/>
<body>
<trans-unit id="1"><source>Petition</source><target>عريضة</target></trans-unit>
<trans-unit id="2"><source>Email action</source><target>البريد الإلكتروني العمل</target></trans-unit>
<trans-unit id="3"><source>Initiative</source><target>المبادرة </target></trans-unit>
<trans-unit id="4"><source>Network-News</source><target>شبكة أخبار</target></trans-unit>
<trans-unit id="11"><source>Sign the Petition</source><target>التوقيع على العريضة</target></trans-unit>
<trans-unit id="12"><source>Send an Email</source><target>إرسال بريد إلكتروني</target></trans-unit>
<trans-unit id="13"><source>Support</source><target>دعم </target></trans-unit>
<trans-unit id="14"><source>Take action</source><target>عمل</target></trans-unit>
<trans-unit id="15"><source>Sign</source><target>وقع</target></trans-unit>
<trans-unit id="16"><source>Send</source><target>إرسال</target></trans-unit>
<trans-unit id="17"><source>Subscribe</source><target>الاشتراك</target></trans-unit>
<trans-unit id="18"><source>Support the initiative</source><target>توقيع المبادرة</target></trans-unit>
<trans-unit id="21"><source>Name</source><target>اسم</target></trans-unit>
<trans-unit id="22"><source>Full name</source><target>بدر تام</target></trans-unit>
<trans-unit id="23"><source>First name</source><target>الاسم الأول</target></trans-unit>
<trans-unit id="24"><source>Last name</source><target>اسم العائلة</target></trans-unit>
<trans-unit id="25"><source>Mr</source><target>السيد</target></trans-unit>
<trans-unit id="26"><source>Mrs</source><target>السيدة</target></trans-unit>
<trans-unit id="27"><source>Mrs/Mr</source><target>مللي / السيد</target></trans-unit>
<trans-unit id="28"><source>City</source><target>مدينة</target></trans-unit>
<trans-unit id="29"><source>Post code</source><target>أضف كود</target></trans-unit>
<trans-unit id="30"><source>Country</source><target>بلد</target></trans-unit>
<trans-unit id="31"><source>Address</source><target>عنوان</target></trans-unit>
<trans-unit id="32"><source>Email address</source><target>عنوان البريد الإلكتروني</target></trans-unit>
<trans-unit id="33"><source>Comment</source><target>تعليق</target></trans-unit>
<trans-unit id="34"><source>Privacy policy</source><target>سياسة الخصوصية</target></trans-unit>
<trans-unit id="35"><source>Keep me posted on this and similar campaigns.</source><target>يبقي لي نشر على حملات هذا وما شابه ذلك.</target></trans-unit>
<trans-unit id="36"><source>Reminder:</source><target>Reminder:</target></trans-unit>
<trans-unit id="41"><source>Thank you</source><target>شكرا</target></trans-unit>
<trans-unit id="42"><source>Attention: You will receive a confirmation email. Check your email inbox (and junk folder) now! To confirm your action, click the link given in the email.</source><target>الاهتمام: سوف تتلقى رسالة تأكيد بالبريد الإلكتروني. التحقق من بريدك الالكتروني الوارد (غير المرغوب فيه والمجلد) الآن! لتأكيد العمل الخاص بك، اضغط على الرابط الوارد في البريد الإلكتروني.</target></trans-unit>
<trans-unit id="43"><source>Attention: You've already taken part in this action (maybe on another website).</source><target>الاهتمام: لقد اتخذت بالفعل جزء في هذا العمل (وربما على موقع آخر).</target></trans-unit>
<trans-unit id="44"><source>Your email is being validated, please wait!</source><target>يتم التحقق من صحة البريد الإلكتروني شهادات يجري البيضاء، يرجى الانتظار! </target></trans-unit>
<trans-unit id="45"><source>You verified your email address. Your action is confirmed. Use this moment to tell friends and family.</source><target>كنت التحقق من عنوان البريد الإلكتروني الخاص بك. ويؤكد العمل الخاص بك. استخدام هذه اللحظة لأقول الأصدقاء والعائلة.</target></trans-unit>
<trans-unit id="46"><source>Share</source><target>حصة </target></trans-unit>
<trans-unit id="47"><source>Tell your friends</source><target>أخبر أصدقائك</target></trans-unit>
<trans-unit id="48"><source>Separate email addresses with a comma.</source><target>البريد الإلكتروني منفصل يتناول بفاصلة.</target></trans-unit>
<trans-unit id="49"><source>We have sent an email with information about this campaign to the address(es) specified.</source><target>لقد أرسلنا رسالة بريد إلكتروني تحتوي على معلومات حول هذه الحملة إلى عنوان (عناوين) المحدد.</target></trans-unit>
<trans-unit id="50"><source>Donate</source><target>تبرع</target></trans-unit>
<trans-unit id="51"><source>Help us fund this campaign. Give whatever you can now using the safe and secure paypal form below.</source><target>تساعدنا تمويل هذه الحملة. تعطي كل ما يمكنك الآن باستخدام النموذج آمنة ومأمونة باي بال أدناه.</target></trans-unit>
<trans-unit id="52"><source>Amount</source><target>كمية</target></trans-unit>
<trans-unit id="61"><source>Back</source><target>ظهر</target></trans-unit>
<trans-unit id="62"><source>Background</source><target>خلفية</target></trans-unit>
<trans-unit id="63"><source>Read more</source><target>اقرأ المزيد</target></trans-unit>
<trans-unit id="64"><source>More actions</source><target>بدء الالتماس الخاص بك! </target></trans-unit>
<trans-unit id="65"><source>PP Heading</source><target>سياسة الخصوصية </target></trans-unit>
<trans-unit id="66"><source>people so far</source><target>شخص حتى الآن</target></trans-unit>
<trans-unit id="67"><source>emails sent</source><target>إرسال رسائل البريد الإلكتروني</target></trans-unit>
<trans-unit id="68"><source>The action starts on #DATE#. Stay tuned and spread the word!</source><target>يبدأ العمل على #DATE# لا تنزعج ونشر الكلمة! </target></trans-unit>
<trans-unit id="69"><source>This action is over. Thanks to the #COUNTER# people who signed-up!</source><target>هذه الحصة قد انتهت. بفضل #COUNTER# من الناس وقعت المتابعة! </target></trans-unit>
<trans-unit id="70"><source>select</source><target>حدد</target></trans-unit>
<trans-unit id="71"><source>select all</source><target>إرسال لجميع</target></trans-unit>
<trans-unit id="72"><source>Recipient(s)</source><target>المتلقي (ق)</target></trans-unit>
<trans-unit id="81"><source>Embed this</source><target>ترسيخ هذه</target></trans-unit>
<trans-unit id="82"><source>Organisation</source><target>منظمة</target></trans-unit>
<trans-unit id="83"><source>Register your widget</source><target>تسجيل القطعة الخاصة بك</target></trans-unit>
<trans-unit id="84"><source>Generate widget</source><target>توليد القطعة</target></trans-unit>
<trans-unit id="85"><source>Change widget</source><target>تغيير القطعة</target></trans-unit>
<trans-unit id="86"><source>Embed this code</source><target>تضمين هذا الرمز</target></trans-unit>
<trans-unit id="101"><source>Customise your widget</source><target>تخصيص القطعة الخاصة بك</target></trans-unit>
<trans-unit id="102"><source>Widget type</source><target>القطعة نوع</target></trans-unit>
<trans-unit id="103"><source>Embed</source><target>تضمين</target></trans-unit>
<trans-unit id="104"><source>Popup</source><target>المنبثق</target></trans-unit>
<trans-unit id="105"><source>Email Validation Landingpage - auto forwarding to external page</source><target>التقيد في تأكيد عبر البريد الإلكتروني الصفحة المقصودة (HTTP: // ...) </target></trans-unit>
<trans-unit id="106"><source>Width</source><target>عرض</target></trans-unit>
<trans-unit id="107"><source>You may define a precise widget width. Select "auto" and the widget will adapt to the space available (max: 1000px). Should there be less than 440px width available, contents will display in one column (instead of two) with the sign-on-form below the petition text. On mobile devices with less than 768px device-width, the widget-width is set to 360px for smooth reading on smartphones.</source><target>يمكنك تحديد عرض القطعة الدقيق. حدد "السيارات" وسوف القطعة التكيف مع المساحة المتاحة (حد أقصى: 1000px). ينبغي أن يكون هناك أقل من 440px العرض متاحة، ومحتويات تعرض في عمود واحد (بدلا من اثنين) مع علامة على اساس النموذج أدناه نص الالتماس. على الأجهزة النقالة مع أقل من 768px جهاز العرض، يتم تعيين القطعة ذات العرض إلى 360px للقراءة سلسة على الهواتف الذكية.</target></trans-unit>
<trans-unit id="108"><source>Text title</source><target>نص العنوان</target></trans-unit>
<trans-unit id="109"><source>Text body</source><target>النص الأساسي</target></trans-unit>
<trans-unit id="110"><source>Button</source><target>زر</target></trans-unit>
<trans-unit id="111"><source>Backgr left</source><target>ترك الخلفية</target></trans-unit>
<trans-unit id="121"><source>Backgr right</source><target>خلفية الحق</target></trans-unit>
<trans-unit id="122"><source>Form title</source><target>العنوان، الحق</target></trans-unit>
<trans-unit id="123"><source>Customise contents: use your own words to convince your target group. To change the title, introduction and background texts, copy the texts from the edit fields into a text editor, make your changes and paste them back into the edit fields. Thereafter, adapt the width and the colours to seamlessly integrate the widget into your website design.</source><target>محتويات تخصيص: استخدام الكلمات الخاصة بك لإقناع الفئة المستهدفة. لتغيير عنوان نصوص، مقدمة وخلفية، نسخ النصوص من حقول تحرير في محرر نص، قم بإجراء التغييرات ولصقها مرة أخرى إلى ميادين التحرير. بعد ذلك، تكييف العرض والألوان لتتكامل بسهولة القطعة في تصميم موقع الويب الخاص بك.</target></trans-unit>
<trans-unit id="124"><source>Title</source><target>لقب</target></trans-unit>
<trans-unit id="125"><source>Target, Subheading</source><target>الهدف، العنوان الفرعي</target></trans-unit>
<trans-unit id="126"><source>Intro</source><target>مقدمة</target></trans-unit>
<trans-unit id="127"><source>Body</source><target>هيئة</target></trans-unit>
<trans-unit id="128"><source>Footer</source><target>تذييل</target></trans-unit>
<trans-unit id="129"><source>Subject</source><target>موضوع</target></trans-unit>
<trans-unit id="130"><source>Email body</source><target>البريد الإلكتروني الجسم</target></trans-unit>
<trans-unit id="131"><source>Choose 'Embed' to have this box ("widget") embedded into your webpage, including texts and action-form. Visitors can instantly read all and take action. However, you need at least 440px width to embed the widget. Choose 'Popup' if you lack sufficient space on your webpage. You will get a small box ("teaser") with flexible width (at least 150px). If visitors click on the teaser, the big action-widget pops up.</source><target>اختيار "تضمين" أن يكون هذا المربع ("القطعة") جزءا لا يتجزأ في صفحة الويب الخاصة بك، بما في ذلك النصوص وعمل نموذج. يمكن للزوار قراءة الفور جميع واتخاذ الإجراءات اللازمة. ومع ذلك، تحتاج على الأقل 440px العرض إلى تضمين القطعة. اختر 'قافزة "إذا كنت تفتقر مساحة كافية على صفحة الويب الخاصة بك. سوف تحصل على مربع صغير ("دعابة") مع عرض مرنة (على الأقل 150px). إذا الزوار انقر على دعابة، والعمل، ويدجت كبيرة للملوثات العضوية الثابتة.</target></trans-unit>
<trans-unit id="201"><source>Hello</source><target>مرحبا </target></trans-unit>
<trans-unit id="202"><source>Dear Madam %F %L,</source><target>عزيزي L%</target></trans-unit>
<trans-unit id="203"><source>Dear Sir %F %L,</source><target>عزيزي L%</target></trans-unit>
<trans-unit id="204"><source>Dear Sir/Madam %F %L,</source><target>سيدتي أو سيدي L%</target></trans-unit>
<trans-unit id="301"><source>Yes</source><target>نعم </target></trans-unit>
<trans-unit id="302"><source>No</source><target>لا </target></trans-unit>
<trans-unit id="303"><source>No comment</source><target>لا تعليق </target></trans-unit>
<trans-unit id="304"><source>Secure your pledge page with a password (optional).</source><target>تأمين الصفحة التعهد الخاص بك مع كلمة مرور (اختياري). </target></trans-unit>
<trans-unit id="305"><source>Change your password (optional).</source><target>تغيير كلمة المرور (اختياري). </target></trans-unit>
<trans-unit id="306"><source>Passwords do not match.</source><target>كلمات المرور غير متطابقة. </target></trans-unit>
<trans-unit id="307"><source>Password is too short. Use at least 8 characters.</source><target>كلمة المرور قصيرة جدا. استخدام ثمانية أحرف على الأقل. </target></trans-unit>
<trans-unit id="308"><source>Save &amp; submit my pledges</source><target>حفظ و أمبير؛ تقديم تعهدات بلدي </target></trans-unit>
<trans-unit id="309"><source>Please enter your password.</source><target>يرجى إدخال كلمة المرور. </target></trans-unit>
<trans-unit id="310"><source>Company</source><target>شركة </target></trans-unit>
<trans-unit id="311"><source>Party</source><target>حزب </target></trans-unit>
<trans-unit id="312"><source>Electorate</source><target>الناخبين </target></trans-unit>
<trans-unit id="313"><source>Recipients</source><target>المستفيدين </target></trans-unit>
<trans-unit id="314"><source>Read pledge text</source><target>تعهد قراءة النص </target></trans-unit>
<trans-unit id="315"><source>Password</source><target>كلمة المرور </target></trans-unit>
<trans-unit id="316"><source>Password again</source><target>كلمة المرور مرة أخرى </target></trans-unit>
<trans-unit id="317"><source>Enter</source><target>أدخل </target></trans-unit>
<trans-unit id="318"><source>I pledged on #DATE#</source><target>تعهدت على #DATE# </target></trans-unit>
</body>
</file>
</xliff>