<?xml version="1.0" encoding="UTF-8"?>
<!DOCTYPE xliff PUBLIC "-//XLIFF//DTD XLIFF//EN" "http://www.oasis-open.org/committees/xliff/documents/xliff.dtd">
<xliff version="1.0">
<file source-language="EN" target-language="bg" datatype="plaintext" original="messages" date="2010-04-08T13:53:17Z" product-name="messages">
<header/>
<body>
<trans-unit id="1"><source>Petition</source><target>Петиция</target></trans-unit>
<trans-unit id="2"><source>Email action</source><target>Email действие </target></trans-unit>
<trans-unit id="3"><source>Initiative</source><target>Инициатива </target></trans-unit>
<trans-unit id="4"><source>Appeal</source><target>Обжалване</target></trans-unit>
<trans-unit id="5"><source>Community</source><target>Общност</target></trans-unit>
<trans-unit id="6"><source>Newsletter</source><target>Новини от мрежата </target></trans-unit>
<trans-unit id="7"><source>Join</source><target>Присъединяване</target></trans-unit>
<trans-unit id="8"><source>Sign up</source><target>Абониране</target></trans-unit>
<trans-unit id="9"><source>Sign up to the newsletter</source><target>Абонирайте се за нашия бюлетин</target></trans-unit>
<trans-unit id="11"><source>Sign the Petition</source><target>Подписване на петицията</target></trans-unit>
<trans-unit id="12"><source>Send an Email</source><target>Изпращане на електронна поща </target></trans-unit>
<trans-unit id="13"><source>Support</source><target>Подкрепа</target></trans-unit>
<trans-unit id="14"><source>Take action</source><target>Участие</target></trans-unit>
<trans-unit id="15"><source>Sign</source><target>Подписване</target></trans-unit>
<trans-unit id="16"><source>Send</source><target>Изпращане</target></trans-unit>
<trans-unit id="17"><source>Subscribe</source><target>Абониране</target></trans-unit>
<trans-unit id="18"><source>Support the initiative</source><target>Подписване на инициативата</target></trans-unit>
<trans-unit id="19"><source>Support the appeal</source><target>Подкрепете жалбата</target></trans-unit>
<trans-unit id="20"><source>Join the community</source><target>Присъединете се към общността</target></trans-unit>
<trans-unit id="21"><source>Name</source><target>Име</target></trans-unit>
<trans-unit id="22"><source>Full name</source><target>Име и фамилия</target></trans-unit>
<trans-unit id="23"><source>First name</source><target>Име</target></trans-unit>
<trans-unit id="24"><source>Last name</source><target>Фамилия</target></trans-unit>
<trans-unit id="25"><source>Mr</source><target>Г-н</target></trans-unit>
<trans-unit id="26"><source>Mrs</source><target>Г-жа</target></trans-unit>
<trans-unit id="27"><source>Mrs/Mr</source><target>Г-жа/г-н</target></trans-unit>
<trans-unit id="28"><source>City</source><target>Град</target></trans-unit>
<trans-unit id="29"><source>Post code</source><target>Пощ. код</target></trans-unit>
<trans-unit id="30"><source>Country</source><target>Държава</target></trans-unit>
<trans-unit id="31"><source>Address</source><target>Адрес</target></trans-unit>
<trans-unit id="32"><source>Email address</source><target>Имейл</target></trans-unit>
<trans-unit id="33"><source>Personal comment</source><target>Коментар</target></trans-unit>
<trans-unit id="34"><source>PP Heading</source><target>Декларация за защита на личните данни</target></trans-unit>
<trans-unit id="35"><source>I accept the _privacy policy_</source><target>_Приемам декларацията за поверителност_</target></trans-unit>
<trans-unit id="36"><source>Keep me posted on this and similar campaigns.</source><target>Дръжте ме в течение на тази и подобни кампании.</target></trans-unit>
<trans-unit id="37"><source>Reminder:</source><target>Напомняне:</target></trans-unit>
<trans-unit id="38"><source>Thank you</source><target>Благодаря</target></trans-unit>
<trans-unit id="46"><source>Share</source><target>Споделяне</target></trans-unit>
<trans-unit id="47"><source>Tell your friends</source><target>Кажете на приятелите си</target></trans-unit>
<trans-unit id="48"><source>Separate email addresses with a comma.</source><target>Раздели email адресите със запетая.</target></trans-unit>
<trans-unit id="49"><source>We have sent an email with information about this campaign to the address(es) specified.</source><target>Изпратихме имейл с информация за кампанията на посочения (посочените) адрес(и).</target></trans-unit>
<trans-unit id="50"><source>Donate</source><target>Дарете </target></trans-unit>
<trans-unit id="51"><source>Help us fund this campaign. Give whatever you can now using the safe and secure paypal form below.</source><target>Помогнете ни да финансира тази кампания. Дайте каквото можете, сега безопасно и сигурно PayPal като използвате формата по-долу. </target></trans-unit>
<trans-unit id="52"><source>Amount</source><target>сума </target></trans-unit>
<trans-unit id="53"><source>Last signers</source><target>Последни подписали</target></trans-unit>
<trans-unit id="54"><source>All signers</source><target>Всички подписали се</target></trans-unit>
<trans-unit id="61"><source>Back</source><target>Назад</target></trans-unit>
<trans-unit id="62"><source>Background</source><target>произход</target></trans-unit>
<trans-unit id="63"><source>Read more</source><target>Прочети повече</target></trans-unit>
<trans-unit id="64"><source>More actions</source><target>Стартирайте Вашата петиция!</target></trans-unit>
<trans-unit id="66"><source># Participants</source><target># Участници</target></trans-unit>
<trans-unit id="67"><source># emails sent</source><target># изпратени имейла</target></trans-unit>
<trans-unit id="68"><source>The action starts on #DATE#. Stay tuned and spread the word!</source><target>Акцията стартира на #DATE#. Останете и мобилизирайте другите!</target></trans-unit>
<trans-unit id="69"><source>This action is over. Thanks to the #COUNTER# people who signed-up!</source><target>Тази акция е приключила. Благодарим на #COUNTER# души, които участваха!</target></trans-unit>
<trans-unit id="70"><source>select</source><target>Избор</target></trans-unit>
<trans-unit id="71"><source>select all</source><target>Изпращане на всички</target></trans-unit>
<trans-unit id="72"><source>Recipient(s)</source><target>Получател(и)</target></trans-unit>
<trans-unit id="81"><source>Embed this</source><target>Вграждане</target></trans-unit>
<trans-unit id="82"><source>Organisation</source><target>Организация</target></trans-unit>
<trans-unit id="83"><source>Register your widget</source><target>Регистриране на графичен елемент</target></trans-unit>
<trans-unit id="84"><source>Generate widget</source><target>Създаване на графичен елемент</target></trans-unit>
<trans-unit id="85"><source>Change widget</source><target>Промяна джаджа</target></trans-unit>
<trans-unit id="86"><source>Embed this code</source><target>Код за вграждане</target></trans-unit>
<trans-unit id="101"><source>Customise your widget</source><target>Персонализирайте вашия джаджа</target></trans-unit>
<trans-unit id="102"><source>Widget type</source><target>Тип графичен елемент</target></trans-unit>
<trans-unit id="103"><source>Embed</source><target>Вграждане</target></trans-unit>
<trans-unit id="104"><source>Popup</source><target>Изскачащ прозорец</target></trans-unit>
<trans-unit id="105"><source>Email Validation Landingpage - auto forwarding to external page</source><target>Страница за потвърждаване на имейла (http://…)</target></trans-unit>
<trans-unit id="106"><source>Width</source><target>Ширина</target></trans-unit>
<trans-unit id="107"><source>You may define a precise widget width. Select "auto" and the widget will adapt to the space available (max: 1000px). Should there be less than 440px width available, contents will display in one column (instead of two) with the sign-on-form below the petition text. On mobile devices with less than 768px device-width, the widget-width is set to 360px for smooth reading on smartphones.</source><target>Вие може да се определи точна ширина джаджа. Изберете "Auto" и джаджа ще се адаптира към наличното пространство (Max: 1000px). Трябва ли да има по-малко от 440px широчина на разположение, съдържанието ще се показват в една колона (вместо две) със знак-на-по-долу текста на петиция. На мобилни устройства с по-малко от 768px устройство ширина, на джаджа ширина е настроен на 360px за гладко четене на смартфони.</target></trans-unit>
<trans-unit id="108"><source>Text title</source><target>Титла, наляво </target></trans-unit>
<trans-unit id="109"><source>Text body</source><target>Текст </target></trans-unit>
<trans-unit id="110"><source>Button</source><target>Button </target></trans-unit>
<trans-unit id="111"><source>Backgr left</source><target>Площ, наляво </target></trans-unit>
<trans-unit id="121"><source>Backgr right</source><target>Площ, нали </target></trans-unit>
<trans-unit id="122"><source>Form title</source><target>Титла, нали</target></trans-unit>
<trans-unit id="123"><source>Customise contents: use your own words to convince your target group. To change the title, introduction and background texts, copy the texts from the edit fields into a text editor, make your changes and paste them back into the edit fields. Thereafter, adapt the width and the colours to seamlessly integrate the widget into your website design.</source><target>Персонализирайте съдържание: използвайте собствените си думи, за да убеди вашата целева група. За да промените заглавието, въвеждането и въвеждащите текстове, копирайте текстове от областта на редактиране в текстов редактор, да направите промените и ги поставете обратно в областта за редактиране. След това, ширината и адаптиране на цветове, за да се интегрира безпроблемно джаджа в уебсайта си дизайн.</target></trans-unit>
<trans-unit id="124"><source>Title</source><target>Заглавие</target></trans-unit>
<trans-unit id="125"><source>Target, Subheading</source><target>Подзаглавие </target></trans-unit>
<trans-unit id="126"><source>Intro</source><target>Въведение </target></trans-unit>
<trans-unit id="127"><source>Body</source><target>Main текст </target></trans-unit>
<trans-unit id="128"><source>Footer</source><target>Закриване на текст </target></trans-unit>
<trans-unit id="129"><source>Subject</source><target>Относно </target></trans-unit>
<trans-unit id="130"><source>Email body</source><target>Email тяло </target></trans-unit>
<trans-unit id="131"><source>Choose 'Embed' to have this box ("widget") embedded into your webpage, including texts and action-form. Visitors can instantly read all and take action. However, you need at least 440px width to embed the widget. Choose 'Popup' if you lack sufficient space on your webpage. You will get a small box ("teaser") with flexible width (at least 150px). If visitors click on the teaser, the big action-widget pops up.</source><target>Използвайте 'Embed' за вграждане на полето ("widget") в уеб страницата заедно с текстовете и формата за действие: на Вашата страница трябва да има място с минимална ширина 440px. 'Embed' е най-добрият избор, защото Вашите посетители ще могат да виждат цялото съдържание на графичния елемент ("Widget"). Ако не разполагате с минимална ширина 440px, използвайте изскачащ прозорец ('Popup'). Той създава малко поле "тийзър" (гъвкава ширина, минимум 150px). С кликване върху тийзъра се отваря големият графичен елемент на акцията в изскачащ прозорец.</target></trans-unit>
<trans-unit id="166"><source>Target #</source><target>Обективен #</target></trans-unit>
<trans-unit id="201"><source>Hello</source><target>Здравейте</target></trans-unit>
<trans-unit id="202"><source>Dear Madam %F %L,</source><target>Уважаема г-жа %F %L,</target></trans-unit>
<trans-unit id="203"><source>Dear Sir %F %L,</source><target>Уважаеми г-н %F %L,</target></trans-unit>
<trans-unit id="204"><source>Dear Sir/Madam %F %L,</source><target>Уважаем(а) %F %L,</target></trans-unit>
<trans-unit id="301"><source>Yes</source><target>Да </target></trans-unit>
<trans-unit id="302"><source>No</source><target>Не </target></trans-unit>
<trans-unit id="303"><source>No comment</source><target>Без коментар </target></trans-unit>
<trans-unit id="304"><source>Secure your pledge page with a password (optional).</source><target>Осигурете си залог страница с парола (по избор). </target></trans-unit>
<trans-unit id="305"><source>Change your password (optional).</source><target>Промяна на парола (по избор). </target></trans-unit>
<trans-unit id="306"><source>Passwords do not match.</source><target>Паролите не съвпадат. </target></trans-unit>
<trans-unit id="307"><source>Password is too short. Use at least 8 characters.</source><target>Парола е твърде кратък. Използвайте най-малко 8 знака. </target></trans-unit>
<trans-unit id="308"><source>Save &amp; submit my pledges</source><target>Запазване и представя моите обещания </target></trans-unit>
<trans-unit id="309"><source>Please enter your password.</source><target>Моля, въведете паролата си. </target></trans-unit>
<trans-unit id="310"><source>Company</source><target>фирма </target></trans-unit>
<trans-unit id="311"><source>Party</source><target>политическа партия </target></trans-unit>
<trans-unit id="312"><source>Electorate</source><target>електорат </target></trans-unit>
<trans-unit id="313"><source>Recipients</source><target>получатели </target></trans-unit>
<trans-unit id="314"><source>Read pledge text</source><target>Прочетете текста на залог. </target></trans-unit>
<trans-unit id="315"><source>Password</source><target>Password </target></trans-unit>
<trans-unit id="316"><source>Password again</source><target>парола отново </target></trans-unit>
<trans-unit id="317"><source>Enter</source><target>Въведете </target></trans-unit>
<trans-unit id="318"><source>I pledged on #DATE#</source><target>I обеща на #DATE#</target></trans-unit>
<trans-unit id="400"><source>Attention: You will receive a confirmation email. Check your email inbox (and junk folder) now! To confirm your action, click the link given in the email.</source><target>Внимание: Ще получите имейл за потвърждение. Проверете входящата си поща (също и папката „Спам”)! За да потвърдите Вашето участие, кликнете върху линка, посочен в имейла.</target></trans-unit>
<trans-unit id="401"><source>Attention: You've already taken part in this action (maybe on another website).</source><target>Внимание: Вече сте участвали в тази акция (може би на друга уеб страница).</target></trans-unit>
<trans-unit id="402"><source>Your email is being validated, please wait!</source><target>Вашият имейл се потвърждава, моля изчакайте!</target></trans-unit>
<trans-unit id="403"><source>You verified your email address.</source><target>Вие потвърдихте Вашия имейл адрес. </target></trans-unit>
<trans-unit id="404"><source>Your action is confirmed.</source><target>Вашето участие е потвърдено. </target></trans-unit>
<trans-unit id="405"><source>Use this moment to tell friends and family.</source><target>Информирайте приятелите и семейството си.</target></trans-unit>
<trans-unit id="406"><source>Your statement of support has been submitted successfully.</source><target>Благодарим Ви за участието! Подписахте ЕГИ. </target></trans-unit>
<trans-unit id="407"><source>Signature identifier</source><target>Вашият подпис ще бъде регистриран в Комисията на ЕС под идентификатора на подпис</target></trans-unit>
<trans-unit id="408"><source>Yes, please</source><target>Да моля</target></trans-unit>
<trans-unit id="409"><source>No, thank you</source><target>Не благодаря</target></trans-unit>
<trans-unit id="410"><source>Become part of the movement</source><target>Абонирайте се за нашия бюлетин</target></trans-unit>
<trans-unit id="411"><source>Join now</source><target>Присъедини се сега</target></trans-unit>
<trans-unit id="412"><source>Confirm and continue</source><target>Потвърдете и продължете</target></trans-unit>
<trans-unit id="413"><source>Skip and go directly to signing the initiative in step 2</source><target>Пропуснете и преминете директно към подписване на инициативата в стъпка 2</target></trans-unit>
<trans-unit id="414"><source>Why do I have to share all this information?</source><target>Защо трябва да споделя тази инфомрация?</target></trans-unit>
<trans-unit id="415"><source>Your national government decides what information you need to provide for a European Citizens' Initiative so that your signature can be validated and counted. Therefore, please fill in all lines. (Your data will be transmitted securely and encrypted. Your data can only be accessed by national authorities for verification purposes.)</source><target>Вашето национално правителство решава каква информация трябва да предоставите за Европейската гражданска инициатива, за да може Вашият подпис да бъде удостоверен и зачетен. Затова, моля, попълнете всички редове. (Вашите данни ще бъдат предадени сигурно и криптирано. Достъп до данните от ЕГИ имат само националните органи с цел проверка).</target></trans-unit>
<trans-unit id="416"><source>Sign up and become part of the movement.</source><target>&nbsp;</target></trans-unit>
</body>
</file>
</xliff>
