﻿<?xml version="1.0" encoding="UTF-8"?>
<!DOCTYPE xliff PUBLIC "-//XLIFF//DTD XLIFF//EN" "http://www.oasis-open.org/committees/xliff/documents/xliff.dtd">
<xliff version="1.0">
<file source-language="EN" target-language="ja" datatype="plaintext" original="messages" date="2010-07-27T14:00:00Z" product-name="messages">
<header/>
<body>
<trans-unit id="1"><source>Petition</source><target>請願</target></trans-unit>
<trans-unit id="2"><source>Email action</source><target>メールアクション</target></trans-unit>
<trans-unit id="3"><source>Initiative</source><target>イニシアチブ </target></trans-unit>
<trans-unit id="4"><source>Network-News</source><target>ネットワーク·ニュース</target></trans-unit>
<trans-unit id="11"><source>Sign the Petition</source><target>請願書に署名</target></trans-unit>
<trans-unit id="12"><source>Send an Email</source><target>メールを送信</target></trans-unit>
<trans-unit id="13"><source>Support</source><target>サポート </target></trans-unit>
<trans-unit id="14"><source>Take action</source><target>アクション</target></trans-unit>
<trans-unit id="15"><source>Sign</source><target>署名する</target></trans-unit>
<trans-unit id="16"><source>Send</source><target>送信</target></trans-unit>
<trans-unit id="17"><source>Subscribe</source><target>購読する</target></trans-unit>
<trans-unit id="18"><source>Support the initiative</source><target>イニシアチブにサインオン</target></trans-unit>
<trans-unit id="21"><source>Name</source><target>名前</target></trans-unit>
<trans-unit id="22"><source>Full name</source><target>フルネーム</target></trans-unit>
<trans-unit id="23"><source>First name</source><target>ファーストネーム</target></trans-unit>
<trans-unit id="24"><source>Last name</source><target>姓</target></trans-unit>
<trans-unit id="25"><source>Mr</source><target>氏</target></trans-unit>
<trans-unit id="26"><source>Mrs</source><target>ミズ</target></trans-unit>
<trans-unit id="27"><source>Mrs/Mr</source><target>MS /氏</target></trans-unit>
<trans-unit id="28"><source>City</source><target>シティ</target></trans-unit>
<trans-unit id="29"><source>Post code</source><target>郵便番号</target></trans-unit>
<trans-unit id="30"><source>Country</source><target>カントリー</target></trans-unit>
<trans-unit id="31"><source>Address</source><target>アドレス</target></trans-unit>
<trans-unit id="32"><source>Email address</source><target>電子メールアドレス</target></trans-unit>
<trans-unit id="33"><source>Comment</source><target>コメント</target></trans-unit>
<trans-unit id="34"><source>Privacy policy</source><target>個人情報保護方針</target></trans-unit>
<trans-unit id="35"><source>Keep me posted on this and similar campaigns.</source><target>これと似たようなキャンペーンで私が投稿してください。</target></trans-unit>
<trans-unit id="36"><source>Reminder:</source><target>Reminder:</target></trans-unit>
<trans-unit id="41"><source>Thank you</source><target>ありがとう</target></trans-unit>
<trans-unit id="42"><source>Attention: You will receive a confirmation email. Check your email inbox (and junk folder) now! To confirm your action, click the link given in the email.</source><target>重要：確認メールが届きます。今ではメールの受信トレイ（および迷惑メールフォルダ）をチェック！アクションを確認するには、電子メールに記載されてリンクをクリックします。</target></trans-unit>
<trans-unit id="43"><source>Attention: You've already taken part in this action (maybe on another website).</source><target>注意：あなたは既に（多分他のウェブサイトで）このアクションに参加してきました。</target></trans-unit>
<trans-unit id="44"><source>Your email is being validated, please wait!</source><target>あなたのメールアドレスは白であることの証明書を検証され、待ってください！ </target></trans-unit>
<trans-unit id="45"><source>You verified your email address. Your action is confirmed. Use this moment to tell friends and family.</source><target>あなたのメールアドレスを確認しました。あなたの行為が確認された。友人や家族に伝えるためにこの瞬間を使用します。</target></trans-unit>
<trans-unit id="46"><source>Share</source><target>共有 </target></trans-unit>
<trans-unit id="47"><source>Tell your friends</source><target>友達に教える</target></trans-unit>
<trans-unit id="48"><source>Separate email addresses with a comma.</source><target>カンマで電子メールアドレスを区切ります。</target></trans-unit>
<trans-unit id="49"><source>We have sent an email with information about this campaign to the address(es) specified.</source><target>我々は、指定されたアドレス（es）に、このキャンペーンに関する情報を記載した電子メールを送信しました。</target></trans-unit>
<trans-unit id="50"><source>Donate</source><target>寄付する</target></trans-unit>
<trans-unit id="51"><source>Help us fund this campaign. Give whatever you can now using the safe and secure paypal form below.</source><target>私たちは、このキャンペーンに資金を供給するのに役立ちます。あなたは今、以下の安全かつ確実なペイパルのフォームを使用することができます何でも与える。</target></trans-unit>
<trans-unit id="52"><source>Amount</source><target>量</target></trans-unit>
<trans-unit id="61"><source>Back</source><target>バック</target></trans-unit>
<trans-unit id="62"><source>Background</source><target>背景</target></trans-unit>
<trans-unit id="63"><source>Read more</source><target>続きを読む</target></trans-unit>
<trans-unit id="64"><source>More actions</source><target>あなたの請願を開始します！ </target></trans-unit>
<trans-unit id="65"><source>PP Heading</source><target>個人情報保護方針 </target></trans-unit>
<trans-unit id="66"><source>people so far</source><target>これまで人</target></trans-unit>
<trans-unit id="67"><source>emails sent</source><target>送信された電子メール</target></trans-unit>
<trans-unit id="68"><source>The action starts on #DATE#. Stay tuned and spread the word!</source><target>仕事はは #DATE# 日に開始されます。そのままで、言葉を広める！ </target></trans-unit>
<trans-unit id="69"><source>This action is over. Thanks to the #COUNTER# people who signed-up!</source><target>この共有は、以上です。アップに署名した人 #COUNTER# に感謝！</target></trans-unit>
<trans-unit id="70"><source>select</source><target>選択する</target></trans-unit>
<trans-unit id="71"><source>select all</source><target>すべてのメールを送る</target></trans-unit>
<trans-unit id="72"><source>Recipient(s)</source><target>受信者（複数可）</target></trans-unit>
<trans-unit id="81"><source>Embed this</source><target>これを埋め込む</target></trans-unit>
<trans-unit id="82"><source>Organisation</source><target>機関</target></trans-unit>
<trans-unit id="83"><source>Register your widget</source><target>あなたのウィジェットを登録</target></trans-unit>
<trans-unit id="84"><source>Generate widget</source><target>ウィジェットを生成</target></trans-unit>
<trans-unit id="85"><source>Change widget</source><target>ウィジェットを変更する</target></trans-unit>
<trans-unit id="86"><source>Embed this code</source><target>このコードを埋め込む</target></trans-unit>
<trans-unit id="101"><source>Customise your widget</source><target>ウィジェットをカスタマイズ</target></trans-unit>
<trans-unit id="102"><source>Widget type</source><target>ウィジェットの種類</target></trans-unit>
<trans-unit id="103"><source>Embed</source><target>埋め込む</target></trans-unit>
<trans-unit id="104"><source>Popup</source><target>ポップアップ</target></trans-unit>
<trans-unit id="105"><source>Email Validation Landingpage - auto forwarding to external page</source><target>オプトイン確認メールのリンク先ページ（HTTP：//...） </target></trans-unit>
<trans-unit id="106"><source>Width</source><target>幅</target></trans-unit>
<trans-unit id="107"><source>You may define a precise widget width. Select "auto" and the widget will adapt to the space available (max: 1000px). Should there be less than 440px width available, contents will display in one column (instead of two) with the sign-on-form below the petition text. On mobile devices with less than 768px device-width, the widget-width is set to 360px for smooth reading on smartphones.</source><target>あなたは、正確なウィジェットの幅を規定してもよい。 「自動」を選択し、ウィジェットが使用可能な領域に適応する（最大：1000px）。未満440px幅利用可能であるべきであり、内容はサインオン·フォーム請願テキストの下に（2つの代わりに）1列に表示されます。未満768pxデバイス幅を有するモバイルデバイスでは、ウィジェットの幅をスマートフォンでスムーズな読み取りのために360pxに設定されています。</target></trans-unit>
<trans-unit id="108"><source>Text title</source><target>テキストのタイトル</target></trans-unit>
<trans-unit id="109"><source>Text body</source><target>テキスト本文</target></trans-unit>
<trans-unit id="110"><source>Button</source><target>ボタン</target></trans-unit>
<trans-unit id="111"><source>Backgr left</source><target>背景には、左</target></trans-unit>
<trans-unit id="121"><source>Backgr right</source><target>右の背景</target></trans-unit>
<trans-unit id="122"><source>Form title</source><target>タイトル、右</target></trans-unit>
<trans-unit id="123"><source>Customise contents: use your own words to convince your target group. To change the title, introduction and background texts, copy the texts from the edit fields into a text editor, make your changes and paste them back into the edit fields. Thereafter, adapt the width and the colours to seamlessly integrate the widget into your website design.</source><target>カスタマイズ内容：あなたのターゲットグループを説得するために、独自の言葉を使う。タイトル、導入と背景のテキストを変更するには、テキストエディタに編集フィールドからテキストをコピーして、変更を加え、編集フィールドに再度貼り付けます。その後、シームレスにあなたのウェブサイトのデザインにウィジェットを統合するために、幅と色を合わせる。</target></trans-unit>
<trans-unit id="124"><source>Title</source><target>タイトル</target></trans-unit>
<trans-unit id="125"><source>Target, Subheading</source><target>ターゲット、小見出し</target></trans-unit>
<trans-unit id="126"><source>Intro</source><target>イントロ</target></trans-unit>
<trans-unit id="127"><source>Body</source><target>ボディ</target></trans-unit>
<trans-unit id="128"><source>Footer</source><target>フッター</target></trans-unit>
<trans-unit id="129"><source>Subject</source><target>件名</target></trans-unit>
<trans-unit id="130"><source>Email body</source><target>メールの本文</target></trans-unit>
<trans-unit id="131"><source>Choose 'Embed' to have this box ("widget") embedded into your webpage, including texts and action-form. Visitors can instantly read all and take action. However, you need at least 440px width to embed the widget. Choose 'Popup' if you lack sufficient space on your webpage. You will get a small box ("teaser") with flexible width (at least 150px). If visitors click on the teaser, the big action-widget pops up.</source><target>テキストやアクションフォームを含むあなたのウェブページに埋め込まれたこのボックスをオンにします（ "ウィジェット"）、持っている '埋め込み'を選択してください。訪問者は瞬時にすべてを読み、行動を取ることができる。ただし、ウィジェットを埋め込むためには、少なくとも440px幅を必要としています。あなたのウェブページに十分なスペースが不足している場合は、 'ポップアップ'を選択してください。あなたは、柔軟な幅（少なくとも150px）で小さなボックス（ "ティーザー"）を取得します。訪問者はティーザーをクリックすると、大きなアクション·ウィジェットがポップアップ表示されます。</target></trans-unit>
<trans-unit id="201"><source>Hello</source><target>こんにちは </target></trans-unit>
<trans-unit id="202"><source>Dear Madam %F %L,</source><target>%F %L は親愛なる、</target></trans-unit>
<trans-unit id="203"><source>Dear Sir %F %L,</source><target>%F %L は親愛なる、</target></trans-unit>
<trans-unit id="204"><source>Dear Sir/Madam %F %L,</source><target>%F %L は親愛なる、</target></trans-unit>
<trans-unit id="301"><source>Yes</source><target>はい </target></trans-unit>
<trans-unit id="302"><source>No</source><target>いいえ </target></trans-unit>
<trans-unit id="303"><source>No comment</source><target>コメント無し </target></trans-unit>
<trans-unit id="304"><source>Secure your pledge page with a password (optional).</source><target>パスワード（オプション）を使用して誓約ページを固定します。 </target></trans-unit>
<trans-unit id="305"><source>Change your password (optional).</source><target>パスワード（オプション）を変更します。 </target></trans-unit>
<trans-unit id="306"><source>Passwords do not match.</source><target>パスワードが一致しません。 </target></trans-unit>
<trans-unit id="307"><source>Password is too short. Use at least 8 characters.</source><target>パスワードが短すぎます。 8文字以上を使用してください。 </target></trans-unit>
<trans-unit id="308"><source>Save &amp; submit my pledges</source><target>保存＆＃038;私の誓約書を提出 </target></trans-unit>
<trans-unit id="309"><source>Please enter your password.</source><target>あなたのパスワードを入力してください。 </target></trans-unit>
<trans-unit id="310"><source>Company</source><target>会社 </target></trans-unit>
<trans-unit id="311"><source>Party</source><target>パーティー </target></trans-unit>
<trans-unit id="312"><source>Electorate</source><target>有権者 </target></trans-unit>
<trans-unit id="313"><source>Recipients</source><target>受信者 </target></trans-unit>
<trans-unit id="314"><source>Read pledge text</source><target>テキスト誓約を読む </target></trans-unit>
<trans-unit id="315"><source>Password</source><target>パスワード </target></trans-unit>
<trans-unit id="316"><source>Password again</source><target>もう一度パスワード </target></trans-unit>
<trans-unit id="317"><source>Enter</source><target>入力する </target></trans-unit>
<trans-unit id="318"><source>I pledged on #DATE#</source><target>私はあなたが #DATE#  を担保</target></trans-unit>

</body>
</file>
</xliff>