﻿<?xml version="1.0" encoding="UTF-8"?>
<!DOCTYPE xliff PUBLIC "-//XLIFF//DTD XLIFF//EN" "http://www.oasis-open.org/committees/xliff/documents/xliff.dtd">
<xliff version="1.0">
<file source-language="EN" target-language="ko" datatype="plaintext" original="messages" date="2010-07-27T14:00:00Z" product-name="messages">
<header/>
<body>
<trans-unit id="1"><source>Petition</source><target>청원</target></trans-unit>
<trans-unit id="2"><source>Email action</source><target>이메일 작업</target></trans-unit>
<trans-unit id="3"><source>Initiative</source><target>이니셔티브 </target></trans-unit>
<trans-unit id="4"><source>Network-News</source><target>네트워크 뉴스</target></trans-unit>
<trans-unit id="11"><source>Sign the Petition</source><target>탄원서에 서명</target></trans-unit>
<trans-unit id="12"><source>Send an Email</source><target>이메일 보내기</target></trans-unit>
<trans-unit id="13"><source>Support</source><target>지원 </target></trans-unit>
<trans-unit id="14"><source>Take action</source><target>행동</target></trans-unit>
<trans-unit id="15"><source>Sign</source><target>기호</target></trans-unit>
<trans-unit id="16"><source>Send</source><target>보내다</target></trans-unit>
<trans-unit id="17"><source>Subscribe</source><target>구독하다</target></trans-unit>
<trans-unit id="18"><source>Support the initiative</source><target>주도권을 가입</target></trans-unit>
<trans-unit id="21"><source>Name</source><target>이름</target></trans-unit>
<trans-unit id="22"><source>Full name</source><target>전체 이름</target></trans-unit>
<trans-unit id="23"><source>First name</source><target>이름</target></trans-unit>
<trans-unit id="24"><source>Last name</source><target>성</target></trans-unit>
<trans-unit id="25"><source>Mr</source><target>씨</target></trans-unit>
<trans-unit id="26"><source>Mrs</source><target>미혼</target></trans-unit>
<trans-unit id="27"><source>Mrs/Mr</source><target>MS / 씨</target></trans-unit>
<trans-unit id="28"><source>City</source><target>도시</target></trans-unit>
<trans-unit id="29"><source>Post code</source><target>코드를 게시</target></trans-unit>
<trans-unit id="30"><source>Country</source><target>국가</target></trans-unit>
<trans-unit id="31"><source>Address</source><target>주소</target></trans-unit>
<trans-unit id="32"><source>Email address</source><target>이메일 주소</target></trans-unit>
<trans-unit id="33"><source>Comment</source><target>논평</target></trans-unit>
<trans-unit id="34"><source>Privacy policy</source><target>개인 정보 보호 정책</target></trans-unit>
<trans-unit id="35"><source>Keep me posted on this and similar campaigns.</source><target>내가이와 유사한 캠페인에 게시하세요.</target></trans-unit>
<trans-unit id="36"><source>Reminder:</source><target>Reminder:</target></trans-unit>
<trans-unit id="41"><source>Thank you</source><target>감사합니다</target></trans-unit>
<trans-unit id="42"><source>Attention: You will receive a confirmation email. Check your email inbox (and junk folder) now! To confirm your action, click the link given in the email.</source><target>주의 : 당신은 확인 이메일을 받게됩니다. 이메일 지금 (및 정크 폴더)받은 편지함에서 확인! 귀하의 작업을 확인하려면 이메일에 제공된 링크를 클릭합니다.</target></trans-unit>
<trans-unit id="43"><source>Attention: You've already taken part in this action (maybe on another website).</source><target>주의 : 당신이 이미이 작업에 참여 (어쩌면 다른 웹 사이트에서) 촬영했습니다.</target></trans-unit>
<trans-unit id="44"><source>Your email is being validated, please wait!</source><target>귀하의 이메일 인증서가 흰색 인의 유효성을 검사에게, 잠시만 기다려주십시오! </target></trans-unit>
<trans-unit id="45"><source>You verified your email address. Your action is confirmed. Use this moment to tell friends and family.</source><target>귀하의 이메일 주소를 확인했습니다. 귀하의 작업이 확인됩니다. 친구 나 가족에게이 순간을 사용합니다.</target></trans-unit>
<trans-unit id="46"><source>Share</source><target>공유 </target></trans-unit>
<trans-unit id="47"><source>Tell your friends</source><target>친구에게</target></trans-unit>
<trans-unit id="48"><source>Separate email addresses with a comma.</source><target>별도의 이메일은 쉼표로 해결합니다.</target></trans-unit>
<trans-unit id="49"><source>We have sent an email with information about this campaign to the address(es) specified.</source><target>우리는 지정한 주소 (ES)에이 캠페인에 대한 정보가 포함 된 이메일을 보냈습니다.</target></trans-unit>
<trans-unit id="50"><source>Donate</source><target>기부하다</target></trans-unit>
<trans-unit id="51"><source>Help us fund this campaign. Give whatever you can now using the safe and secure paypal form below.</source><target>우리는이 캠페인을 후원하는 데 도움이됩니다. 지금 아래 안전하고 안전한 페이팔 양식을 사용하여 수있는 건 뭐든주세요.</target></trans-unit>
<trans-unit id="52"><source>Amount</source><target>양</target></trans-unit>
<trans-unit id="61"><source>Back</source><target>뒤로</target></trans-unit>
<trans-unit id="62"><source>Background</source><target>배경</target></trans-unit>
<trans-unit id="63"><source>Read more</source><target>자세히보기</target></trans-unit>
<trans-unit id="64"><source>More actions</source><target>청원서를 시작합니다! </target></trans-unit>
<trans-unit id="65"><source>PP Heading</source><target>개인 정보 보호 정책 </target></trans-unit>
<trans-unit id="66"><source>people so far</source><target>명까지</target></trans-unit>
<trans-unit id="67"><source>emails sent</source><target>이메일이 전송되었습니다</target></trans-unit>
<trans-unit id="68"><source>The action starts on #DATE#. Stay tuned and spread the word!</source><target>이 작품은 #DATE# 날짜에 시작됩니다. 곳에 맞추어 단어를 확산!</target></trans-unit>
<trans-unit id="69"><source>This action is over. Thanks to the #COUNTER# people who signed-up!</source><target>이 공유는 끝났습니다. 서명 업 명  #COUNTER# 에 감사합니다!</target></trans-unit>
<trans-unit id="70"><source>select</source><target>선택</target></trans-unit>
<trans-unit id="71"><source>select all</source><target>모든로 보내기</target></trans-unit>
<trans-unit id="72"><source>Recipient(s)</source><target>받는 사람 (들)</target></trans-unit>
<trans-unit id="81"><source>Embed this</source><target>이 항목 포함</target></trans-unit>
<trans-unit id="82"><source>Organisation</source><target>기구</target></trans-unit>
<trans-unit id="83"><source>Register your widget</source><target>여러분의 위젯을 등록</target></trans-unit>
<trans-unit id="84"><source>Generate widget</source><target>위젯을 생성</target></trans-unit>
<trans-unit id="85"><source>Change widget</source><target>위젯을 변경</target></trans-unit>
<trans-unit id="86"><source>Embed this code</source><target>이 코드를 삽입</target></trans-unit>
<trans-unit id="101"><source>Customise your widget</source><target>여러분의 위젯을 맞춤형</target></trans-unit>
<trans-unit id="102"><source>Widget type</source><target>위젯 유형</target></trans-unit>
<trans-unit id="103"><source>Embed</source><target>퍼가기</target></trans-unit>
<trans-unit id="104"><source>Popup</source><target>팝업</target></trans-unit>
<trans-unit id="105"><source>Email Validation Landingpage - auto forwarding to external page</source><target>수신 거부의 확인 이메일 방문 페이지 (HTTP : // ...) </target></trans-unit>
<trans-unit id="106"><source>Width</source><target>폭</target></trans-unit>
<trans-unit id="107"><source>You may define a precise widget width. Select "auto" and the widget will adapt to the space available (max: 1000px). Should there be less than 440px width available, contents will display in one column (instead of two) with the sign-on-form below the petition text. On mobile devices with less than 768px device-width, the widget-width is set to 360px for smooth reading on smartphones.</source><target>당신은 정확한 위젯 폭을 정의 할 수 있습니다. "자동"을 선택하고 위젯이 사용 가능한 공간에 적응합니다 (최대 : 1000px). 이하 440px 폭을 사용할 수있을 경우, 내용이 사인 온 (SSO) 형태 청원 텍스트 아래로 (두 개가 아닌) 하나의 컬럼에 표시됩니다. 이하 768px 장치 폭을 모바일 기기에서 위젯 폭은 스마트 폰에 부드러운 읽기 360px로 설정되어 있습니다.</target></trans-unit>
<trans-unit id="108"><source>Text title</source><target>텍스트 제목</target></trans-unit>
<trans-unit id="109"><source>Text body</source><target>본문 텍스트</target></trans-unit>
<trans-unit id="110"><source>Button</source><target>단추</target></trans-unit>
<trans-unit id="111"><source>Backgr left</source><target>배경 왼쪽</target></trans-unit>
<trans-unit id="121"><source>Backgr right</source><target>배경 오른쪽</target></trans-unit>
<trans-unit id="122"><source>Form title</source><target>제목을 마우스 오른쪽</target></trans-unit>
<trans-unit id="123"><source>Customise contents: use your own words to convince your target group. To change the title, introduction and background texts, copy the texts from the edit fields into a text editor, make your changes and paste them back into the edit fields. Thereafter, adapt the width and the colours to seamlessly integrate the widget into your website design.</source><target>나만 내용 : 귀하의 타겟 그룹을 설득하기 위해 자신의 단어를 사용합니다. 제목, 도입 및 배경 텍스트를 변경하려면 텍스트 편집기로 편집 분야의 텍스트를 복사하여 변경 사항을 확인하고 편집 필드로 다시 붙여 넣습니다. 이후 폭과 완벽하게 귀하의 웹 사이트 디자인에 위젯을 통합 할 수있는 색상을 적응.</target></trans-unit>
<trans-unit id="124"><source>Title</source><target>이름</target></trans-unit>
<trans-unit id="125"><source>Target, Subheading</source><target>대상, 부제목</target></trans-unit>
<trans-unit id="126"><source>Intro</source><target>소개</target></trans-unit>
<trans-unit id="127"><source>Body</source><target>몸</target></trans-unit>
<trans-unit id="128"><source>Footer</source><target>바닥 글</target></trans-unit>
<trans-unit id="129"><source>Subject</source><target>제목</target></trans-unit>
<trans-unit id="130"><source>Email body</source><target>이메일 본문</target></trans-unit>
<trans-unit id="131"><source>Choose 'Embed' to have this box ("widget") embedded into your webpage, including texts and action-form. Visitors can instantly read all and take action. However, you need at least 440px width to embed the widget. Choose 'Popup' if you lack sufficient space on your webpage. You will get a small box ("teaser") with flexible width (at least 150px). If visitors click on the teaser, the big action-widget pops up.</source><target>텍스트와 행동 양식을 포함하여 웹 페이지에 포함 된이 상자를 ( "위젯") 할 '삽입'을 선택합니다. 방문자는 즉시 모든 읽기 및 조치를 취할 수 있습니다. 그러나 위젯을 삽입 할 최소한 440px 너비를해야합니다. 귀하의 웹 페이지에 충분한 공간이 없을 경우 '팝업'을 선택합니다. 당신은 유연한 폭 (최소 150px)과 작은 상자 ( "맛보기")를 받게됩니다. 방문자가 티저를 클릭하면 큰 액션 도구가 팝업.</target></trans-unit>
<trans-unit id="201"><source>Hello</source><target>안녕하세요 </target></trans-unit>
<trans-unit id="202"><source>Dear Madam %F %L,</source><target>%F %L 친애하는</target></trans-unit>
<trans-unit id="203"><source>Dear Sir %F %L,</source><target>씨 %F %L 친애하는.</target></trans-unit>
<trans-unit id="204"><source>Dear Sir/Madam %F %L,</source><target>씨 또는 씨 %F %L 친애하는.</target></trans-unit>
<trans-unit id="301"><source>Yes</source><target>예 </target></trans-unit>
<trans-unit id="302"><source>No</source><target>없음 </target></trans-unit>
<trans-unit id="303"><source>No comment</source><target>노 코멘트 </target></trans-unit>
<trans-unit id="304"><source>Secure your pledge page with a password (optional).</source><target>암호 (옵션)로 서약 페이지를 고정합니다. </target></trans-unit>
<trans-unit id="305"><source>Change your password (optional).</source><target>비밀번호 (옵션)을 변경합니다. </target></trans-unit>
<trans-unit id="306"><source>Passwords do not match.</source><target>암호가 일치하지 않습니다. </target></trans-unit>
<trans-unit id="307"><source>Password is too short. Use at least 8 characters.</source><target>암호가 너무 짧습니다. 8 자 이상을 사용합니다. </target></trans-unit>
<trans-unit id="308"><source>Save &amp; submit my pledges</source><target>저장 &amp; A; 내 공약을 제출 </target></trans-unit>
<trans-unit id="309"><source>Please enter your password.</source><target>비밀번호를 입력하세요. </target></trans-unit>
<trans-unit id="310"><source>Company</source><target>회사 </target></trans-unit>
<trans-unit id="311"><source>Party</source><target>파티 </target></trans-unit>
<trans-unit id="312"><source>Electorate</source><target>유권자 </target></trans-unit>
<trans-unit id="313"><source>Recipients</source><target>받는 사람 </target></trans-unit>
<trans-unit id="314"><source>Read pledge text</source><target>텍스트 서약 읽기 </target></trans-unit>
<trans-unit id="315"><source>Password</source><target>비밀번호 </target></trans-unit>
<trans-unit id="316"><source>Password again</source><target>패스워드를 다시 </target></trans-unit>
<trans-unit id="317"><source>Enter</source><target>입력 </target></trans-unit>
<trans-unit id="318"><source>I pledged on #DATE#</source><target>난 당신이 #DATE#  담보</target></trans-unit>

</body>
</file>
</xliff>