﻿<?xml version="1.0" encoding="UTF-8"?>
<!DOCTYPE xliff PUBLIC "-//XLIFF//DTD XLIFF//EN" "http://www.oasis-open.org/committees/xliff/documents/xliff.dtd">
<xliff version="1.0">
<file source-language="EN" target-language="fr_CA" datatype="plaintext" original="messages" date="2019-10-08T13:53:17Z" product-name="messages">
<header/>
<body>
<trans-unit id="1"><source>Petition</source><target>Pétition</target></trans-unit>
<trans-unit id="2"><source>Email action</source><target>Action e-mail</target></trans-unit>
<trans-unit id="3"><source>Initiative</source><target>Initiative</target></trans-unit>
<trans-unit id="4"><source>Appeal</source><target>Appel</target></trans-unit>
<trans-unit id="5"><source>Community</source><target>Communauté</target></trans-unit>
<trans-unit id="6"><source>Newsletter</source><target>Newsletter</target></trans-unit>
<trans-unit id="7"><source>Join</source><target>Rejoindre</target></trans-unit>
<trans-unit id="8"><source>Sign up</source><target>S'inscrire</target></trans-unit>
<trans-unit id="9"><source>Sign up to the newsletter</source><target>S'inscrire à la newsletter</target></trans-unit>
<trans-unit id="11"><source>Sign the Petition</source><target>Signer la pétition</target></trans-unit>
<trans-unit id="12"><source>Send an Email</source><target>Envoyer un e-mail</target></trans-unit>
<trans-unit id="13"><source>Support</source><target>Soutenir</target></trans-unit>
<trans-unit id="14"><source>Take action</source><target>Agir</target></trans-unit>
<trans-unit id="15"><source>Sign</source><target>Signer</target></trans-unit>
<trans-unit id="16"><source>Send</source><target>Envoyer</target></trans-unit>
<trans-unit id="17"><source>Subscribe</source><target>S´inscrire</target></trans-unit>
<trans-unit id="18"><source>Support the initiative</source><target>Signer l'initiative</target></trans-unit>
<trans-unit id="19"><source>Support the appeal</source><target>Soutenir l'appel</target></trans-unit>
<trans-unit id="20"><source>Join the community</source><target>Rejoindre la communauté</target></trans-unit>
<trans-unit id="21"><source>Name</source><target>Nom</target></trans-unit>
<trans-unit id="22"><source>Full name</source><target>Nom complet</target></trans-unit>
<trans-unit id="23"><source>First name</source><target>Prénom</target></trans-unit>
<trans-unit id="24"><source>Last name</source><target>Nom de famille</target></trans-unit>
<trans-unit id="25"><source>Mr</source><target>Monsieur (Mr)</target></trans-unit>
<trans-unit id="26"><source>Mrs</source><target>Madame (Mme)</target></trans-unit>
<trans-unit id="27"><source>Mrs/Mr</source><target>Mme/Mr</target></trans-unit>
<trans-unit id="28"><source>City</source><target>Ville</target></trans-unit>
<trans-unit id="29"><source>Post code</source><target>Code postal</target></trans-unit>
<trans-unit id="30"><source>Country</source><target>Pays</target></trans-unit>
<trans-unit id="31"><source>Address</source><target>Adresse</target></trans-unit>
<trans-unit id="32"><source>Email address</source><target>Adresse e-mail</target></trans-unit>
<trans-unit id="33"><source>Personal comment</source><target>Commentaire personnel</target></trans-unit>
<trans-unit id="34"><source>PP Heading</source><target>Politique de confidentialité</target></trans-unit>
<trans-unit id="35"><source>I accept the _privacy policy_</source><target>J'accepte la _politique de confidentialité_</target></trans-unit>
<trans-unit id="36"><source>Keep me posted on this and similar campaigns.</source><target>Informez-moi de la suite de cette campagne ou de campagnes similaires</target></trans-unit>
<trans-unit id="37"><source>Reminder:</source><target>Rappel:</target></trans-unit>
<trans-unit id="38"><source>Thank you</source><target>Merci</target></trans-unit>
<trans-unit id="46"><source>Share</source><target>Envoyer à un ami</target></trans-unit>
<trans-unit id="47"><source>Tell your friends</source><target>En parler à un ami</target></trans-unit>
<trans-unit id="48"><source>Separate email addresses with a comma.</source><target>Séparez les adresses email par une virgule.</target></trans-unit>
<trans-unit id="49"><source>We have sent an email with information about this campaign to the address(es) specified.</source><target>Nous avons envoyé un e-mail contenant des informations sur la campagne à l'adresse spécifiée</target></trans-unit>
<trans-unit id="50"><source>Donate</source><target>Faire un don</target></trans-unit>
<trans-unit id="51"><source>Help us fund this campaign. Give whatever you can now using the safe and secure paypal form below.</source><target>Aidez-nous à financer cette campagne. Faites un don en remplissant le formulaire sécurisé Paypal ci-dessous</target></trans-unit>
<trans-unit id="52"><source>Amount</source><target>Montant</target></trans-unit>
<trans-unit id="53"><source>Last signers</source><target>Derniers signataires</target></trans-unit>
<trans-unit id="54"><source>All signers</source><target>Tous les signataires</target></trans-unit>
<trans-unit id="61"><source>Back</source><target>Retour</target></trans-unit>
<trans-unit id="62"><source>Background</source><target>Contexte</target></trans-unit>
<trans-unit id="63"><source>Read more</source><target>En savoir plus</target></trans-unit>
<trans-unit id="64"><source>More actions</source><target>Créez une pétition!</target></trans-unit>
<trans-unit id="66"><source># Participants</source><target># participants</target></trans-unit>
<trans-unit id="67"><source># emails sent</source><target># messages envoyés</target></trans-unit>
<trans-unit id="68"><source>The action starts on #DATE#. Stay tuned and spread the word!</source><target>L'action débute le #DATE#. Restez à l'écoute et passez le mot!</target></trans-unit>
<trans-unit id="69"><source>This action is over. Thanks to the #COUNTER# people who signed-up!</source><target>Cette action est terminée. Merci aux #COUNTER# personnes qui ont signé!</target></trans-unit>
<trans-unit id="70"><source>select</source><target>Selectionner</target></trans-unit>
<trans-unit id="71"><source>select all</source><target>Envoyer à tous</target></trans-unit>
<trans-unit id="72"><source>Recipient(s)</source><target>Destinataire(s)</target></trans-unit>
<trans-unit id="81"><source>Embed this</source><target>Intégrer ceci</target></trans-unit>
<trans-unit id="82"><source>Organisation</source><target>Organisation</target></trans-unit>
<trans-unit id="83"><source>Register your widget</source><target>Enregistrer votre Widget</target></trans-unit>
<trans-unit id="84"><source>Generate widget</source><target>Créer Widget</target></trans-unit>
<trans-unit id="85"><source>Change widget</source><target>Modifier le Widget</target></trans-unit>
<trans-unit id="86"><source>Embed this code</source><target>Intégrer ce code</target></trans-unit>
<trans-unit id="101"><source>Customise your widget</source><target>Personnaliser votre widget</target></trans-unit>
<trans-unit id="102"><source>Widget type</source><target>Type de widget</target></trans-unit>
<trans-unit id="103"><source>Embed</source><target>Intégrer</target></trans-unit>
<trans-unit id="104"><source>Popup</source><target>Popup</target></trans-unit>
<trans-unit id="105"><source>Email Validation Landingpage - auto forwarding to external page</source><target>Page pour email de confirmation</target></trans-unit>
<trans-unit id="106"><source>Width</source><target>Largeur</target></trans-unit>
<trans-unit id="107"><source>You may define a precise widget width. Select "auto" and the widget will adapt to the space available (max: 1000px). Should there be less than 440px width available, contents will display in one column (instead of two) with the sign-on-form below the petition text. On mobile devices with less than 768px device-width, the widget-width is set to 360px for smooth reading on smartphones.</source><target>Vous pouvez définir une largeur widget spécifique. Sélectionnez "auto" et le widget va s'adapter à l'espace disponible (max: 1000px). S´il y a moins de 440px de largeur disponible, le contenu s'affiche dans une colonne (au lieu de deux) avec le formulaire pour signer sous le texte de la pétition. Sur les appareils mobiles de moins de 768px de largeur, la largeur du widget est fixée à 360px pour une lecture facile sur les smartphones.</target></trans-unit>
<trans-unit id="108"><source>Text title</source><target>Titre, gauche </target></trans-unit>
<trans-unit id="109"><source>Text body</source><target>Texte</target></trans-unit>
<trans-unit id="110"><source>Button</source><target>Bouton</target></trans-unit>
<trans-unit id="111"><source>Backgr left</source><target>Fond gauche</target></trans-unit>
<trans-unit id="121"><source>Backgr right</source><target>Fond droite</target></trans-unit>
<trans-unit id="122"><source>Form title</source><target>Titre, droite</target></trans-unit>
<trans-unit id="123"><source>Customise contents: use your own words to convince your target group. To change the title, introduction and background texts, copy the texts from the edit fields into a text editor, make your changes and paste them back into the edit fields. Thereafter, adapt the width and the colours to seamlessly integrate the widget into your website design.</source><target>Personnalisez le contenu : utilisez vos propres arguments pour convaincre. Pour changer le titre, l'introduction et les textes en profondeur, copiez les textes dans un éditeur de texte, faites vos changements et collez vos textes dans les champs. Vous pouvez également adapter la largeur et les couleurs pour adapter le widget au design de votre site.</target></trans-unit>
<trans-unit id="124"><source>Title</source><target>Titre</target></trans-unit>
<trans-unit id="125"><source>Target, Subheading</source><target>Cible, sous-titres</target></trans-unit>
<trans-unit id="126"><source>Intro</source><target>Intro</target></trans-unit>
<trans-unit id="127"><source>Body</source><target>Corps</target></trans-unit>
<trans-unit id="128"><source>Footer</source><target>Pied</target></trans-unit>
<trans-unit id="129"><source>Subject</source><target>Sujet</target></trans-unit>
<trans-unit id="130"><source>Email body</source><target>Texte de l'e-mail</target></trans-unit>
<trans-unit id="131"><source>Choose 'Embed' to have this box ("widget") embedded into your webpage, including texts and action-form. Visitors can instantly read all and take action. However, you need at least 440px width to embed the widget. Choose 'Popup' if you lack sufficient space on your webpage. You will get a small box ("teaser") with flexible width (at least 150px). If visitors click on the teaser, the big action-widget pops up.</source><target>Choisissez 'Embed' pour avoir le widget directement dans votre page. Les personnes qui viennent sur votre page peuvent lire et agir.  Vous avez cependant besoin d´une largeur d´au moins 440px. Choisissez 'Popup' si vous n´avez pas assez d´espace sur votre page.  Vous obtiendrez une petite boîte à largeur variable (minimum 150 px). Si la personne clicque sur le teaser, le gros widget s´affiche.</target></trans-unit>
<trans-unit id="166"><source>Target #</source><target>Objectif #</target></trans-unit>
<trans-unit id="201"><source>Hello</source><target>Bonjour</target></trans-unit>
<trans-unit id="202"><source>Dear Madam %F %L,</source><target>Chère madame</target></trans-unit>
<trans-unit id="203"><source>Dear Sir %F %L,</source><target>Cher monsieur</target></trans-unit>
<trans-unit id="204"><source>Dear Sir/Madam %F %L,</source><target>Cher(e) Mme, Mr.</target></trans-unit>
<trans-unit id="301"><source>Yes</source><target>Oui</target></trans-unit>
<trans-unit id="302"><source>No</source><target>Non</target></trans-unit>
<trans-unit id="303"><source>No comment</source><target>Aucun commentaire</target></trans-unit>
<trans-unit id="304"><source>Secure your pledge page with a password (optional).</source><target>Sécurisez votre page d'engagement avec un mot de passe (facultatif).</target></trans-unit>
<trans-unit id="305"><source>Change your password (optional).</source><target>Changez votre mot de passe (facultatif).</target></trans-unit>
<trans-unit id="306"><source>Passwords do not match.</source><target>Les mots de passe ne correspondent pas.</target></trans-unit>
<trans-unit id="307"><source>Password is too short. Use at least 8 characters.</source><target>Le mot de passe est trop court. Utilisez au moins 8 caractères.</target></trans-unit>
<trans-unit id="308"><source>Save &amp; submit my pledges</source><target>Enregistrer et présenter mes promesses</target></trans-unit>
<trans-unit id="309"><source>Please enter your password.</source><target>S'il vous plaît, écrivez votre mot de passe.</target></trans-unit>
<trans-unit id="310"><source>Company</source><target>Entreprise</target></trans-unit>
<trans-unit id="311"><source>Party</source><target>Parti</target></trans-unit>
<trans-unit id="312"><source>Electorate</source><target>Électorat</target></trans-unit>
<trans-unit id="313"><source>Recipients</source><target>Destinataires</target></trans-unit>
<trans-unit id="314"><source>Read pledge text</source><target>Lire le texte d'engagement</target></trans-unit>
<trans-unit id="315"><source>Password</source><target>Mot de passe</target></trans-unit>
<trans-unit id="316"><source>Password again</source><target>Répétez mot de passe</target></trans-unit>
<trans-unit id="317"><source>Enter</source><target>Entrer</target></trans-unit>
<trans-unit id="318"><source>I pledged on #DATE#</source><target>J'ai promis le #DATE#</target></trans-unit>
<trans-unit id="400"><source>Attention: You will receive a confirmation email. Check your email inbox (and junk folder) now! To confirm your action, click the link given in the email.</source><target>Attention: vous allez recevoir un e-mail de confirmation. Vérifiez dès à présent votre boîte de réception. Pour confirmer votre action, cliquez sur le lien qui vous a été transmis par e-mail</target></trans-unit>
<trans-unit id="401"><source>Attention: You've already taken part in this action (maybe on another website).</source><target>Attention: vous avez déjà signe la pétition (peut-être via un autre site web)</target></trans-unit>
<trans-unit id="402"><source>Your email is being validated, please wait!</source><target>Votre e-mail est en cours de validation, s'il vous plaît patientez!</target></trans-unit>
<trans-unit id="403"><source>You verified your email address.</source><target>Vous avez vérifié votre adresse e-mail. </target></trans-unit>
<trans-unit id="404"><source>Your action is confirmed.</source><target>Votre action est confirmée. </target></trans-unit>
<trans-unit id="405"><source>Use this moment to tell friends and family.</source><target>En parler à un ami. </target></trans-unit>
<trans-unit id="406"><source>Your statement of support has been submitted successfully.</source><target>Votre déclaration de soutien a été soumise. </target></trans-unit>
<trans-unit id="407"><source>Signature identifier</source><target>Identifiant de signature: </target></trans-unit>
<trans-unit id="408"><source>Yes, please</source><target>Oui</target></trans-unit>
<trans-unit id="409"><source>No, thank you</source><target>Non</target></trans-unit>
<trans-unit id="410"><source>Become part of the movement</source><target>Devenir membre du mouvement</target></trans-unit>
<trans-unit id="411"><source>Join now</source><target>Rejoindre maintenant</target></trans-unit>
<trans-unit id="412"><source>Confirm and continue</source><target>Confirmer et continuer</target></trans-unit>
<trans-unit id="413"><source>Skip and go directly to signing the initiative in step 2</source><target>Passer et aller directement à la signature de l'initiative à l'étape 2</target></trans-unit>
</body>
</file>
</xliff>
