﻿<?xml version="1.0" encoding="UTF-8"?>
<!DOCTYPE xliff PUBLIC "-//XLIFF//DTD XLIFF//EN" "http://www.oasis-open.org/committees/xliff/documents/xliff.dtd">
<xliff version="1.0">
<file source-language="EN" target-language="ru" datatype="plaintext" original="messages" date="2020-05-13T14:00:00Z" product-name="messages">
<header/>
<body>
<trans-unit id="1"><source>Petition</source><target>Петиция</target></trans-unit>
<trans-unit id="2"><source>Email action</source><target>э-майл акция</target></trans-unit>
<trans-unit id="3"><source>Initiative</source><target>Инициатива</target></trans-unit>
<trans-unit id="4"><source>Appeal</source><target>Просьба</target></trans-unit>
<trans-unit id="5"><source>Community</source><target>Сообщество</target></trans-unit>
<trans-unit id="6"><source>Newsletter</source><target>Новостная рассылка</target></trans-unit>
<trans-unit id="7"><source>Join</source><target>Присоединиться</target></trans-unit>
<trans-unit id="8"><source>Sign up</source><target>Подписаться</target></trans-unit>
<trans-unit id="9"><source>Sign up to the newsletter</source><target>Подписаться на новостную рассылку</target></trans-unit>
<trans-unit id="11"><source>Sign the Petition</source><target>Подписать петицию</target></trans-unit>
<trans-unit id="12"><source>Send an Email</source><target>Отправить э-майл</target></trans-unit>
<trans-unit id="13"><source>Support</source><target>Поддержать</target></trans-unit>
<trans-unit id="14"><source>Take action</source><target>Действовать</target></trans-unit>
<trans-unit id="15"><source>Sign</source><target>Подписать</target></trans-unit>
<trans-unit id="16"><source>Send</source><target>Отправить э-майл</target></trans-unit>
<trans-unit id="17"><source>Subscribe</source><target>Подписаться</target></trans-unit>
<trans-unit id="18"><source>Support the initiative</source><target>Подписать инициативу</target></trans-unit>
<trans-unit id="19"><source>Support the appeal</source><target>Поддержать просьбу</target></trans-unit>
<trans-unit id="20"><source>Join the community</source><target>Присоединиться к сообществу</target></trans-unit>
<trans-unit id="21"><source>Name</source><target>Имя</target></trans-unit>
<trans-unit id="22"><source>Full name</source><target>Полное имя</target></trans-unit>
<trans-unit id="23"><source>First name</source><target>Имя</target></trans-unit>
<trans-unit id="24"><source>Last name</source><target>Фамилия</target></trans-unit>
<trans-unit id="25"><source>Mr</source><target>Г-н</target></trans-unit>
<trans-unit id="26"><source>Mrs</source><target>Мисс</target></trans-unit>
<trans-unit id="27"><source>Mrs/Mr</source><target>Г-жа / г</target></trans-unit>
<trans-unit id="28"><source>City</source><target>Город</target></trans-unit>
<trans-unit id="29"><source>Post code</source><target>Почтовый индекс</target></trans-unit>
<trans-unit id="30"><source>Country</source><target>Страна</target></trans-unit>
<trans-unit id="31"><source>Address</source><target>Адрес</target></trans-unit>
<trans-unit id="32"><source>Email address</source><target>э-майл адрес</target></trans-unit>
<trans-unit id="33"><source>Personal comment</source><target>Комментарий</target></trans-unit>
<trans-unit id="34"><source>PP Heading</source><target>Политика конфиденциальности данных</target></trans-unit>
<trans-unit id="35"><source>I accept the _privacy policy_</source><target>Я принимаю _политику конфиденциальности_.</target></trans-unit>
<trans-unit id="36"><source>Keep me posted on this and similar campaigns.</source><target>Держите меня в курсе об этой и подобных кампаниях.</target></trans-unit>
<trans-unit id="37"><source>Reminder:</source><target>Напоминание:</target></trans-unit>
<trans-unit id="38"><source>Thank you</source><target>Спасибо</target></trans-unit>
<trans-unit id="46"><source>Share</source><target>Поделиться</target></trans-unit>
<trans-unit id="47"><source>Tell your friends</source><target>Рассказать друзьям</target></trans-unit>
<trans-unit id="48"><source>Separate email addresses with a comma.</source><target>Другой э-майл</target></trans-unit>
<trans-unit id="49"><source>We have sent an email with information about this campaign to the address(es) specified.</source><target>Мы отправили электронное письмо с информацией об этой кампании на указанный адрес (а).</target></trans-unit>
<trans-unit id="50"><source>Donate</source><target>Пожертвовать</target></trans-unit>
<trans-unit id="51"><source>Help us fund this campaign. Give whatever you can now using the safe and secure paypal form below.</source><target>Помогите нам профинансировать эту кампанию. Дайте все, что вы можете сейчас, используя безопасную форму PayPal ниже.</target></trans-unit>
<trans-unit id="52"><source>Amount</source><target>Сумма</target></trans-unit>
<trans-unit id="53"><source>Last signers</source><target>Последний подписавшийся</target></trans-unit>
<trans-unit id="54"><source>All signers</source><target>Все подписавшиеся</target></trans-unit>
<trans-unit id="61"><source>Back</source><target>Назад</target></trans-unit>
<trans-unit id="62"><source>Background</source><target>Предпосылка</target></trans-unit>
<trans-unit id="63"><source>Read more</source><target>Читать больше</target></trans-unit>
<trans-unit id="64"><source>More actions</source><target>Создай свою петицию!</target></trans-unit>
<trans-unit id="66"><source># Participants</source><target># участники</target></trans-unit>
<trans-unit id="67"><source># emails sent</source><target># отправленные э-майлы</target></trans-unit>
<trans-unit id="68"><source>The action starts on #DATE#. Stay tuned and spread the word!</source><target>Голосование начнётся #DATE# Будь в курсе и делись информацией!</target></trans-unit>
<trans-unit id="69"><source>This action is over. Thanks to the #COUNTER# people who signed-up!</source><target>Голосование закончилось. Спасибо #COUNTER# за подпись!</target></trans-unit>
<trans-unit id="70"><source>select</source><target>Выбрать</target></trans-unit>
<trans-unit id="71"><source>select all</source><target>Отправить всем</target></trans-unit>
<trans-unit id="72"><source>Recipient(s)</source><target>Получитель</target></trans-unit>
<trans-unit id="81"><source>Embed this</source><target>Вставить</target></trans-unit>
<trans-unit id="82"><source>Organisation</source><target>Организация</target></trans-unit>
<trans-unit id="83"><source>Register your widget</source><target>Зарегестрировать устройство</target></trans-unit>
<trans-unit id="84"><source>Generate widget</source><target>Настроить устройство</target></trans-unit>
<trans-unit id="85"><source>Change widget</source><target>Поменять устройство</target></trans-unit>
<trans-unit id="86"><source>Embed this code</source><target>Вставить этот код</target></trans-unit>
<trans-unit id="101"><source>Customise your widget</source><target>Персонализировать устройство</target></trans-unit>
<trans-unit id="102"><source>Widget type</source><target>Вид устройства</target></trans-unit>
<trans-unit id="103"><source>Embed</source><target>Вставлять</target></trans-unit>
<trans-unit id="104"><source>Popup</source><target>Pop-up окно</target></trans-unit>
<trans-unit id="105"><source>Email Validation Landingpage - auto forwarding to external page</source><target>Opt-In Подтверждение э-майла Landing-Page (http://…)</target></trans-unit>
<trans-unit id="106"><source>Width</source><target>Ширина</target></trans-unit>
<trans-unit id="107"><source>You may define a precise widget width. Select "auto" and the widget will adapt to the space available (max: 1000px). Should there be less than 440px width available, contents will display in one column (instead of two) with the sign-on-form below the petition text. On mobile devices with less than 768px device-width, the widget-width is set to 360px for smooth reading on smartphones.</source><target>You may define a precise widget width. Select "auto" and the widget will adapt to the space available (max: 1000px). Should there be less than 440px width available, contents will display in one column (instead of two) with the sign-on-form below the petition text. On mobile devices with less than 768px device-width, the widget-width is set to 360px for smooth reading on smartphones.</target></trans-unit>
<trans-unit id="108"><source>Text title</source><target>Заголовок, влево</target></trans-unit>
<trans-unit id="109"><source>Text body</source><target>Текст</target></trans-unit>
<trans-unit id="110"><source>Button</source><target>Кнопка</target></trans-unit>
<trans-unit id="111"><source>Backgr left</source><target>Фон слева</target></trans-unit>
<trans-unit id="121"><source>Backgr right</source><target>Фон справа</target></trans-unit>
<trans-unit id="122"><source>Form title</source><target>Заголовок справа</target></trans-unit>
<trans-unit id="123"><source>Customise contents: use your own words to convince your target group. To change the title, introduction and background texts, copy the texts from the edit fields into a text editor, make your changes and paste them back into the edit fields. Thereafter, adapt the width and the colours to seamlessly integrate the widget into your website design.</source><target>Настройте содержание: используйте ваши собственные слова, чтобы убедить вашу целевую группу. Чтобы изменить заголовок, введение и фоновые тексты, скопируйте тексты из полей редактирования в текстовый редактор, внесите изменения и вставьте их обратно в поля редактирования. После этого измените ширину и цвета, чтобы легко интегрировать виджет в дизайн вашего сайта.</target></trans-unit>
<trans-unit id="124"><source>Title</source><target>Заголовок</target></trans-unit>
<trans-unit id="125"><source>Target, Subheading</source><target>Цель, подзаголовок</target></trans-unit>
<trans-unit id="126"><source>Intro</source><target>Введение</target></trans-unit>
<trans-unit id="127"><source>Body</source><target>Основной текст</target></trans-unit>
<trans-unit id="128"><source>Footer</source><target>Footer</target></trans-unit>
<trans-unit id="129"><source>Subject</source><target>Предмет</target></trans-unit>
<trans-unit id="130"><source>Email body</source><target>место для э-майла</target></trans-unit>
<trans-unit id="131"><source>Choose 'Embed' to have this box ("widget") embedded into your webpage, including texts and action-form. Visitors can instantly read all and take action. However, you need at least 440px width to embed the widget. Choose 'Popup' if you lack sufficient space on your webpage. You will get a small box ("teaser") with flexible width (at least 150px). If visitors click on the teaser, the big action-widget pops up.</source><target>Choose 'Embed' to have this box ("widget") embedded into your webpage, including texts and action-form. Visitors can instantly read all and take action. However, you need at least 440px width to embed the widget. Choose 'Popup' if you lack sufficient space on your webpage. You will get a small box ("teaser") with flexible width (at least 150px). If visitors click on the teaser, the big action-widget pops up.</target></trans-unit>
<trans-unit id="166"><source>Target #</source><target>Цель #</target></trans-unit>
<trans-unit id="201"><source>Hello</source><target>Здравствуйте</target></trans-unit>
<trans-unit id="202"><source>Dear Madam %F %L,</source><target>Уважаемый %F %L,</target></trans-unit>
<trans-unit id="203"><source>Dear Sir %F %L,</source><target>Уважаемый %F %L,</target></trans-unit>
<trans-unit id="204"><source>Dear Sir/Madam %F %L,</source><target>Уважаемый %F %L,</target></trans-unit>
<trans-unit id="301"><source>Yes</source><target>Да</target></trans-unit>
<trans-unit id="302"><source>No</source><target>Нет</target></trans-unit>
<trans-unit id="303"><source>No comment</source><target>Без комментариев</target></trans-unit>
<trans-unit id="304"><source>Secure your pledge page with a password (optional).</source><target>Защитите свою страницу паролем (необязательно).</target></trans-unit>
<trans-unit id="305"><source>Change your password (optional).</source><target>Поменяйте свой пароль (необязательно).</target></trans-unit>
<trans-unit id="306"><source>Passwords do not match.</source><target>Пароли не совпадают.</target></trans-unit>
<trans-unit id="307"><source>Password is too short. Use at least 8 characters.</source><target>Пароль слишком короткий, используйте </target></trans-unit>
<trans-unit id="308"><source>Save &amp; submit my pledges</source><target>Сохранить &amp; разместить страницу</target></trans-unit>
<trans-unit id="309"><source>Please enter your password.</source><target>Пожалуйста, введите свой пароль.</target></trans-unit>
<trans-unit id="310"><source>Company</source><target>Компания</target></trans-unit>
<trans-unit id="311"><source>Party</source><target>Политическая партия</target></trans-unit>
<trans-unit id="312"><source>Electorate</source><target>Электрорат</target></trans-unit>
<trans-unit id="313"><source>Recipients</source><target>Получатели</target></trans-unit>
<trans-unit id="314"><source>Read pledge text</source><target>Читать текст страницы</target></trans-unit>
<trans-unit id="315"><source>Password</source><target>Пароль </target></trans-unit>
<trans-unit id="316"><source>Password again</source><target>Подтвердить пароль</target></trans-unit>
<trans-unit id="317"><source>Enter</source><target>Вставить</target></trans-unit>
<trans-unit id="318"><source>I pledged on #DATE#</source><target>Я создал проект #DATE#</target></trans-unit>
<trans-unit id="400"><source>Attention: You will receive a confirmation email. Check your email inbox (and junk folder) now! To confirm your action, click the link given in the email.</source><target>Внимание: вы получите подтверждение по электронной почте. Проверьте свой почтовый ящик (и папку спама) сейчас! Чтобы подтвердить свое действие, нажмите на ссылку, указанную в электронном письме.</target></trans-unit>
<trans-unit id="401"><source>Attention: You've already taken part in this action (maybe on another website).</source><target>Внимание: вы уже приняли участие в этом действии (возможно, на другом сайте).</target></trans-unit>
<trans-unit id="402"><source>Your email is being validated, please wait!</source><target>Идёт подтверждение вашего э-майла, пожалуйста, подождите.</target></trans-unit>
<trans-unit id="403"><source>You verified your email address.</source><target>Ваш э-майл подтверждён.</target></trans-unit>
<trans-unit id="404"><source>Your action is confirmed.</source><target>Ваше действие подтверждено.</target></trans-unit>
<trans-unit id="405"><source>Use this moment to tell friends and family.</source><target>Используй момент, расскажи друзьям и семье.</target></trans-unit>
<trans-unit id="406"><source>Your statement of support has been submitted successfully.</source><target>Спасибо за участие! Вы подписали ЕГИ. </target></trans-unit>
<trans-unit id="407"><source>Signature identifier</source><target>Ваш голос будет зарегистрирован Европейской Комиссией по идентификатору подписи</target></trans-unit>
<trans-unit id="408"><source>Yes, please</source><target>Да</target></trans-unit>
<trans-unit id="409"><source>No, thank you</source><target>Нет</target></trans-unit>
<trans-unit id="410"><source>Become part of the movement</source><target>Подписаться на новостную рассылку</target></trans-unit>
<trans-unit id="411"><source>Join now</source><target>Присоединиться сейчас</target></trans-unit>
<trans-unit id="412"><source>Confirm and continue</source><target>Подтвердить и продолжить</target></trans-unit>
<trans-unit id="413"><source>Skip and go directly to signing the initiative in step 2</source><target>Пропустить и прейти к подписи инициативы</target></trans-unit>
<trans-unit id="414"><source>Why do I have to share all this information?</source><target>Почему я должен предоставлять всю эту информацию?</target></trans-unit>
<trans-unit id="415"><source>Your national government decides what information you need to provide for a European Citizens' Initiative so that your signature can be validated and counted. Therefore, please fill in all lines. (Your data will be transmitted securely and encrypted. Your data can only be accessed by national authorities for verification purposes.)</source><target>Правительство Вашей страны решает, какую информацию Вы должны предоставлять для Европейской Гражданской Инициативы, для возможности подтверждения и подсчета Вашей подписи. Поэтому, пожалуйста, заполните все строки. (Передача Ваших данных  осуществляется безопасно и в зашифрованном виде.  Доступ к данным ЕГИ возможен только для национальных органов власти в целях проверки).</target></trans-unit>
<trans-unit id="416"><source>Sign up and become part of the movement.</source><target>&nbsp;</target></trans-unit>
</body>
</file>
</xliff>