<?xml version="1.0" encoding="UTF-8"?>
<!DOCTYPE xliff PUBLIC "-//XLIFF//DTD XLIFF//EN" "http://www.oasis-open.org/committees/xliff/documents/xliff.dtd">
<xliff version="1.0">
<file source-language="EN" target-language="tr" datatype="plaintext" original="messages" date="2020-08-08T13:53:17Z" product-name="messages">
<header/>
<body>
<trans-unit id="1"><source>Petition</source><target>İmza kampanyası</target></trans-unit>
<trans-unit id="2"><source>Email action</source><target>E-posta eylemi</target></trans-unit>
<trans-unit id="3"><source>Initiative</source><target>Girişim</target></trans-unit>
<trans-unit id="4"><source>Appeal</source><target>Çağrı</target></trans-unit>
<trans-unit id="5"><source>Community</source><target>Topluluk</target></trans-unit>
<trans-unit id="6"><source>Newsletter</source><target>Haber bülteni</target></trans-unit>
<trans-unit id="7"><source>Join</source><target>Katıl</target></trans-unit>
<trans-unit id="8"><source>Sign up</source><target>Kaydol</target></trans-unit>
<trans-unit id="9"><source>Sign up to the newsletter</source><target>Haber bültenine kaydol</target></trans-unit>
<trans-unit id="11"><source>Sign the Petition</source><target>Kampanyayı İmzala</target></trans-unit>
<trans-unit id="12"><source>Send an Email</source><target>E-posta gönder</target></trans-unit>
<trans-unit id="13"><source>Support</source><target>Destekle</target></trans-unit>
<trans-unit id="14"><source>Take action</source><target>Harekete geç</target></trans-unit>
<trans-unit id="15"><source>Sign</source><target>İmzala</target></trans-unit>
<trans-unit id="16"><source>Send</source><target>Gönder</target></trans-unit>
<trans-unit id="17"><source>Subscribe</source><target>Abone ol</target></trans-unit>
<trans-unit id="18"><source>Support the initiative</source><target>Girişimi imzala</target></trans-unit>
<trans-unit id="19"><source>Support the appeal</source><target>Çağrıyı destekle</target></trans-unit>
<trans-unit id="20"><source>Join the community</source><target>Topluluğa katıl</target></trans-unit>
<trans-unit id="21"><source>Name</source><target>Ad</target></trans-unit>
<trans-unit id="22"><source>Full name</source><target>Ad ve soyadı</target></trans-unit>
<trans-unit id="23"><source>First name</source><target>Ad</target></trans-unit>
<trans-unit id="24"><source>Last name</source><target>Soyadı</target></trans-unit>
<trans-unit id="25"><source>Mr</source><target>Bay</target></trans-unit>
<trans-unit id="26"><source>Mrs</source><target>Bayan</target></trans-unit>
<trans-unit id="27"><source>Mrs/Mr</source><target>Bayan/Bay</target></trans-unit>
<trans-unit id="28"><source>City</source><target>Şehir</target></trans-unit>
<trans-unit id="29"><source>Post code</source><target>Posta kodu</target></trans-unit>
<trans-unit id="30"><source>Country</source><target>Ülke</target></trans-unit>
<trans-unit id="31"><source>Address</source><target>Adres</target></trans-unit>
<trans-unit id="32"><source>Email address</source><target>E-posta adresi</target></trans-unit>
<trans-unit id="33"><source>Personal comment</source><target>Kişisel yorum</target></trans-unit>
<trans-unit id="34"><source>PP Heading</source><target>Gizlilik politikası</target></trans-unit>
<trans-unit id="35"><source>I accept the _privacy policy_</source><target>Gizlilik _politikasını kabul ediyorum_</target></trans-unit>
<trans-unit id="36"><source>Keep me posted on this and similar campaigns.</source><target>Beni bu ve benzer kampanyalardan haberdar et.</target></trans-unit>
<trans-unit id="37"><source>Reminder:</source><target>Hatırlatma:</target></trans-unit>
<trans-unit id="38"><source>Thank you</source><target>Teşekkürler</target></trans-unit>
<trans-unit id="46"><source>Share</source><target>Paylaş</target></trans-unit>
<trans-unit id="47"><source>Tell your friends</source><target>Arkadaşlarını haberdar et</target></trans-unit>
<trans-unit id="48"><source>Separate email addresses with a comma.</source><target>E-posta adreslerini virgülle ayır.</target></trans-unit>
<trans-unit id="49"><source>We have sent an email with information about this campaign to the address(es) specified.</source><target>Bu kampanyayla ilgili belirtilen adres(ler)e bilgilendirici bir e-posta gönderdik.</target></trans-unit>
<trans-unit id="50"><source>Donate</source><target>Bağışlamak</target></trans-unit>
<trans-unit id="51"><source>Help us fund this campaign. Give whatever you can now using the safe and secure paypal form below.</source><target>Bu kampanyayı finanse etmemize yardım edin. Aşağıdaki güvenli ve güvenli paypal formunu kullanarak şimdi elinizden gelen her şeyi verin.</target></trans-unit>
<trans-unit id="52"><source>Amount</source><target>Miktar</target></trans-unit>
<trans-unit id="53"><source>Last signers</source><target>Son imzalayanlar</target></trans-unit>
<trans-unit id="54"><source>All signers</source><target>Tüm imzalayanlar</target></trans-unit>
<trans-unit id="61"><source>Back</source><target>Geri</target></trans-unit>
<trans-unit id="62"><source>Background</source><target>Arka plan</target></trans-unit>
<trans-unit id="63"><source>Read more</source><target>Devamını oku</target></trans-unit>
<trans-unit id="64"><source>More actions</source><target>Kendi imza kampanyanı başlat!</target></trans-unit>
<trans-unit id="66"><source># Participants</source><target># katılımcı</target></trans-unit>
<trans-unit id="67"><source># emails sent</source><target># gönderilen e-posta</target></trans-unit>
<trans-unit id="68"><source>The action starts on #DATE#. Stay tuned and spread the word!</source><target>Eylem #DATE# tarihinde başlıyor. Bizi izlemeye devam edin ve herkese duyurun!</target></trans-unit>
<trans-unit id="69"><source>This action is over. Thanks to the #COUNTER# people who signed-up!</source><target>Eylem sona erdi. Kaydolan #COUNTER# kişiye teşekkürler.</target></trans-unit>
<trans-unit id="70"><source>select</source><target>Seç</target></trans-unit>
<trans-unit id="71"><source>select all</source><target>Herkese gönder</target></trans-unit>
<trans-unit id="72"><source>Recipient(s)</source><target>Alıcı(lar)</target></trans-unit>
<trans-unit id="81"><source>Embed this</source><target>Bunu yerleştir</target></trans-unit>
<trans-unit id="82"><source>Organisation</source><target>Organizasyon</target></trans-unit>
<trans-unit id="83"><source>Register your widget</source><target>Widget'ını kaydet</target></trans-unit>
<trans-unit id="84"><source>Generate widget</source><target>Widget oluştur</target></trans-unit>
<trans-unit id="85"><source>Change widget</source><target>Widget'ı değiştir</target></trans-unit>
<trans-unit id="86"><source>Embed this code</source><target>Bu kodu katıştırın.</target></trans-unit>
<trans-unit id="101"><source>Customise your widget</source><target>Widget'ını özelleştir</target></trans-unit>
<trans-unit id="102"><source>Widget type</source><target>Widget türü</target></trans-unit>
<trans-unit id="103"><source>Embed</source><target>Yerleştir</target></trans-unit>
<trans-unit id="104"><source>Popup</source><target>Açılır pencere</target></trans-unit>
<trans-unit id="105"><source>Email Validation Landingpage - auto forwarding to external page</source><target>Önceden talep edilen onay e-postası varış sayfası (http://…)</target></trans-unit>
<trans-unit id="106"><source>Width</source><target>Genişlik</target></trans-unit>
<trans-unit id="107"><source>You may define a precise widget width. Select "auto" and the widget will adapt to the space available (max: 1000px). Should there be less than 440px width available, contents will display in one column (instead of two) with the sign-on-form below the petition text. On mobile devices with less than 768px device-width, the widget-width is set to 360px for smooth reading on smartphones.</source><target>Kesin bir widget genişliği tanımlayabilirsin. "auto" i seçin ve widget mevcut alana uyum sağlayacaktır (maks: 1000 piksel). 440 pikselden daha az genişlik olması durumunda, içerik dilekçe metninin altında oturum açma formu ile birlikte (iki yerine) tek sütunda görüntülenecektir. 768 pikselden az cihaz genişliğine sahip mobil cihazlarda, akıllı telefonlarda sorunsuz okuma için widget genişliği 360 piksel olarak ayarlanmıştır.</target></trans-unit>
<trans-unit id="108"><source>Text title</source><target>Başlık, sol</target></trans-unit>
<trans-unit id="109"><source>Text body</source><target>Metin</target></trans-unit>
<trans-unit id="110"><source>Button</source><target>Buton</target></trans-unit>
<trans-unit id="111"><source>Backgr left</source><target>Arka plan sol</target></trans-unit>
<trans-unit id="121"><source>Backgr right</source><target>Arka plan sağ</target></trans-unit>
<trans-unit id="122"><source>Form title</source><target>Başlık, sağ</target></trans-unit>
<trans-unit id="123"><source>Customise contents: use your own words to convince your target group. To change the title, introduction and background texts, copy the texts from the edit fields into a text editor, make your changes and paste them back into the edit fields. Thereafter, adapt the width and the colours to seamlessly integrate the widget into your website design.</source><target>İçeriği özelleştir: Hedef grubunu ikna etmek için kendi kelimelerini kullan. Başlığı, girişi ve arka plan metinlerini değiştirmek için, metinleri düzenleme alanından metin düzenleyicisine kopyala, değişiklikleri yap ve tekrar düzenleme alanlarına yapıştır. Ardından, widget'ı web sitesi tasarımına sorunsuzca entegre etmek için genişliği ve renkleri ayarla.</target></trans-unit>
<trans-unit id="124"><source>Title</source><target>Başlık</target></trans-unit>
<trans-unit id="125"><source>Target, Subheading</source><target>Başlık, alt başlık</target></trans-unit>
<trans-unit id="126"><source>Intro</source><target>Giriş</target></trans-unit>
<trans-unit id="127"><source>Body</source><target>Gövde</target></trans-unit>
<trans-unit id="128"><source>Footer</source><target>Alt bilgi</target></trans-unit>
<trans-unit id="129"><source>Subject</source><target>Konu</target></trans-unit>
<trans-unit id="130"><source>Email body</source><target>E-posta gövdesi</target></trans-unit>
<trans-unit id="131"><source>Choose 'Embed' to have this box ("widget") embedded into your webpage, including texts and action-form. Visitors can instantly read all and take action. However, you need at least 440px width to embed the widget. Choose 'Popup' if you lack sufficient space on your webpage. You will get a small box ("teaser") with flexible width (at least 150px). If visitors click on the teaser, the big action-widget pops up.</source><target>Metinler ve eylem-formunu içeren bu kutuyu ("widget") web sayfana yerleştirmek için 'Yerleştir'i seç. Ziyaretçiler anında tümünü okuyabilir ve harekete geçebilirler. Ancak widget'ı yerleştirmek için en az 440 px genişliğe ihtiyacın var. Web sayfanda yeterli alan yoksa 'açılır pencere'yi seç. Esnek genişlikte (en az 150 px) küçük bir kutu ("teaser") ortaya çıkacak. Ziyaretciler teaser'a tıkladığında, büyük eylem-widget'ı açılacak.</target></trans-unit>
<trans-unit id="166"><source>Target #</source><target>Hedef #</target></trans-unit>
<trans-unit id="201"><source>Hello</source><target>Merhaba</target></trans-unit>
<trans-unit id="202"><source>Dear Madam %F %L,</source><target>Sevgili %F %L,</target></trans-unit>
<trans-unit id="203"><source>Dear Sir %F %L,</source><target>Sevgili %F %L,</target></trans-unit>
<trans-unit id="204"><source>Dear Sir/Madam %F %L,</source><target>Sevgili %F %L,</target></trans-unit>
<trans-unit id="301"><source>Yes</source><target>Evet</target></trans-unit>
<trans-unit id="302"><source>No</source><target>Hayır</target></trans-unit>
<trans-unit id="303"><source>No comment</source><target>Yorum yok</target></trans-unit>
<trans-unit id="304"><source>Secure your pledge page with a password (optional).</source><target>Taahhüt sayfanı bir şifre ile koru (isteğe bağlı).</target></trans-unit>
<trans-unit id="305"><source>Change your password (optional).</source><target>Şifreni değiştir (isteğe bağlı).</target></trans-unit>
<trans-unit id="306"><source>Passwords do not match.</source><target>Parolalar uyuşmuyor.</target></trans-unit>
<trans-unit id="307"><source>Password is too short. Use at least 8 characters.</source><target>Şifre çok kısa. En az 8 karakter kullan.</target></trans-unit>
<trans-unit id="308"><source>Save &amp; submit my pledges</source><target>Kaydet ve taahhütlerimi gönder</target></trans-unit>
<trans-unit id="309"><source>Please enter your password.</source><target>Lütfen şifreni gir.</target></trans-unit>
<trans-unit id="310"><source>Company</source><target>Şirket</target></trans-unit>
<trans-unit id="311"><source>Party</source><target>Parti</target></trans-unit>
<trans-unit id="312"><source>Electorate</source><target>Seçmenler</target></trans-unit>
<trans-unit id="313"><source>Recipients</source><target>Alıcılar</target></trans-unit>
<trans-unit id="314"><source>Read pledge text</source><target>Taahhüt metnini oku</target></trans-unit>
<trans-unit id="315"><source>Password</source><target>Şifre</target></trans-unit>
<trans-unit id="316"><source>Password again</source><target>Şifre tekrar</target></trans-unit>
<trans-unit id="317"><source>Enter</source><target>Giriş</target></trans-unit>
<trans-unit id="318"><source>I pledged on #DATE#</source><target>#DATE# tarihinde söz verdim</target></trans-unit>
<trans-unit id="400"><source>Attention: You will receive a confirmation email. Check your email inbox (and junk folder) now! To confirm your action, click the link given in the email.</source><target>Dikkat: Bir onay e-postası alacaksın. E-posta gelen kutunu (ve gereksiz e-posta klasörünü) şimdi kontrol et! Eylemini onaylamak için e-postada verilen bağlantıya tıkla.</target></trans-unit>
<trans-unit id="401"><source>Attention: You've already taken part in this action (maybe on another website).</source><target>Dikkat: Bu eylemde daha önce yer aldın (belki başka bir web sitesinde).</target></trans-unit>
<trans-unit id="402"><source>Your email is being validated, please wait!</source><target>E-postan doğrulanıyor, lütfen bekle!</target></trans-unit>
<trans-unit id="403"><source>You verified your email address.</source><target>E-posta adresini doğruladın.</target></trans-unit>
<trans-unit id="404"><source>Your action is confirmed.</source><target>Eylemin onaylandı.</target></trans-unit>
<trans-unit id="405"><source>Use this moment to tell friends and family.</source><target>Bu anı arkadaşlarına ve ailene anlatmak için kullan.</target></trans-unit>
<trans-unit id="406"><source>Your statement of support has been submitted successfully.</source><target>Destek bildirimin başarılı bir şekilde teslim edildi.</target></trans-unit>
<trans-unit id="407"><source>Signature identifier</source><target>İmza tanımlayıcı</target></trans-unit>
<trans-unit id="408"><source>Yes, please</source><target>Evet</target></trans-unit>
<trans-unit id="409"><source>No, thank you</source><target>Hayır</target></trans-unit>
<trans-unit id="410"><source>Become part of the movement</source><target>Hareketin parçası ol</target></trans-unit>
<trans-unit id="411"><source>Join now</source><target>Şimdi katıl</target></trans-unit>
<trans-unit id="412"><source>Confirm and continue</source><target>Onayla ve devam et</target></trans-unit>
<trans-unit id="413"><source>Skip and go directly to signing the initiative in step 2</source><target>Atla ve 2. adımda girişimi doğrudan imzalamaya git</target></trans-unit>
</body>
</file>
</xliff>
