﻿<?xml version="1.0" encoding="UTF-8"?>
<!DOCTYPE xliff PUBLIC "-//XLIFF//DTD XLIFF//EN" "http://www.oasis-open.org/committees/xliff/documents/xliff.dtd">
<xliff version="1.0">
<file source-language="EN" target-language="zh_HT" datatype="plaintext" original="messages" date="2010-07-27T14:00:00Z" product-name="messages">
<header/>
<body>
<trans-unit id="1"><source>Petition</source><target>請願</target></trans-unit>
<trans-unit id="2"><source>Email action</source><target>電子郵件動作</target></trans-unit>
<trans-unit id="3"><source>Initiative</source><target>倡議 </target></trans-unit>
<trans-unit id="4"><source>Network-News</source><target>網絡新聞</target></trans-unit>
<trans-unit id="11"><source>Sign the Petition</source><target>簽署請願書</target></trans-unit>
<trans-unit id="12"><source>Send an Email</source><target>發送電子郵件</target></trans-unit>
<trans-unit id="13"><source>Support</source><target>支持 </target></trans-unit>
<trans-unit id="14"><source>Take action</source><target>行動</target></trans-unit>
<trans-unit id="15"><source>Sign</source><target>簽署</target></trans-unit>
<trans-unit id="16"><source>Send</source><target>發送</target></trans-unit>
<trans-unit id="17"><source>Subscribe</source><target>訂閱</target></trans-unit>
<trans-unit id="18"><source>Support the initiative</source><target>註冊的主動權</target></trans-unit>
<trans-unit id="21"><source>Name</source><target>名稱</target></trans-unit>
<trans-unit id="22"><source>Full name</source><target>全名</target></trans-unit>
<trans-unit id="23"><source>First name</source><target>名字</target></trans-unit>
<trans-unit id="24"><source>Last name</source><target>姓</target></trans-unit>
<trans-unit id="25"><source>Mr</source><target>先生</target></trans-unit>
<trans-unit id="26"><source>Mrs</source><target>女士</target></trans-unit>
<trans-unit id="27"><source>Mrs/Mr</source><target>女士/先生</target></trans-unit>
<trans-unit id="28"><source>City</source><target>城市</target></trans-unit>
<trans-unit id="29"><source>Post code</source><target>發表代碼</target></trans-unit>
<trans-unit id="30"><source>Country</source><target>國家</target></trans-unit>
<trans-unit id="31"><source>Address</source><target>地址</target></trans-unit>
<trans-unit id="32"><source>Email address</source><target>電子郵件地址</target></trans-unit>
<trans-unit id="33"><source>Comment</source><target>評論</target></trans-unit>
<trans-unit id="34"><source>Privacy policy</source><target>隱私政策</target></trans-unit>
<trans-unit id="35"><source>Keep me posted on this and similar campaigns.</source><target>讓我這一點，類似的活動。</target></trans-unit>
<trans-unit id="36"><source>Reminder:</source><target>Reminder:</target></trans-unit>
<trans-unit id="41"><source>Thank you</source><target>謝謝</target></trans-unit>
<trans-unit id="42"><source>Attention: You will receive a confirmation email. Check your email inbox (and junk folder) now! To confirm your action, click the link given in the email.</source><target>注意：您將收到一封確認電子郵件。檢查您的收件箱中的電子郵件（垃圾郵件文件夾），現在！確認您的操作，請單擊電子郵件中的鏈接。</target></trans-unit>
<trans-unit id="43"><source>Attention: You've already taken part in this action (maybe on another website).</source><target>注意：您已經在這一行動中的一部分（可能在其他網站上）。</target></trans-unit>
<trans-unit id="44"><source>Your email is being validated, please wait!</source><target>你的電子郵件驗證證書是白色的，請稍候！ </target></trans-unit>
<trans-unit id="45"><source>You verified your email address. Your action is confirmed. Use this moment to tell friends and family.</source><target>您驗證您的電子郵件地址。你的行為已被確認。利用這個機會告訴朋友和家人。</target></trans-unit>
<trans-unit id="46"><source>Share</source><target>分享 </target></trans-unit>
<trans-unit id="47"><source>Tell your friends</source><target>告訴你的朋友</target></trans-unit>
<trans-unit id="48"><source>Separate email addresses with a comma.</source><target>不同的電子郵件地址用逗號隔開。</target></trans-unit>
<trans-unit id="49"><source>We have sent an email with information about this campaign to the address(es) specified.</source><target>我們已經將一封電子郵件到指定的地址（ES）的信息有關這項活動的。</target></trans-unit>
<trans-unit id="50"><source>Donate</source><target>捐贈</target></trans-unit>
<trans-unit id="51"><source>Help us fund this campaign. Give whatever you can now using the safe and secure paypal form below.</source><target>幫助我們這個活動提供資金。給不管你現在可以使用的安全和安全的PayPal下面的表格。</target></trans-unit>
<trans-unit id="52"><source>Amount</source><target>量</target></trans-unit>
<trans-unit id="61"><source>Back</source><target>背面</target></trans-unit>
<trans-unit id="62"><source>Background</source><target>背景</target></trans-unit>
<trans-unit id="63"><source>Read more</source><target>閱讀更多</target></trans-unit>
<trans-unit id="64"><source>More actions</source><target>開始您的申請！ </target></trans-unit>
<trans-unit id="65"><source>PP Heading</source><target>隱私政策 </target></trans-unit>
<trans-unit id="66"><source>people so far</source><target>人們至今</target></trans-unit>
<trans-unit id="67"><source>emails sent</source><target>發送的電子郵件</target></trans-unit>
<trans-unit id="68"><source>The action starts on #DATE#. Stay tuned and spread the word!</source><target>這項工作開始於 #DATE# 年月日。敬請關注，並流傳著一句話！ </target></trans-unit>
<trans-unit id="69"><source>This action is over. Thanks to the #COUNTER# people who signed-up!</source><target>這一比例已經結束了。由於人們  #COUNTER# 誰簽約了！</target></trans-unit>
<trans-unit id="70"><source>select</source><target>選擇</target></trans-unit>
<trans-unit id="71"><source>select all</source><target>向所有</target></trans-unit>
<trans-unit id="72"><source>Recipient(s)</source><target>收件人（S）</target></trans-unit>
<trans-unit id="81"><source>Embed this</source><target>嵌入此</target></trans-unit>
<trans-unit id="82"><source>Organisation</source><target>組織</target></trans-unit>
<trans-unit id="83"><source>Register your widget</source><target>註冊您的小工具</target></trans-unit>
<trans-unit id="84"><source>Generate widget</source><target>生成插件</target></trans-unit>
<trans-unit id="85"><source>Change widget</source><target>更換部件</target></trans-unit>
<trans-unit id="86"><source>Embed this code</source><target>嵌入該代碼</target></trans-unit>
<trans-unit id="101"><source>Customise your widget</source><target>自定義您的小工具</target></trans-unit>
<trans-unit id="102"><source>Widget type</source><target>控件類型</target></trans-unit>
<trans-unit id="103"><source>Embed</source><target>嵌</target></trans-unit>
<trans-unit id="104"><source>Popup</source><target>彈出</target></trans-unit>
<trans-unit id="105"><source>Email Validation Landingpage - auto forwarding to external page</source><target>選擇在確認電子郵件登陸頁面（HTTP：// ...） </target></trans-unit>
<trans-unit id="106"><source>Width</source><target>寬度</target></trans-unit>
<trans-unit id="107"><source>You may define a precise widget width. Select "auto" and the widget will adapt to the space available (max: 1000px). Should there be less than 440px width available, contents will display in one column (instead of two) with the sign-on-form below the petition text. On mobile devices with less than 768px device-width, the widget-width is set to 360px for smooth reading on smartphones.</source><target>你可以定義一個精確的部件寬度。選擇“自動”和小部件就會適應的可用空間（最大：1000像素）。如果有小於440px寬用，內容將在一列中（而不是兩個）的登錄表單下方的請願書的文本顯示。上小於768px設備寬度的移動設備，該插件寬度被設定為為360px為一氣呵成的智能手機。</target></trans-unit>
<trans-unit id="108"><source>Text title</source><target>文字標題。</target></trans-unit>
<trans-unit id="109"><source>Text body</source><target>文本正文</target></trans-unit>
<trans-unit id="110"><source>Button</source><target>鈕</target></trans-unit>
<trans-unit id="111"><source>Backgr left</source><target>背景離開</target></trans-unit>
<trans-unit id="121"><source>Backgr right</source><target>背景右</target></trans-unit>
<trans-unit id="122"><source>Form title</source><target>標題吧</target></trans-unit>
<trans-unit id="123"><source>Customise contents: use your own words to convince your target group. To change the title, introduction and background texts, copy the texts from the edit fields into a text editor, make your changes and paste them back into the edit fields. Thereafter, adapt the width and the colours to seamlessly integrate the widget into your website design.</source><target>自定義內容：用自己的話來說服你的目標群體。要更改標題，介紹和背景的文本，拷貝到一個文本編輯器中編輯字段中的文本，進行更改，然後將它們粘貼到編輯框中。此後，適應無縫集成到您的網站設計部件的寬度和顏色。</target></trans-unit>
<trans-unit id="124"><source>Title</source><target>標題</target></trans-unit>
<trans-unit id="125"><source>Target, Subheading</source><target>目標，副標題</target></trans-unit>
<trans-unit id="126"><source>Intro</source><target>介紹</target></trans-unit>
<trans-unit id="127"><source>Body</source><target>身體</target></trans-unit>
<trans-unit id="128"><source>Footer</source><target>頁腳</target></trans-unit>
<trans-unit id="129"><source>Subject</source><target>主題</target></trans-unit>
<trans-unit id="130"><source>Email body</source><target>電子郵件正文</target></trans-unit>
<trans-unit id="131"><source>Choose 'Embed' to have this box ("widget") embedded into your webpage, including texts and action-form. Visitors can instantly read all and take action. However, you need at least 440px width to embed the widget. Choose 'Popup' if you lack sufficient space on your webpage. You will get a small box ("teaser") with flexible width (at least 150px). If visitors click on the teaser, the big action-widget pops up.</source><target>選擇'嵌入“有這個框（”窗口小部件“）嵌入到您的網頁，包括文字和行動的形式。遊客可以立即讀取並採取行動。但是，你需要至少440px的寬度嵌入的部件。選擇“彈出”如果你沒有足夠的空間在您的網頁上。靈活的寬度（至少150像素），你會得到一個小盒子（“傳情”）。如果訪問者點擊傳情，大動作小部件彈出。</target></trans-unit>
<trans-unit id="201"><source>Hello</source><target>您好 </target></trans-unit>
<trans-unit id="202"><source>Dear Madam %F %L,</source><target>親愛的 %F %L</target></trans-unit>
<trans-unit id="203"><source>Dear Sir %F %L,</source><target>親愛的 %F %L</target></trans-unit>
<trans-unit id="204"><source>Dear Sir/Madam %F %L,</source><target>親愛的 %F %L</target></trans-unit>
<trans-unit id="301"><source>Yes</source><target>是的 </target></trans-unit>
<trans-unit id="302"><source>No</source><target>無 </target></trans-unit>
<trans-unit id="303"><source>No comment</source><target>沒有意見 </target></trans-unit>
<trans-unit id="304"><source>Secure your pledge page with a password (optional).</source><target>用密碼（可選）保護你的祈願頁面。 </target></trans-unit>
<trans-unit id="305"><source>Change your password (optional).</source><target>更改您的密碼（可選）。 </target></trans-unit>
<trans-unit id="306"><source>Passwords do not match.</source><target>密碼不匹配。 </target></trans-unit>
<trans-unit id="307"><source>Password is too short. Use at least 8 characters.</source><target>密碼太短。使用至少八個字符。 </target></trans-unit>
<trans-unit id="308"><source>Save &amp; submit my pledges</source><target>儲存並提交我的承諾 </target></trans-unit>
<trans-unit id="309"><source>Please enter your password.</source><target>請輸入您的密碼。 </target></trans-unit>
<trans-unit id="310"><source>Company</source><target>公司 </target></trans-unit>
<trans-unit id="311"><source>Party</source><target>黨 </target></trans-unit>
<trans-unit id="312"><source>Electorate</source><target>選民 </target></trans-unit>
<trans-unit id="313"><source>Recipients</source><target>收件人 </target></trans-unit>
<trans-unit id="314"><source>Read pledge text</source><target>閱讀文本的承諾 </target></trans-unit>
<trans-unit id="315"><source>Password</source><target>密碼 </target></trans-unit>
<trans-unit id="316"><source>Password again</source><target>再次輸入密碼 </target></trans-unit>
<trans-unit id="317"><source>Enter</source><target>輸入 </target></trans-unit>
<trans-unit id="318"><source>I pledged on #DATE#</source><target>我承諾你 #DATE# </target></trans-unit>

</body>
</file>
</xliff>