﻿<?xml version="1.0" encoding="UTF-8"?>
<!DOCTYPE xliff PUBLIC "-//XLIFF//DTD XLIFF//EN" "http://www.oasis-open.org/committees/xliff/documents/xliff.dtd">
<xliff version="1.0">
<file source-language="EN" target-language="sv" datatype="plaintext" original="messages" date="2019-10-27T14:00:00Z" product-name="messages">
<header/>
<body>
<trans-unit id="1"><source>Petition</source><target>Petition</target></trans-unit>
<trans-unit id="2"><source>Email action</source><target>E handling </target></trans-unit>
<trans-unit id="3"><source>Initiative</source><target>Initiativ </target></trans-unit>
<trans-unit id="4"><source>Appeal</source><target>Upprop</target></trans-unit>
<trans-unit id="5"><source>Community</source><target>Gemenskap</target></trans-unit>
<trans-unit id="6"><source>Newsletter</source><target>Nyhetsbrev</target></trans-unit>
<trans-unit id="7"><source>Join</source><target>Deltaga</target></trans-unit>
<trans-unit id="8"><source>Sign up</source><target>Skriva på</target></trans-unit>
<trans-unit id="9"><source>Sign up to the newsletter</source><target>Abonnera på nyhetsbrevet</target></trans-unit>
<trans-unit id="11"><source>Sign the Petition</source><target>Underteckna petitionen</target></trans-unit>
<trans-unit id="12"><source>Send an Email</source><target>Skicka en e-post </target></trans-unit>
<trans-unit id="13"><source>Support</source><target>Skriv på</target></trans-unit>
<trans-unit id="14"><source>Take action</source><target>Delta </target></trans-unit>
<trans-unit id="15"><source>Sign</source><target>Underteckna</target></trans-unit>
<trans-unit id="16"><source>Send</source><target>Skicka</target></trans-unit>
<trans-unit id="17"><source>Subscribe</source><target>Underteckna</target></trans-unit>
<trans-unit id="18"><source>Support the initiative</source><target>Underteckna initiativet</target></trans-unit>
<trans-unit id="19"><source>Support the appeal</source><target>Stöd uppropet</target></trans-unit>
<trans-unit id="20"><source>Join the community</source><target>Delta i gruppen</target></trans-unit>
<trans-unit id="21"><source>Name</source><target>Namn</target></trans-unit>
<trans-unit id="22"><source>Full name</source><target>Fullständigt namn</target></trans-unit>
<trans-unit id="23"><source>First name</source><target>Förnamn</target></trans-unit>
<trans-unit id="24"><source>Last name</source><target>Efternamn</target></trans-unit>
<trans-unit id="25"><source>Mr</source><target>Herr</target></trans-unit>
<trans-unit id="26"><source>Mrs</source><target>Fru</target></trans-unit>
<trans-unit id="27"><source>Mrs/Mr</source><target>Herr / Fru</target></trans-unit>
<trans-unit id="28"><source>City</source><target>Ort</target></trans-unit>
<trans-unit id="29"><source>Post code</source><target>Postnummer</target></trans-unit>
<trans-unit id="30"><source>Country</source><target>Land</target></trans-unit>
<trans-unit id="31"><source>Address</source><target>Adress</target></trans-unit>
<trans-unit id="32"><source>Email address</source><target>E-postadress</target></trans-unit>
<trans-unit id="33"><source>Personal comment</source><target>Kommentar</target></trans-unit>
<trans-unit id="34"><source>PP Heading</source><target>Sekretessbestämmelser</target></trans-unit>
<trans-unit id="35"><source>I accept the _privacy policy_</source><target>Jag accepterar _sekretessbestämmelserna_</target></trans-unit>
<trans-unit id="36"><source>Keep me posted on this and similar campaigns.</source><target>Håll mig underrättad om denna och liknande kampanjer.</target></trans-unit>
<trans-unit id="37"><source>Reminder:</source><target>Påminnelse;</target></trans-unit>
<trans-unit id="38"><source>Thank you</source><target>Tack</target></trans-unit>
<trans-unit id="46"><source>Share</source><target>Meddela</target></trans-unit>
<trans-unit id="47"><source>Tell your friends</source><target>Berätta för dina vänner</target></trans-unit>
<trans-unit id="48"><source>Separate email addresses with a comma.</source><target>Sätt komma mellan E-mail-adresserna.</target></trans-unit>
<trans-unit id="49"><source>We have sent an email with information about this campaign to the address(es) specified.</source><target>Vi har skickat ett E-mail med information om denna kampanj till den / de angivna adressen/-erna.</target></trans-unit>
<trans-unit id="50"><source>Donate</source><target>Donera </target></trans-unit>
<trans-unit id="51"><source>Help us fund this campaign. Give whatever you can now using the safe and secure paypal form below.</source><target>Hjälp oss finansiera denna kampanj. Ge vad du nu kan använda säker och trygg paypal formuläret nedan. </target></trans-unit>
<trans-unit id="52"><source>Amount</source><target>Mängd </target></trans-unit>
<trans-unit id="53"><source>Last signers</source><target>Sista att underteckna</target></trans-unit>
<trans-unit id="54"><source>All signers</source><target>Alla undertecknare</target></trans-unit>
<trans-unit id="61"><source>Back</source><target>Tillbaka</target></trans-unit>
<trans-unit id="62"><source>Background</source><target>Bakgrund </target></trans-unit>
<trans-unit id="63"><source>Read more</source><target>Läs mer</target></trans-unit>
<trans-unit id="64"><source>More actions</source><target>Börja din petition!</target></trans-unit>
<trans-unit id="66"><source># Participants</source><target># Deltagare hittills</target></trans-unit>
<trans-unit id="67"><source># emails sent</source><target># e-post skickas</target></trans-unit>
<trans-unit id="68"><source>The action starts on #DATE#. Stay tuned and spread the word!</source><target>Aktionen börjar med #DATE#. Stanna kvar och sprid texten!</target></trans-unit>
<trans-unit id="69"><source>This action is over. Thanks to the #COUNTER# people who signed-up!</source><target>Denna aktion är slut. Tack till #COUNTER# alla människor, som har deltagit!</target></trans-unit>
<trans-unit id="70"><source>select</source><target>Välj </target></trans-unit>
<trans-unit id="71"><source>select all</source><target>Skicka till alla</target></trans-unit>
<trans-unit id="72"><source>Recipient(s)</source><target>Mottagare</target></trans-unit>
<trans-unit id="81"><source>Embed this</source><target>Bädda in detta</target></trans-unit>
<trans-unit id="82"><source>Organisation</source><target>Organisation</target></trans-unit>
<trans-unit id="83"><source>Register your widget</source><target>Registrera din widget</target></trans-unit>
<trans-unit id="84"><source>Generate widget</source><target>Skapa en widget</target></trans-unit>
<trans-unit id="85"><source>Change widget</source><target>Ändra din widget</target></trans-unit>
<trans-unit id="86"><source>Embed this code</source><target>Bädda in denna kod</target></trans-unit>
<trans-unit id="101"><source>Customise your widget</source><target>Skräddarsy din widget </target></trans-unit>
<trans-unit id="102"><source>Widget type</source><target>Widget-typ</target></trans-unit>
<trans-unit id="103"><source>Embed</source><target>Bädda in</target></trans-unit>
<trans-unit id="104"><source>Popup</source><target>Popup</target></trans-unit>
<trans-unit id="105"><source>Email Validation Landingpage - auto forwarding to external page</source><target>Valfri bekräftelse via mass-mail</target></trans-unit>
<trans-unit id="106"><source>Width</source><target>Bredd</target></trans-unit>
<trans-unit id="107"><source>You may define a precise widget width. Select "auto" and the widget will adapt to the space available (max: 1000px). Should there be less than 440px width available, contents will display in one column (instead of two) with the sign-on-form below the petition text. On mobile devices with less than 768px device-width, the widget-width is set to 360px for smooth reading on smartphones.</source><target>Du kan definiera en exakt widget bredd. Välj "auto" och widgeten kommer att anpassa sig till det tillgängliga utrymmet (max: 1000px). Bör det vara mindre än 440px bredd som finns, kommer innehållet visas i en kolumn (i stället för två) med sign-on-formuläret nedan petitionen texten. På mobila enheter med mindre än 768px enhet bredd är widget-längden till 360px för smidig läsning på smartphones.</target></trans-unit>
<trans-unit id="108"><source>Text title</source><target>Titel, vänster </target></trans-unit>
<trans-unit id="109"><source>Text body</source><target>Text </target></trans-unit>
<trans-unit id="110"><source>Button</source><target>knapp </target></trans-unit>
<trans-unit id="111"><source>Backgr left</source><target>Bakgr. vänster </target></trans-unit>
<trans-unit id="121"><source>Backgr right</source><target>Bakgr. höger </target></trans-unit>
<trans-unit id="122"><source>Form title</source><target>Titel, höger</target></trans-unit>
<trans-unit id="123"><source>Customise contents: use your own words to convince your target group. To change the title, introduction and background texts, copy the texts from the edit fields into a text editor, make your changes and paste them back into the edit fields. Thereafter, adapt the width and the colours to seamlessly integrate the widget into your website design.</source><target>Skräddarsy innehåll: använd dina egna ord för att övertyga din målgrupp. För att ändra titel, introduktion och bakgrundstexter, kopiera texter från redigeringsfälten i en textredigerare, gör ändringarna och klistra in dem tillbaka in i redigeringsfälten. Därefter anpassar bredden och färgerna för att sömlöst integrera widgeten på din webbplats design. </target></trans-unit>
<trans-unit id="124"><source>Title</source><target>Titel </target></trans-unit>
<trans-unit id="125"><source>Target, Subheading</source><target>Rubrik </target></trans-unit>
<trans-unit id="126"><source>Intro</source><target>Inledning </target></trans-unit>
<trans-unit id="127"><source>Body</source><target>Framställning text </target></trans-unit>
<trans-unit id="128"><source>Footer</source><target>Utgående text </target></trans-unit>
<trans-unit id="129"><source>Subject</source><target>Ämne </target></trans-unit>
<trans-unit id="130"><source>Email body</source><target>E-post kropp </target></trans-unit>
<trans-unit id="131"><source>Choose 'Embed' to have this box ("widget") embedded into your webpage, including texts and action-form. Visitors can instantly read all and take action. However, you need at least 440px width to embed the widget. Choose 'Popup' if you lack sufficient space on your webpage. You will get a small box ("teaser") with flexible width (at least 150px). If visitors click on the teaser, the big action-widget pops up.</source><target>Välj "bädda in" för att lägga in denna ruta ("widget") i din webbsida, inklusive texter och åtgärder. Besökare kan omedelbart läsa och agera. Du behöver dock minst 440 px bredd för att bädda in din widget. Välj "popup", om du har för litet utrymme i din webbsida. Du får då en liten ruta ("teaser") med flexibel bredd (minst 150 px). Om besökare klickar på denna teaser, kommer en stor åtgärds-widget upp.</target></trans-unit>
<trans-unit id="166"><source>Target #</source><target>Mål #</target></trans-unit>
<trans-unit id="201"><source>Hello</source><target>Hej</target></trans-unit>
<trans-unit id="202"><source>Dear Madam %F %L,</source><target>Ärade fru %F %L,</target></trans-unit>
<trans-unit id="203"><source>Dear Sir %F %L,</source><target>Ärade herr %F %L,</target></trans-unit>
<trans-unit id="204"><source>Dear Sir/Madam %F %L,</source><target>Ärade herr / fru %F %L,</target></trans-unit>
<trans-unit id="301"><source>Yes</source><target>Ja </target></trans-unit>
<trans-unit id="302"><source>No</source><target>Ingen </target></trans-unit>
<trans-unit id="303"><source>No comment</source><target>Ingen kommentar </target></trans-unit>
<trans-unit id="304"><source>Secure your pledge page with a password (optional).</source><target>Säkra din pantsida med ett lösenord (valfritt). </target></trans-unit>
<trans-unit id="305"><source>Change your password (optional).</source><target>Ändra ditt lösenord (valfritt). </target></trans-unit>
<trans-unit id="306"><source>Passwords do not match.</source><target>Lösenorden matchar inte. </target></trans-unit>
<trans-unit id="307"><source>Password is too short. Use at least 8 characters.</source><target>Lösenord är för kort. Använd minst åtta tecken. </target></trans-unit>
<trans-unit id="308"><source>Save &amp; submit my pledges</source><target>Spara och skicka in mina löften </target></trans-unit>
<trans-unit id="309"><source>Please enter your password.</source><target>Ange ditt lösenord. </target></trans-unit>
<trans-unit id="310"><source>Company</source><target>Företag </target></trans-unit>
<trans-unit id="311"><source>Party</source><target>Politiskt parti </target></trans-unit>
<trans-unit id="312"><source>Electorate</source><target>väljarkår </target></trans-unit>
<trans-unit id="313"><source>Recipients</source><target>Mottagare </target></trans-unit>
<trans-unit id="314"><source>Read pledge text</source><target>Läs panten texten. </target></trans-unit>
<trans-unit id="315"><source>Password</source><target>Lösenord </target></trans-unit>
<trans-unit id="316"><source>Password again</source><target>Lösenord igen </target></trans-unit>
<trans-unit id="317"><source>Enter</source><target>Enter </target></trans-unit>
<trans-unit id="318"><source>I pledged on #DATE#</source><target>Jag ställda på #DATE#</target></trans-unit>
<trans-unit id="400"><source>Attention: You will receive a confirmation email. Check your email inbox (and junk folder) now! To confirm your action, click the link given in the email.</source><target>OBS: Du får en bekräftelse per E-mail. Kontrollera din mailbox (och skräp-mappen) nu! För att bekräfta det, klickar du på den angivna länken i E-mailet.</target></trans-unit>
<trans-unit id="401"><source>Attention: You've already taken part in this action (maybe on another website).</source><target>OBS: Du har redan deltagit i denna aktion (kanske i en annan webbsida).</target></trans-unit>
<trans-unit id="402"><source>Your email is being validated, please wait!</source><target>Ditt E-mail bekräftas, var god vänta!</target></trans-unit>
<trans-unit id="403"><source>You verified your email address.</source><target>Du har verifierat din E-mail-adress. </target></trans-unit>
<trans-unit id="404"><source>Your action is confirmed.</source><target>Din åtgärd är bekräftad. </target></trans-unit>
<trans-unit id="405"><source>Use this moment to tell friends and family.</source><target>Passa nu på att informera vänner och familj.</target></trans-unit>
<trans-unit id="406"><source>Your statement of support has been submitted successfully.</source><target>Tack för din medverkan! Du har skrivit på ECI. </target></trans-unit>
<trans-unit id="407"><source>Signature identifier</source><target>Din underskrift registreras hos EU-kommissionen under underskriftsidentifieringen</target></trans-unit>
<trans-unit id="408"><source>Yes, please</source><target>Ja</target></trans-unit>
<trans-unit id="409"><source>No, thank you</source><target>Nej</target></trans-unit>
<trans-unit id="410"><source>Become part of the movement</source><target>Abonnera på nyhetsbrevet</target></trans-unit>
<trans-unit id="411"><source>Join now</source><target>Delta nu</target></trans-unit>
<trans-unit id="412"><source>Confirm and continue</source><target>Godkänn och fortsätt</target></trans-unit>
<trans-unit id="413"><source>Skip and go directly to signing the initiative in step 2</source><target>Hoppa över och gå direkt till underskrift av initiativet i steg 2</target></trans-unit>
<trans-unit id="414"><source>Why do I have to share all this information?</source><target>Varför måste jag ange alla dessa uppgifter?</target></trans-unit>
<trans-unit id="415"><source>Your national government decides what information you need to provide for a European Citizens' Initiative so that your signature can be validated and counted. Therefore, please fill in all lines. (Your data will be transmitted securely and encrypted. Your data can only be accessed by national authorities for verification purposes.)</source><target>Regeringen fattar beslut om vilka uppgifter du måste ange för ett europeiskt medborgarinitiativ så att din underskrift kan verifieras och räknas in. Därför ska du fylla i alla rader. (Dina uppgifter överförs på ett säkert sätt och i krypterad form.  Endast nationella myndigheter har tillgång till ECI-data (uppgifter om sysselsättningsindex) i syfte att verifiera dessa).</target></trans-unit>
<trans-unit id="416"><source>Sign up and become part of the movement.</source><target>&nbsp;</target></trans-unit>
</body>
</file>
</xliff>
