<?xml version="1.0" encoding="UTF-8"?>
<!DOCTYPE xliff PUBLIC "-//XLIFF//DTD XLIFF//EN" "http://www.oasis-open.org/committees/xliff/documents/xliff.dtd">
<xliff version="1.0">
<file source-language="EN" target-language="da" datatype="plaintext" original="messages" date="2019-11-08T13:53:17Z" product-name="messages">
<header/>
<body>
<trans-unit id="1"><source>Petition</source><target>Underskriftsindsamling</target></trans-unit>
<trans-unit id="2"><source>Email action</source><target>Mail-aktion</target></trans-unit>
<trans-unit id="3"><source>Initiative</source><target>Initiativ</target></trans-unit>
<trans-unit id="4"><source>Appeal</source><target>Opfordring</target></trans-unit>
<trans-unit id="5"><source>Community</source><target>Fællesskab</target></trans-unit>
<trans-unit id="6"><source>Newsletter</source><target>Nyhedsbrev</target></trans-unit>
<trans-unit id="7"><source>Join</source><target>Vær med</target></trans-unit>
<trans-unit id="8"><source>Sign up</source><target>Tilmeld dig</target></trans-unit>
<trans-unit id="9"><source>Sign up to the newsletter</source><target>Tilmeld nyhedsbrev</target></trans-unit>
<trans-unit id="11"><source>Sign the Petition</source><target>Underskriv</target></trans-unit>
<trans-unit id="12"><source>Send an Email</source><target>Send en mail</target></trans-unit>
<trans-unit id="13"><source>Support</source><target>Støt</target></trans-unit>
<trans-unit id="14"><source>Take action</source><target>Deltag</target></trans-unit>
<trans-unit id="15"><source>Sign</source><target>Underskriv</target></trans-unit>
<trans-unit id="16"><source>Send</source><target>Send</target></trans-unit>
<trans-unit id="17"><source>Subscribe</source><target>Tilmeld</target></trans-unit>
<trans-unit id="18"><source>Support the initiative</source><target>Underskriv initiativet</target></trans-unit>
<trans-unit id="19"><source>Support the appeal</source><target>Støt opfordringen</target></trans-unit>
<trans-unit id="20"><source>Join the community</source><target>Deltag i kampagnen</target></trans-unit>
<trans-unit id="21"><source>Name</source><target>Navn</target></trans-unit>
<trans-unit id="22"><source>Full name</source><target>For- og efternavn</target></trans-unit>
<trans-unit id="23"><source>First name</source><target>Fornavn</target></trans-unit>
<trans-unit id="24"><source>Last name</source><target>Efternavn</target></trans-unit>
<trans-unit id="25"><source>Mr</source><target>Hr.</target></trans-unit>
<trans-unit id="26"><source>Mrs</source><target>Fru</target></trans-unit>
<trans-unit id="27"><source>Mrs/Mr</source><target>Fru/Hr.</target></trans-unit>
<trans-unit id="28"><source>City</source><target>By</target></trans-unit>
<trans-unit id="29"><source>Post code</source><target>Postnummer</target></trans-unit>
<trans-unit id="30"><source>Country</source><target>Land</target></trans-unit>
<trans-unit id="31"><source>Address</source><target>Adresse</target></trans-unit>
<trans-unit id="32"><source>Email address</source><target>E-mail</target></trans-unit>
<trans-unit id="33"><source>Personal comment</source><target>Kommentar</target></trans-unit>
<trans-unit id="34"><source>PP Heading</source><target>Databeskyttelse</target></trans-unit>
<trans-unit id="35"><source>I accept the _privacy policy_</source><target>Jeg accepterer _privatlivspolitikken_.</target></trans-unit>
<trans-unit id="36"><source>Keep me posted on this and similar campaigns.</source><target>Hold mig løbende informeret om denne eller lignende kampagner.</target></trans-unit>
<trans-unit id="37"><source>Reminder:</source><target>Påmindelse:</target></trans-unit>
<trans-unit id="38"><source>Thank you</source><target>Mange tak</target></trans-unit>
<trans-unit id="46"><source>Share</source><target>Del</target></trans-unit>
<trans-unit id="47"><source>Tell your friends</source><target>Del med dine venner</target></trans-unit>
<trans-unit id="48"><source>Separate email addresses with a comma.</source><target>Adskil e-mails med komma</target></trans-unit>
<trans-unit id="49"><source>We have sent an email with information about this campaign to the address(es) specified.</source><target>Vi har sendt en e-mail med informationer om kampagnen til de af dig indtastede e-mailadresser.</target></trans-unit>
<trans-unit id="50"><source>Donate</source><target>Giv et bidrag</target></trans-unit>
<trans-unit id="51"><source>Help us fund this campaign. Give whatever you can now using the safe and secure paypal form below.</source><target>Hjælp os med at finansiere denne kampagne. Giv, hvad du synes ved hjælp af nedenstående sikre paypal-formular.</target></trans-unit>
<trans-unit id="52"><source>Amount</source><target>Beløb</target></trans-unit>
<trans-unit id="53"><source>Last signers</source><target>Seneste underskrivere</target></trans-unit>
<trans-unit id="54"><source>All signers</source><target>Alle underskrivere</target></trans-unit>
<trans-unit id="61"><source>Back</source><target>Tilbage</target></trans-unit>
<trans-unit id="62"><source>Background</source><target>Baggrund</target></trans-unit>
<trans-unit id="63"><source>Read more</source><target>Læs mere</target></trans-unit>
<trans-unit id="64"><source>More actions</source><target>Start din egen underskriftindsamling</target></trans-unit>
<trans-unit id="66"><source># Participants</source><target># Deltagere</target></trans-unit>
<trans-unit id="67"><source># emails sent</source><target># sendte e-mails</target></trans-unit>
<trans-unit id="68"><source>The action starts on #DATE#. Stay tuned and spread the word!</source><target>Denne kampagne begynder den #DATE#. Hold øje med den, og mobilisér andre!</target></trans-unit>
<trans-unit id="69"><source>This action is over. Thanks to the #COUNTER# people who signed-up!</source><target>Denne kampagne er afsluttet. Mange tak til de #COUNTER#, som har deltaget!</target></trans-unit>
<trans-unit id="70"><source>select</source><target>Vælg</target></trans-unit>
<trans-unit id="71"><source>select all</source><target>Send til alle</target></trans-unit>
<trans-unit id="72"><source>Recipient(s)</source><target>Modtager(e)</target></trans-unit>
<trans-unit id="81"><source>Embed this</source><target>Inkludér dette</target></trans-unit>
<trans-unit id="82"><source>Organisation</source><target>Organisation</target></trans-unit>
<trans-unit id="83"><source>Register your widget</source><target>Registrér widget</target></trans-unit>
<trans-unit id="84"><source>Generate widget</source><target>Opret widget</target></trans-unit>
<trans-unit id="85"><source>Change widget</source><target>Ændre din widget</target></trans-unit>
<trans-unit id="86"><source>Embed this code</source><target>Inkludér kode</target></trans-unit>
<trans-unit id="101"><source>Customise your widget</source><target>Tilpas din widget</target></trans-unit>
<trans-unit id="102"><source>Widget type</source><target>Widgettype</target></trans-unit>
<trans-unit id="103"><source>Embed</source><target>Inkludér</target></trans-unit>
<trans-unit id="104"><source>Popup</source><target>Popup-menu</target></trans-unit>
<trans-unit id="105"><source>Email Validation Landingpage - auto forwarding to external page</source><target>E-mail bekræftelsesside – du ledes automatisk videre til (http://…)</target></trans-unit>
<trans-unit id="106"><source>Width</source><target>Bredde</target></trans-unit>
<trans-unit id="107"><source>You may define a precise widget width. Select "auto" and the widget will adapt to the space available (max: 1000px). Should there be less than 440px width available, contents will display in one column (instead of two) with the sign-on-form below the petition text. On mobile devices with less than 768px device-width, the widget-width is set to 360px for smooth reading on smartphones.</source><target>Du kan definere bredden på din widget. Vælg "auto", og bredden vil tilpasse sig til den tilgængelige plads (max: 1000px). Er der mindre end 440px til rådighed, vises indholdet i én kolonne (i stedet for i to) med underskriftformularen nederst. På mobile enheder med en enhedsbredde på mindre end 768px er widgetbredden sat til 360px for at gøre teksten på smartphones lettere at læse.</target></trans-unit>
<trans-unit id="108"><source>Text title</source><target>Titel, venstre</target></trans-unit>
<trans-unit id="109"><source>Text body</source><target>Tekst</target></trans-unit>
<trans-unit id="110"><source>Button</source><target>Knap</target></trans-unit>
<trans-unit id="111"><source>Backgr left</source><target>Baggrund, venstre</target></trans-unit>
<trans-unit id="121"><source>Backgr right</source><target>Baggrund, højre</target></trans-unit>
<trans-unit id="122"><source>Form title</source><target>Titel, højre</target></trans-unit>
<trans-unit id="123"><source>Customise contents: use your own words to convince your target group. To change the title, introduction and background texts, copy the texts from the edit fields into a text editor, make your changes and paste them back into the edit fields. Thereafter, adapt the width and the colours to seamlessly integrate the widget into your website design.</source><target>Tilpas indhold: Brug dine egne ord til at overbevise din målgruppe. Du kan ændre titel, indledning og baggrundstekster ved at kopiere tekster fra tekstfelterne ind i en tekst-editor, hvor du skal foretage ændringerne og flytte dem tilbage i tekstfeltet. Derefter tilpasses bredden og farverne, så de problemfrit kan integreres i widget og design.</target></trans-unit>
<trans-unit id="124"><source>Title</source><target>Titel</target></trans-unit>
<trans-unit id="125"><source>Target, Subheading</source><target>Mål, Underoverskrift</target></trans-unit>
<trans-unit id="126"><source>Intro</source><target>Indledning</target></trans-unit>
<trans-unit id="127"><source>Body</source><target>Brødtekst</target></trans-unit>
<trans-unit id="128"><source>Footer</source><target>Fodnote</target></trans-unit>
<trans-unit id="129"><source>Subject</source><target>Emne</target></trans-unit>
<trans-unit id="130"><source>Email body</source><target>E-mailtekst</target></trans-unit>
<trans-unit id="131"><source>Choose 'Embed' to have this box ("widget") embedded into your webpage, including texts and action-form. Visitors can instantly read all and take action. However, you need at least 440px width to embed the widget. Choose 'Popup' if you lack sufficient space on your webpage. You will get a small box ("teaser") with flexible width (at least 150px). If visitors click on the teaser, the big action-widget pops up.</source><target>Vælg 'Embed' for at få boksen (”widget”) embedded på din hjemmeside inklusiv tekster og kampagneformular: Din hjemmeside skal have en bredde på mindst 440px. Vælg 'Popup', hvis der ikke er plads nok. Den genererer en lille "teaser"-boks med fleksibel bredde (mindst 150px). Det store kampagne-widget åbner med et klik på teaseren.</target></trans-unit>
<trans-unit id="166"><source>Target #</source><target>Mål #</target></trans-unit>
<trans-unit id="201"><source>Hello</source><target>Hej</target></trans-unit>
<trans-unit id="202"><source>Dear Madam %F %L,</source><target>Kære %F %L</target></trans-unit>
<trans-unit id="203"><source>Dear Sir %F %L,</source><target>Kære %F %L</target></trans-unit>
<trans-unit id="204"><source>Dear Sir/Madam %F %L,</source><target>Kære %F %L</target></trans-unit>
<trans-unit id="301"><source>Yes</source><target>Ja</target></trans-unit>
<trans-unit id="302"><source>No</source><target>Nej</target></trans-unit>
<trans-unit id="303"><source>No comment</source><target>Ingen kommentarer</target></trans-unit>
<trans-unit id="304"><source>Secure your pledge page with a password (optional).</source><target>Sikre din side med tilsagn med et kodeord (valgfrit).</target></trans-unit>
<trans-unit id="305"><source>Change your password (optional).</source><target>Ændre din adgangskode (valgfrit).</target></trans-unit>
<trans-unit id="306"><source>Passwords do not match.</source><target>Adgangskoderne stemmer ikke overens.</target></trans-unit>
<trans-unit id="307"><source>Password is too short. Use at least 8 characters.</source><target>Adgangskoden er for kort. Brug mindst 8 tegn.</target></trans-unit>
<trans-unit id="308"><source>Save &amp; submit my pledges</source><target>Gem &amp; indsend mine tilsagn</target></trans-unit>
<trans-unit id="309"><source>Please enter your password.</source><target>Indtast din adgangskode.</target></trans-unit>
<trans-unit id="310"><source>Company</source><target>Firma</target></trans-unit>
<trans-unit id="311"><source>Party</source><target>Politisk parti</target></trans-unit>
<trans-unit id="312"><source>Electorate</source><target>Valgkreds</target></trans-unit>
<trans-unit id="313"><source>Recipients</source><target>Modtagere</target></trans-unit>
<trans-unit id="314"><source>Read pledge text</source><target>Læs tilsagns-teksten</target></trans-unit>
<trans-unit id="315"><source>Password</source><target>Adgangskode</target></trans-unit>
<trans-unit id="316"><source>Password again</source><target>Gentag adgangskoden</target></trans-unit>
<trans-unit id="317"><source>Enter</source><target>Indtast</target></trans-unit>
<trans-unit id="318"><source>I pledged on #DATE#</source><target>Jeg gav tilsagn den #DATE#</target></trans-unit>
<trans-unit id="400"><source>Attention: You will receive a confirmation email. Check your email inbox (and junk folder) now! To confirm your action, click the link given in the email.</source><target>OBS: Du vil nu modtage en bekræftelsesmail. Tjek din indbakke (og evt. spammappe)! Klik på bekræftelses-linket i mailen for at bekræfte.</target></trans-unit>
<trans-unit id="401"><source>Attention: You've already taken part in this action (maybe on another website).</source><target>OBS: Du har allerede deltaget i denne kampagne (måske på en anden hjemmeside).</target></trans-unit>
<trans-unit id="402"><source>Your email is being validated, please wait!</source><target>Vent, din mailadresse bliver bekræftet!</target></trans-unit>
<trans-unit id="403"><source>You verified your email address.</source><target>Du har bekræftet din mailadresse.</target></trans-unit>
<trans-unit id="404"><source>Your action is confirmed.</source><target>Din deltagelse er registreret.</target></trans-unit>
<trans-unit id="405"><source>Use this moment to tell friends and family.</source><target>Det er nu, hvis du vil hjælpe os med fortælle om kampagnen til dine venner og familie.</target></trans-unit>
<trans-unit id="406"><source>Your statement of support has been submitted successfully.</source><target>Mange tak for din deltagelse! Du har undersrkevet EBI. </target></trans-unit>
<trans-unit id="407"><source>Signature identifier</source><target>Din underskrift føres under følgende identifikationsnummer hos EU-kommisionen</target></trans-unit>
<trans-unit id="408"><source>Yes, please</source><target>Ja</target></trans-unit>
<trans-unit id="409"><source>No, thank you</source><target>Nej</target></trans-unit>
<trans-unit id="410"><source>Become part of the movement</source><target>Tilmeld nyhedsbrev</target></trans-unit>
<trans-unit id="411"><source>Join now</source><target>Tilslut dig nu</target></trans-unit>
<trans-unit id="412"><source>Confirm and continue</source><target>Bekræft og fortsæt</target></trans-unit>
<trans-unit id="413"><source>Skip and go directly to signing the initiative in step 2</source><target>Gå direkte frem til at underskrive borgerinitiativet i trin 2.</target></trans-unit>
<trans-unit id="414"><source>Why do I have to share all this information?</source><target>Hvorfor skal jeg opgive alle disse oplysninger?</target></trans-unit>
<trans-unit id="415"><source>Your national government decides what information you need to provide for a European Citizens' Initiative so that your signature can be validated and counted. Therefore, please fill in all lines. (Your data will be transmitted securely and encrypted. Your data can only be accessed by national authorities for verification purposes.)</source><target>Din nationale regering beslutter, hvilke oplysninger du skal give til et europæisk borgerinitiativ, så din underskrift er gyldig og tælles med. Udfyld venligst alle linjer. (Dine data overføres sikkert og krypteres. Kun nationale myndigheder har adgang til ECI-data til verifikationsformål).Din nationale regering beslutter, hvilke oplysninger du skal give til et europæisk borgerinitiativ, så din underskrift kan valideres og tælles med. Udfyld venligst alle linjer. (Dine data overføres sikkert og krypteres. Kun nationale myndigheder har adgang til ECI-data til verifikationsformål).</target></trans-unit>
<trans-unit id="416"><source>Sign up and become part of the movement.</source><target>&nbsp;</target></trans-unit>
</body>
</file>
</xliff>
