﻿<?xml version="1.0" encoding="UTF-8"?>
<!DOCTYPE xliff PUBLIC "-//XLIFF//DTD XLIFF//EN" "http://www.oasis-open.org/committees/xliff/documents/xliff.dtd">
<xliff version="1.0">
<file source-language="EN" target-language="cs" datatype="plaintext" original="messages" date="2010-04-08T13:53:17Z" product-name="messages">
<header/>
<body>
<trans-unit id="1"><source>Petition</source><target>Petice</target></trans-unit>
<trans-unit id="2"><source>Email action</source><target>Emailová petice</target></trans-unit>
<trans-unit id="3"><source>Initiative</source><target>Iniciativa </target></trans-unit>
<trans-unit id="4"><source>Appeal</source><target>Odvolání</target></trans-unit>
<trans-unit id="5"><source>Community</source><target>Společenství</target></trans-unit>
<trans-unit id="6"><source>Newsletter</source><target>Novinky</target></trans-unit>
<trans-unit id="7"><source>Join</source><target>Připojit</target></trans-unit>
<trans-unit id="8"><source>Sign up</source><target>Přihlásit se</target></trans-unit>
<trans-unit id="9"><source>Sign up to the newsletter</source><target>Přihlaste se k odběru newsletteru</target></trans-unit>
<trans-unit id="11"><source>Sign the Petition</source><target>Podpořte petici</target></trans-unit>
<trans-unit id="12"><source>Send an Email</source><target>Pošlete email</target></trans-unit>
<trans-unit id="13"><source>Support</source><target>Ano, chci</target></trans-unit>
<trans-unit id="14"><source>Take action</source><target>Zapojte se</target></trans-unit>
<trans-unit id="15"><source>Sign</source><target>Podepsat</target></trans-unit>
<trans-unit id="16"><source>Send</source><target>Odeslat</target></trans-unit>
<trans-unit id="17"><source>Subscribe</source><target>Odebírat</target></trans-unit>
<trans-unit id="18"><source>Support the initiative</source><target>Podpořte iniciativu</target></trans-unit>
<trans-unit id="19"><source>Support the appeal</source><target>Podpořte odvolání</target></trans-unit>
<trans-unit id="20"><source>Join the community</source><target>Připojte se ke komunitě</target></trans-unit>
<trans-unit id="21"><source>Name</source><target>Jméno</target></trans-unit>
<trans-unit id="22"><source>Full name</source><target>Celé jméno</target></trans-unit>
<trans-unit id="23"><source>First name</source><target>Jméno</target></trans-unit>
<trans-unit id="24"><source>Last name</source><target>Příjmení</target></trans-unit>
<trans-unit id="25"><source>Mr</source><target>Pan</target></trans-unit>
<trans-unit id="26"><source>Mrs</source><target>Paní</target></trans-unit>
<trans-unit id="27"><source>Mrs/Mr</source><target>Paní/pan</target></trans-unit>
<trans-unit id="28"><source>City</source><target>Město</target></trans-unit>
<trans-unit id="29"><source>Post code</source><target>PSČ</target></trans-unit>
<trans-unit id="30"><source>Country</source><target>Země</target></trans-unit>
<trans-unit id="31"><source>Address</source><target>Adresa</target></trans-unit>
<trans-unit id="32"><source>Email address</source><target>Emailová adresa</target></trans-unit>
<trans-unit id="33"><source>Personal comment</source><target>Komentář</target></trans-unit>
<trans-unit id="34"><source>PP Heading</source><target>Prohlášení o ochraně dat</target></trans-unit>
<trans-unit id="35"><source>I accept the _privacy policy_</source><target>Souhlasím se zásadami _ochrany osobních údajů_.</target></trans-unit>
<trans-unit id="36"><source>Keep me posted on this and similar campaigns.</source><target>Informujte mě o této a podobných kampaních.</target></trans-unit>
<trans-unit id="37"><source>Reminder:</source><target>Připomínka:</target></trans-unit>
<trans-unit id="38"><source>Thank you</source><target>Děkuji</target></trans-unit>
<trans-unit id="46"><source>Share</source><target>Sdělte svým přátelům</target></trans-unit>
<trans-unit id="47"><source>Tell your friends</source><target>Sdělte svým přátelům</target></trans-unit>
<trans-unit id="48"><source>Separate email addresses with a comma.</source><target>Oddělte emailové adresy čárkou</target></trans-unit>
<trans-unit id="49"><source>We have sent an email with information about this campaign to the address(es) specified.</source><target>Informační email o této kampani byl zaslán na tyto emailové adresy</target></trans-unit>
<trans-unit id="50"><source>Donate</source><target>Příspět</target></trans-unit>
<trans-unit id="51"><source>Help us fund this campaign. Give whatever you can now using the safe and secure paypal form below.</source><target>Podpořte prosím tuto kampaň.  Prosím přispějte libovolnou částkou skrze níže uvedený  zabezpečený Paypal formulář.</target></trans-unit>
<trans-unit id="52"><source>Amount</source><target>Částka</target></trans-unit>
<trans-unit id="53"><source>Last signers</source><target>Poslední signatáři</target></trans-unit>
<trans-unit id="54"><source>All signers</source><target>Všichni signatáři</target></trans-unit>
<trans-unit id="61"><source>Back</source><target>Zpět</target></trans-unit>
<trans-unit id="62"><source>Background</source><target>Základní </target></trans-unit>
<trans-unit id="63"><source>Read more</source><target>Více informací</target></trans-unit>
<trans-unit id="64"><source>More actions</source><target>Odstartujte Vaši petici!</target></trans-unit>
<trans-unit id="66"><source># Participants</source><target># Zapojilo se</target></trans-unit>
<trans-unit id="67"><source># emails sent</source><target># e-mailů odeslaných</target></trans-unit>
<trans-unit id="68"><source>The action starts on #DATE#. Stay tuned and spread the word!</source><target>Tato akce začne #DATE#. Buďte u toho a mobilizujte ostatní!</target></trans-unit>
<trans-unit id="69"><source>This action is over. Thanks to the #COUNTER# people who signed-up!</source><target>Tato akce skončila. Velký dík #COUNTER# lidem, kteří se účastnili!</target></trans-unit>
<trans-unit id="70"><source>select</source><target>Zvolte</target></trans-unit>
<trans-unit id="71"><source>select all</source><target>Zvolte všechny</target></trans-unit>
<trans-unit id="72"><source>Recipient(s)</source><target>Příjemce/i</target></trans-unit>
<trans-unit id="81"><source>Embed this</source><target>Zabudovat</target></trans-unit>
<trans-unit id="82"><source>Organisation</source><target>Organizace</target></trans-unit>
<trans-unit id="83"><source>Register your widget</source><target>Zaregistruj svůj widget</target></trans-unit>
<trans-unit id="84"><source>Generate widget</source><target>Vytvoř widget</target></trans-unit>
<trans-unit id="85"><source>Change widget</source><target>Změň widget</target></trans-unit>
<trans-unit id="86"><source>Embed this code</source><target>Zabuduj tento kód</target></trans-unit>
<trans-unit id="101"><source>Customise your widget</source><target>Upravte svůj widget</target></trans-unit>
<trans-unit id="102"><source>Widget type</source><target>Druh widget</target></trans-unit>
<trans-unit id="103"><source>Embed</source><target>Zabudovat</target></trans-unit>
<trans-unit id="104"><source>Popup</source><target>Popup</target></trans-unit>
<trans-unit id="105"><source>Email Validation Landingpage - auto forwarding to external page</source><target>Strana e-mailového potvrzení – sem budete automaticky přesměrováni</target></trans-unit>
<trans-unit id="106"><source>Width</source><target>Šířka</target></trans-unit>
<trans-unit id="107"><source>You may define a precise widget width. Select "auto" and the widget will adapt to the space available (max: 1000px). Should there be less than 440px width available, contents will display in one column (instead of two) with the sign-on-form below the petition text. On mobile devices with less than 768px device-width, the widget-width is set to 360px for smooth reading on smartphones.</source><target>Můžete definovat přesný šířku widgetu. Vyberte "AUTO" a widget se přizpůsobí prostoru je k dispozici (max: 1000px). Měla by být menší než 440px šířky k dispozici, obsah se zobrazí v jednom sloupci (namísto dvou) se sign-on-formuláře pod textem petice. U mobilních zařízení s méně než 768px zařízení šířku, widget šířka je nastavena na 360px plynulé čtení na chytré telefony.</target></trans-unit>
<trans-unit id="108"><source>Text title</source><target>Název textu</target></trans-unit>
<trans-unit id="109"><source>Text body</source><target>Text</target></trans-unit>
<trans-unit id="110"><source>Button</source><target>Tlačítko</target></trans-unit>
<trans-unit id="111"><source>Backgr left</source><target>Pozadí vlevo</target></trans-unit>
<trans-unit id="121"><source>Backgr right</source><target>Pozadí vpravo</target></trans-unit>
<trans-unit id="122"><source>Form title</source><target>Titul, pravá</target></trans-unit>
<trans-unit id="123"><source>Customise contents: use your own words to convince your target group. To change the title, introduction and background texts, copy the texts from the edit fields into a text editor, make your changes and paste them back into the edit fields. Thereafter, adapt the width and the colours to seamlessly integrate the widget into your website design.</source><target>Máte možnost zabudovat tento rámeček na váš web či blog. Nazýváme jej „widget“. Přizpůsobení obsahu: K oslovení cílové skupiny můžete použít vámi zvolená slova. Pro změnu názvu, představení a textu na pozadí, zkopírujte si text z edit field to textového editoru, proveďte úpravy a poté jej upravený vložte zpět do edit field.  Případně též uzpůsobte šířku a barvy</target></trans-unit>
<trans-unit id="124"><source>Title</source><target>Název</target></trans-unit>
<trans-unit id="125"><source>Target, Subheading</source><target>Cíl nebo podtitul</target></trans-unit>
<trans-unit id="126"><source>Intro</source><target>Představení</target></trans-unit>
<trans-unit id="127"><source>Body</source><target>Hlavní část</target></trans-unit>
<trans-unit id="128"><source>Footer</source><target>Zápatí</target></trans-unit>
<trans-unit id="129"><source>Subject</source><target>Předmět</target></trans-unit>
<trans-unit id="130"><source>Email body</source><target>Text emailu</target></trans-unit>
<trans-unit id="131"><source>Choose 'Embed' to have this box ("widget") embedded into your webpage, including texts and action-form. Visitors can instantly read all and take action. However, you need at least 440px width to embed the widget. Choose 'Popup' if you lack sufficient space on your webpage. You will get a small box ("teaser") with flexible width (at least 150px). If visitors click on the teaser, the big action-widget pops up.</source><target>Pro zabudování tohoto rámečku („widget“) včetně textů a formuláře na váš web, zvolte ‚Embed‘ (zabudovat).  Vaši návštěvníci budou ihned informováni a mohou se zapojit.  Minimální šířka pro zabudování je  440 pixelů. V případě, že nemáte na své stránce dostatek kapacity, zvolte ‚Popup‘.  Obdržíte menší rámeček („teaser“) s flexibilní šířkou (minimálně 150 pixelů). Až v případě, že návštěvník klikne na menší rámeček, objeví se regulérní „widget“.</target></trans-unit>
<trans-unit id="166"><source>Target #</source><target>Cíl #</target></trans-unit>
<trans-unit id="201"><source>Hello</source><target>Dobrý den</target></trans-unit>
<trans-unit id="202"><source>Dear Madam %F %L,</source><target>Vážená paní %F %L,</target></trans-unit>
<trans-unit id="203"><source>Dear Sir %F %L,</source><target>Vážený pane %F %L,</target></trans-unit>
<trans-unit id="204"><source>Dear Sir/Madam %F %L,</source><target>Vážený pane/paní %F %L,</target></trans-unit>
<trans-unit id="301"><source>Yes</source><target>Ano </target></trans-unit>
<trans-unit id="302"><source>No</source><target>ne </target></trans-unit>
<trans-unit id="303"><source>No comment</source><target>Bez komentáře </target></trans-unit>
<trans-unit id="304"><source>Secure your pledge page with a password (optional).</source><target>Zabezpečte svůj zástavní stránky s heslem (volitelné příslušenství). </target></trans-unit>
<trans-unit id="305"><source>Change your password (optional).</source><target>Změnit heslo (volitelné). </target></trans-unit>
<trans-unit id="306"><source>Passwords do not match.</source><target>Hesla se neshodují. </target></trans-unit>
<trans-unit id="307"><source>Password is too short. Use at least 8 characters.</source><target>Heslo je příliš krátké. Použijte alespoň 8 znaků. </target></trans-unit>
<trans-unit id="308"><source>Save &amp; submit my pledges</source><target>Uložit a odeslat své závazky </target></trans-unit>
<trans-unit id="309"><source>Please enter your password.</source><target>Prosím, zadejte své heslo. </target></trans-unit>
<trans-unit id="310"><source>Company</source><target>společnost </target></trans-unit>
<trans-unit id="311"><source>Party</source><target>politická strana </target></trans-unit>
<trans-unit id="312"><source>Electorate</source><target>voliči </target></trans-unit>
<trans-unit id="313"><source>Recipients</source><target>příjemci </target></trans-unit>
<trans-unit id="314"><source>Read pledge text</source><target>Přečtěte si text zástavy. </target></trans-unit>
<trans-unit id="315"><source>Password</source><target>heslo </target></trans-unit>
<trans-unit id="316"><source>Password again</source><target>heslo znovu </target></trans-unit>
<trans-unit id="317"><source>Enter</source><target>zadejte </target></trans-unit>
<trans-unit id="318"><source>I pledged on #DATE#</source><target>Jsem slíbil na #DATE#</target></trans-unit>
<trans-unit id="400"><source>Attention: You will receive a confirmation email. Check your email inbox (and junk folder) now! To confirm your action, click the link given in the email.</source><target>Upozornění: byl vám zaslán potvrzovací email. Zkontrolujte si svůj emailový účet.  Pro potvrzení akce prosím klikněte na odkaz uvedený v emailu.</target></trans-unit>
<trans-unit id="401"><source>Attention: You've already taken part in this action (maybe on another website).</source><target>Upozornění: této akce jste se již zúčastnil /a (možná z jiné webové stránky)</target></trans-unit>
<trans-unit id="402"><source>Your email is being validated, please wait!</source><target>Vaše emailová adresa se potvrzuje, počkejte prosím!</target></trans-unit>
<trans-unit id="403"><source>You verified your email address.</source><target>Vaše emailová adresa byla ověřena. </target></trans-unit>
<trans-unit id="404"><source>Your action is confirmed.</source><target>Vaše akce byla potvrzena. </target></trans-unit>
<trans-unit id="405"><source>Use this moment to tell friends and family.</source><target>Můžete také velice snadno zapojit své přátele.</target></trans-unit>
<trans-unit id="406"><source>Your statement of support has been submitted successfully.</source><target>Děkujeme za Vaši účast! Podepsali jste ECI. </target></trans-unit>
<trans-unit id="407"><source>Signature identifier</source><target>Váš podpis bude zaregistrován u Evropské komise pod identifikátorem podpisu</target></trans-unit>
<trans-unit id="408"><source>Yes, please</source><target>Ano prosím</target></trans-unit>
<trans-unit id="409"><source>No, thank you</source><target>Ne, děkuji</target></trans-unit>
<trans-unit id="410"><source>Become part of the movement</source><target>Přihlaste se k odběru newsletteru</target></trans-unit>
<trans-unit id="411"><source>Join now</source><target>Přidej se teď</target></trans-unit>
<trans-unit id="412"><source>Confirm and continue</source><target>Potvrďte a pokračujte</target></trans-unit>
<trans-unit id="413"><source>Skip and go directly to signing the initiative in step 2</source><target>Přeskočte a přejděte přímo k podpisu iniciativy v kroku 2</target></trans-unit>
<trans-unit id="414"><source>Why do I have to share all this information?</source><target>Proč musím sdílet všechny tyto informace?</target></trans-unit>
<trans-unit id="415"><source>Your national government decides what information you need to provide for a European Citizens' Initiative so that your signature can be validated and counted. Therefore, please fill in all lines. (Your data will be transmitted securely and encrypted. Your data can only be accessed by national authorities for verification purposes.)</source><target>Vaše vláda rozhodne, jaké informace musíte poskytnout pro evropskou občanskou iniciativu, aby bylo možné ověřit a započítat váš podpis. Vyplňte proto prosím všechny řádky. (Vaše data budou šifrována a přenášena bezpečně. K údajům ECI mají přístup pouze vnitrostátní orgány za účelem ověření).</target></trans-unit>
<trans-unit id="416"><source>Sign up and become part of the movement.</source><target>&nbsp;</target></trans-unit>
</body>
</file>
</xliff>
