﻿<?xml version="1.0" encoding="UTF-8"?>
<!DOCTYPE xliff PUBLIC "-//XLIFF//DTD XLIFF//EN" "http://www.oasis-open.org/committees/xliff/documents/xliff.dtd">
<xliff version="1.0">
<file source-language="EN" target-language="en" datatype="plaintext" original="messages" date="2019-10-27T14:00:00Z" product-name="messages">
<header/>
<body>
<trans-unit id="1"><source>Petition</source><target>Petition</target></trans-unit>
<trans-unit id="2"><source>Email action</source><target>Email action</target></trans-unit>
<trans-unit id="3"><source>Initiative</source><target>Initiative</target></trans-unit>
<trans-unit id="4"><source>Appeal</source><target>Appeal</target></trans-unit>
<trans-unit id="5"><source>Community</source><target>Community</target></trans-unit>
<trans-unit id="6"><source>Newsletter</source><target>Newsletter</target></trans-unit>
<trans-unit id="7"><source>Join</source><target>Join</target></trans-unit>
<trans-unit id="8"><source>Sign up</source><target>Sign up</target></trans-unit>
<trans-unit id="9"><source>Sign up to the newsletter</source><target>Sign up to the newsletter</target></trans-unit>
<trans-unit id="11"><source>Sign the Petition</source><target>Sign the petition</target></trans-unit>
<trans-unit id="12"><source>Send an Email</source><target>Send an Email</target></trans-unit>
<trans-unit id="13"><source>Support</source><target>Support</target></trans-unit>
<trans-unit id="14"><source>Take action</source><target>Take action</target></trans-unit>
<trans-unit id="15"><source>Sign</source><target>Sign</target></trans-unit>
<trans-unit id="16"><source>Send</source><target>Send</target></trans-unit>
<trans-unit id="17"><source>Subscribe</source><target>Subscribe</target></trans-unit>
<trans-unit id="18"><source>Support the initiative</source><target>Sign the initiative</target></trans-unit>
<trans-unit id="19"><source>Support the appeal</source><target>Support the appeal</target></trans-unit>
<trans-unit id="20"><source>Join the community</source><target>Join the community</target></trans-unit>
<trans-unit id="21"><source>Name</source><target>Name</target></trans-unit>
<trans-unit id="22"><source>Full name</source><target>Full name</target></trans-unit>
<trans-unit id="23"><source>First name</source><target>First name</target></trans-unit>
<trans-unit id="24"><source>Last name</source><target>Last name</target></trans-unit>
<trans-unit id="25"><source>Mr</source><target>Mr</target></trans-unit>
<trans-unit id="26"><source>Mrs</source><target>Ms</target></trans-unit>
<trans-unit id="27"><source>Mrs/Mr</source><target>Ms/Mr</target></trans-unit>
<trans-unit id="28"><source>City</source><target>City</target></trans-unit>
<trans-unit id="29"><source>Post code</source><target>Post code</target></trans-unit>
<trans-unit id="30"><source>Country</source><target>Country</target></trans-unit>
<trans-unit id="31"><source>Address</source><target>Address</target></trans-unit>
<trans-unit id="32"><source>Email address</source><target>Email</target></trans-unit>
<trans-unit id="33"><source>Personal comment</source><target>Personal comment</target></trans-unit>
<trans-unit id="34"><source>PP Heading</source><target>Privacy Policy</target></trans-unit>
<trans-unit id="35"><source>I accept the _privacy policy_</source><target>I accept the _privacy policy_</target></trans-unit>
<trans-unit id="36"><source>Keep me posted on this and similar campaigns.</source><target>Keep me posted on this and similar campaigns.</target></trans-unit>
<trans-unit id="37"><source>Reminder:</source><target>Reminder:</target></trans-unit>
<trans-unit id="38"><source>Thank you</source><target>Thank you</target></trans-unit>
<trans-unit id="46"><source>Share</source><target>Share</target></trans-unit>
<trans-unit id="47"><source>Tell your friends</source><target>Tell your friends</target></trans-unit>
<trans-unit id="48"><source>Separate email addresses with a comma.</source><target>Separate email addresses with a comma.</target></trans-unit>
<trans-unit id="49"><source>We have sent an email with information about this campaign to the address(es) specified.</source><target>We have sent an email with information about this campaign to the address(es) specified.</target></trans-unit>
<trans-unit id="50"><source>Donate</source><target>Donate</target></trans-unit>
<trans-unit id="51"><source>Help us fund this campaign. Give whatever you can now using the safe and secure paypal form below.</source><target>Help us fund this campaign. Give whatever you can now using the safe and secure paypal form below.</target></trans-unit>
<trans-unit id="52"><source>Amount</source><target>Amount</target></trans-unit>
<trans-unit id="53"><source>Last signers</source><target>Last signers</target></trans-unit>
<trans-unit id="54"><source>All signers</source><target>All signers</target></trans-unit>
<trans-unit id="61"><source>Back</source><target>Back</target></trans-unit>
<trans-unit id="62"><source>Background</source><target>Background</target></trans-unit>
<trans-unit id="63"><source>Read more</source><target>Read more</target></trans-unit>
<trans-unit id="64"><source>More actions</source><target>Start your own petition!</target></trans-unit>
<trans-unit id="66"><source># Participants</source><target># participants</target></trans-unit>
<trans-unit id="67"><source># emails sent</source><target># emails sent</target></trans-unit>
<trans-unit id="68"><source>The action starts on #DATE#. Stay tuned and spread the word!</source><target>The action starts on #DATE#. Stay tuned and spread the word!</target></trans-unit>
<trans-unit id="69"><source>This action is over. Thanks to the #COUNTER# people who signed-up!</source><target>This action is over. Thanks to the #COUNTER# people who signed-up!</target></trans-unit>
<trans-unit id="70"><source>select</source><target>Select</target></trans-unit>
<trans-unit id="71"><source>select all</source><target>Send to all</target></trans-unit>
<trans-unit id="72"><source>Recipient(s)</source><target>Recipient(s)</target></trans-unit>
<trans-unit id="81"><source>Embed this</source><target>Embed this</target></trans-unit>
<trans-unit id="82"><source>Organisation</source><target>Organisation</target></trans-unit>
<trans-unit id="83"><source>Register your widget</source><target>Register your widget</target></trans-unit>
<trans-unit id="84"><source>Generate widget</source><target>Generate widget</target></trans-unit>
<trans-unit id="85"><source>Change widget</source><target>Change widget</target></trans-unit>
<trans-unit id="86"><source>Embed this code</source><target>Embed this code</target></trans-unit>
<trans-unit id="101"><source>Customise your widget</source><target>Customise your widget</target></trans-unit>
<trans-unit id="102"><source>Widget type</source><target>Widget type</target></trans-unit>
<trans-unit id="103"><source>Embed</source><target>Embed</target></trans-unit>
<trans-unit id="104"><source>Popup</source><target>Popup</target></trans-unit>
<trans-unit id="105"><source>Email Validation Landingpage - auto forwarding to external page</source><target>Opt-In Confirmation Email Landing-Page (http://…)</target></trans-unit>
<trans-unit id="106"><source>Width</source><target>Width</target></trans-unit>
<trans-unit id="107"><source>You may define a precise widget width. Select "auto" and the widget will adapt to the space available (max: 1000px). Should there be less than 440px width available, contents will display in one column (instead of two) with the sign-on-form below the petition text. On mobile devices with less than 768px device-width, the widget-width is set to 360px for smooth reading on smartphones.</source><target>You may define a precise widget width. Select "auto" and the widget will adapt to the space available (max: 1000px). Should there be less than 440px width available, contents will display in one column (instead of two) with the sign-on-form below the petition text. On mobile devices with less than 768px device-width, the widget-width is set to 360px for smooth reading on smartphones.</target></trans-unit>
<trans-unit id="108"><source>Text title</source><target>Title, left </target></trans-unit>
<trans-unit id="109"><source>Text body</source><target>Text</target></trans-unit>
<trans-unit id="110"><source>Button</source><target>Button</target></trans-unit>
<trans-unit id="111"><source>Backgr left</source><target>Backgr. left</target></trans-unit>
<trans-unit id="121"><source>Backgr right</source><target>Backgr. right</target></trans-unit>
<trans-unit id="122"><source>Form title</source><target>Title, right </target></trans-unit>
<trans-unit id="123"><source>Customise contents: use your own words to convince your target group. To change the title, introduction and background texts, copy the texts from the edit fields into a text editor, make your changes and paste them back into the edit fields. Thereafter, adapt the width and the colours to seamlessly integrate the widget into your website design.</source><target>Customise contents: use your own words to convince your target group. To change the title, introduction and background texts, copy the texts from the edit fields into a text editor, make your changes and paste them back into the edit fields. Thereafter, adapt the width and the colours to seamlessly integrate the widget into your website design.</target></trans-unit>
<trans-unit id="124"><source>Title</source><target>Title</target></trans-unit>
<trans-unit id="125"><source>Target, Subheading</source><target>Target, Subheading</target></trans-unit>
<trans-unit id="126"><source>Intro</source><target>Intro</target></trans-unit>
<trans-unit id="127"><source>Body</source><target>Body</target></trans-unit>
<trans-unit id="128"><source>Footer</source><target>Footer</target></trans-unit>
<trans-unit id="129"><source>Subject</source><target>Subject</target></trans-unit>
<trans-unit id="130"><source>Email body</source><target>Email body</target></trans-unit>
<trans-unit id="131"><source>Choose 'Embed' to have this box ("widget") embedded into your webpage, including texts and action-form. Visitors can instantly read all and take action. However, you need at least 440px width to embed the widget. Choose 'Popup' if you lack sufficient space on your webpage. You will get a small box ("teaser") with flexible width (at least 150px). If visitors click on the teaser, the big action-widget pops up.</source><target>Choose 'Embed' to have this box ("widget") embedded into your webpage, including texts and action-form. Visitors can instantly read all and take action. However, you need at least 440px width to embed the widget. Choose 'Popup' if you lack sufficient space on your webpage. You will get a small box ("teaser") with flexible width (at least 150px). If visitors click on the teaser, the big action-widget pops up.</target></trans-unit>
<trans-unit id="166"><source>Target #</source><target>Target #</target></trans-unit>
<trans-unit id="201"><source>Hello</source><target>Hello</target></trans-unit>
<trans-unit id="202"><source>Dear Madam %F %L,</source><target>Dear %F %L,</target></trans-unit>
<trans-unit id="203"><source>Dear Sir %F %L,</source><target>Dear %F %L,</target></trans-unit>
<trans-unit id="204"><source>Dear Sir/Madam %F %L,</source><target>Dear %F %L,</target></trans-unit>
<trans-unit id="301"><source>Yes</source><target>Yes</target></trans-unit>
<trans-unit id="302"><source>No</source><target>No</target></trans-unit>
<trans-unit id="303"><source>No comment</source><target>No comment</target></trans-unit>
<trans-unit id="304"><source>Secure your pledge page with a password (optional).</source><target>Secure your pledge page with a password (optional).</target></trans-unit>
<trans-unit id="305"><source>Change your password (optional).</source><target>Change your password (optional).</target></trans-unit>
<trans-unit id="306"><source>Passwords do not match.</source><target>Passwords do not match.</target></trans-unit>
<trans-unit id="307"><source>Password is too short. Use at least 8 characters.</source><target>Password is too short. Use at least 8 characters.</target></trans-unit>
<trans-unit id="308"><source>Save &amp; submit my pledges</source><target>Save &amp; submit my pledges</target></trans-unit>
<trans-unit id="309"><source>Please enter your password.</source><target>Please enter your password.</target></trans-unit>
<trans-unit id="310"><source>Company</source><target>Company</target></trans-unit>
<trans-unit id="311"><source>Party</source><target>Party</target></trans-unit>
<trans-unit id="312"><source>Electorate</source><target>Electorate</target></trans-unit>
<trans-unit id="313"><source>Recipients</source><target>Recipients</target></trans-unit>
<trans-unit id="314"><source>Read pledge text</source><target>Read pledge text</target></trans-unit>
<trans-unit id="315"><source>Password</source><target>Password</target></trans-unit>
<trans-unit id="316"><source>Password again</source><target>Password again</target></trans-unit>
<trans-unit id="317"><source>Enter</source><target>Enter</target></trans-unit>
<trans-unit id="318"><source>I pledged on #DATE#</source><target>I pledged on #DATE#</target></trans-unit>
<trans-unit id="400"><source>Attention: You will receive a confirmation email. Check your email inbox (and junk folder) now! To confirm your action, click the link given in the email.</source><target>Attention: You will receive a confirmation email. Check your email inbox (and junk folder) now! To confirm your action, click the link given in the email.</target></trans-unit>
<trans-unit id="401"><source>Attention: You've already taken part in this action (maybe on another website).</source><target>Attention: You've already taken part in this action (maybe on another website).</target></trans-unit>
<trans-unit id="402"><source>Your email is being validated, please wait!</source><target>Your email is being validated, please wait!</target></trans-unit>
<trans-unit id="403"><source>You verified your email address.</source><target>You verified your email address. </target></trans-unit>
<trans-unit id="404"><source>Your action is confirmed.</source><target>Your action is confirmed. </target></trans-unit>
<trans-unit id="405"><source>Use this moment to tell friends and family.</source><target>Use this moment to tell friends and family.</target></trans-unit>
<trans-unit id="406"><source>Your statement of support has been submitted successfully.</source><target>Thank you for your participation! You have signed the ECI. </target></trans-unit>
<trans-unit id="407"><source>Signature identifier</source><target>Your signature will be registered with the EU Commission under the signature identifier</target></trans-unit>
<trans-unit id="408"><source>Yes, please</source><target>Yes</target></trans-unit>
<trans-unit id="409"><source>No, thank you</source><target>No</target></trans-unit>
<trans-unit id="410"><source>Become part of the movement</source><target>Sign up to the newsletter</target></trans-unit>
<trans-unit id="411"><source>Join now</source><target>Join now</target></trans-unit>
<trans-unit id="412"><source>Confirm and continue</source><target>Confirm and continue</target></trans-unit>
<trans-unit id="413"><source>Skip and go directly to signing the initiative in step 2</source><target>Skip and go directly to signing the initiative in step 2</target></trans-unit>
<trans-unit id="414"><source>Why do I have to share all this information?</source><target>Why do I have to share all this information?</target></trans-unit>
<trans-unit id="415"><source>Your national government decides what information you need to provide for a European Citizens' Initiative so that your signature can be validated and counted. Therefore, please fill in all lines. (Your data will be transmitted securely and encrypted. Your data can only be accessed by national authorities for verification purposes.)</source><target>Your national government decides what information you need to provide for a European Citizens' Initiative so that your signature can be validated and counted. Therefore, please fill in all lines. (Your data will be transmitted securely and encrypted. Your data can only be accessed by national authorities for verification purposes.)</target></trans-unit>
<trans-unit id="416"><source>Sign up and become part of the movement.</source><target>&nbsp;</target></trans-unit>
</body>
</file>
</xliff>
