﻿<?xml version="1.0" encoding="UTF-8"?>
<!DOCTYPE xliff PUBLIC "-//XLIFF//DTD XLIFF//EN" "http://www.oasis-open.org/committees/xliff/documents/xliff.dtd">
<xliff version="1.0">
<file source-language="EN" target-language="eu" datatype="plaintext" original="messages" date="2019-03-08T13:53:17Z" product-name="messages">
<header/>
<body>
<trans-unit id="1"><source>Petition</source><target>Eskaera</target></trans-unit>
<trans-unit id="2"><source>Email action</source><target>Posta ekintza</target></trans-unit>
<trans-unit id="3"><source>Initiative</source><target>Ekimena</target></trans-unit>
<trans-unit id="4"><source>Appeal</source><target>Eskaera</target></trans-unit>
<trans-unit id="5"><source>Community</source><target>Komunitatea</target></trans-unit>
<trans-unit id="6"><source>Newsletter</source><target>Buletina</target></trans-unit>
<trans-unit id="7"><source>Join</source><target>Bat egin</target></trans-unit>
<trans-unit id="8"><source>Sign up</source><target>Izena eman</target></trans-unit>
<trans-unit id="9"><source>Sign up to the newsletter</source><target>Buletinean izena eman</target></trans-unit>
<trans-unit id="11"><source>Sign the Petition</source><target>Eskaera sinatu</target></trans-unit>
<trans-unit id="12"><source>Send an Email</source><target>Posta bidali</target></trans-unit>
<trans-unit id="13"><source>Support</source><target>Laguntza</target></trans-unit>
<trans-unit id="14"><source>Take action</source><target>Ardura hartu</target></trans-unit>
<trans-unit id="15"><source>Sign</source><target>Izenpetu</target></trans-unit>
<trans-unit id="16"><source>Send</source><target>Bidali</target></trans-unit>
<trans-unit id="17"><source>Subscribe</source><target>Harpidetu</target></trans-unit>
<trans-unit id="18"><source>Support the initiative</source><target>Ekimena babestu</target></trans-unit>
<trans-unit id="19"><source>Support the appeal</source><target>Eskaera sostengatu</target></trans-unit>
<trans-unit id="20"><source>Join the community</source><target>Komunitatearekin bat egin</target></trans-unit>
<trans-unit id="21"><source>Name</source><target>Izena</target></trans-unit>
<trans-unit id="22"><source>Full name</source><target>Izen osoa</target></trans-unit>
<trans-unit id="23"><source>First name</source><target>Izena</target></trans-unit>
<trans-unit id="24"><source>Last name</source><target>Abizena</target></trans-unit>
<trans-unit id="25"><source>Mr</source><target>Jauna</target></trans-unit>
<trans-unit id="26"><source>Mrs</source><target>Anderea</target></trans-unit>
<trans-unit id="27"><source>Mrs/Mr</source><target>Jaun/andrea</target></trans-unit>
<trans-unit id="28"><source>City</source><target>Herria/Hiria</target></trans-unit>
<trans-unit id="29"><source>Post code</source><target>Posta-kodea</target></trans-unit>
<trans-unit id="30"><source>Country</source><target>Herrialdea</target></trans-unit>
<trans-unit id="31"><source>Address</source><target>Helbidea</target></trans-unit>
<trans-unit id="32"><source>Email address</source><target>Posta elektronikoa</target></trans-unit>
<trans-unit id="33"><source>Personal comment</source><target>Komentarioak</target></trans-unit>
<trans-unit id="34"><source>Privacy policy</source><target>Pribatutasun politika</target></trans-unit>
<trans-unit id="35"><source>Keep me posted on this and similar campaigns.</source><target>Kanpaina hau eta antzekoei buruz informa nazazu</target></trans-unit>
<trans-unit id="36"><source>Reminder:</source><target>Oroigarria:</target></trans-unit>
<trans-unit id="37"><source>By signing, I agree with the _privacy policy_.</source><target>_Pribatutasun politikarekin_ bat nator sinatzearekin batera</target></trans-unit>
<trans-unit id="41"><source>Thank you</source><target>Eskerrik asko</target></trans-unit>
<trans-unit id="42"><source>Attention: You will receive a confirmation email. Check your email inbox (and junk folder) now! To confirm your action, click the link given in the email.</source><target>Adi: baieztapen mezu elektroniko bat jasoko duzu. Zure postontzia (eta zabor karpeta) begira ezazu orain! Zure eskaera baieztatzeko, mezuan datorren estekan klik egin.</target></trans-unit>
<trans-unit id="43"><source>Attention: You've already taken part in this action (maybe on another website).</source><target>Adi: jada parte hartu duzu ekintza honetan (agian beste web orri batean).</target></trans-unit>
<trans-unit id="44"><source>Your email is being validated, please wait!</source><target>Zure posta elektronikoa balioztatzen ari da, itxaron mesedez!</target></trans-unit>
<trans-unit id="45"><source>You verified your email address. Your action is confirmed. Use this moment to tell friends and family.</source><target>Posta elektronikoa egiaztatu duzu. Ekintza baieztatua izan da. Esan orain familia eta lagunei!</target></trans-unit>
<trans-unit id="46"><source>Share</source><target>Partekatu</target></trans-unit>
<trans-unit id="47"><source>Tell your friends</source><target>Esan lagunei</target></trans-unit>
<trans-unit id="48"><source>Separate email addresses with a comma.</source><target>Posta helbideak koma bidez banatu.</target></trans-unit>
<trans-unit id="49"><source>We have sent an email with information about this campaign to the address(es) specified.</source><target>Kanpaina honi buruzko informazioa adierazitako postetara bidali dugu.</target></trans-unit>
<trans-unit id="50"><source>Donate</source><target>Eman</target></trans-unit>
<trans-unit id="51"><source>Help us fund this campaign. Give whatever you can now using the safe and secure paypal form below.</source><target>Kanpaina hau finantzatzen lagundu. Eman ahal duzuna era seguruan behean ageri den paypal orriaren bitartez.</target></trans-unit>
<trans-unit id="52"><source>Amount</source><target>Zenbatekoa</target></trans-unit>
<trans-unit id="53"><source>Last signers</source><target>Azken sinatzaileak</target></trans-unit>
<trans-unit id="54"><source>All signers</source><target>Sinatzaile guztiak</target></trans-unit>
<trans-unit id="61"><source>Back</source><target>Atzera</target></trans-unit>
<trans-unit id="62"><source>Background</source><target>Aurrekariak</target></trans-unit>
<trans-unit id="63"><source>Read more</source><target>Gehiago irakurri</target></trans-unit>
<trans-unit id="64"><source>More actions</source><target>Ekintza gehiago</target></trans-unit>
<trans-unit id="65"><source>PP Heading</source><target>Pribatutasun politika</target></trans-unit>
<trans-unit id="66"><source># Participants</source><target># parte hartzaile</target></trans-unit>
<trans-unit id="67"><source># emails sent</source><target># mezu bidaliak</target></trans-unit>
<trans-unit id="68"><source>The action starts on #DATE#. Stay tuned and spread the word!</source><target>Ekintza #DATE#an hasten da. Adi egon eta zabaldu mezua!</target></trans-unit>
<trans-unit id="69"><source>This action is over. Thanks to the #COUNTER# people who signed-up!</source><target>Ekintza amaitu da. Eskerrik asko sinatu duzuen #COUNTER# pertsonei!</target></trans-unit>
<trans-unit id="70"><source>select</source><target>Aukeratu</target></trans-unit>
<trans-unit id="71"><source>select all</source><target>Dena aukeratu</target></trans-unit>
<trans-unit id="72"><source>Recipient(s)</source><target>Hartzailea(k)</target></trans-unit>
<trans-unit id="81"><source>Embed this</source><target>Hau sartu</target></trans-unit>
<trans-unit id="82"><source>Organisation</source><target>Erakundea</target></trans-unit>
<trans-unit id="83"><source>Register your widget</source><target>Erregistratu zure widgeta</target></trans-unit>
<trans-unit id="84"><source>Generate widget</source><target>Widgeta sortu</target></trans-unit>
<trans-unit id="85"><source>Change widget</source><target>Widgeta aldatu</target></trans-unit>
<trans-unit id="86"><source>Embed this code</source><target>Txertatu kodea</target></trans-unit>
<trans-unit id="101"><source>Customise your widget</source><target>Zure widgeta pertsonalizatu</target></trans-unit>
<trans-unit id="102"><source>Widget type</source><target>Widget mota</target></trans-unit>
<trans-unit id="103"><source>Embed</source><target>Txertatua</target></trans-unit>
<trans-unit id="104"><source>Popup</source><target>Leiho gainerakorra</target></trans-unit>
<trans-unit id="105"><source>Email Validation Landingpage - auto forwarding to external page</source><target>Posta balioztatze helbide orria - kanpo orrialdera berbidalketa automatikoa</target></trans-unit>
<trans-unit id="106"><source>Width</source><target>Zabalera</target></trans-unit>
<trans-unit id="107"><source>You may define a precise widget width. Select "auto" and the widget will adapt to the space available (max: 1000px). Should there be less than 440px width available, contents will display in one column (instead of two) with the sign-on-form below the petition text. On mobile devices with less than 768px device-width, the widget-width is set to 360px for smooth reading on smartphones.</source><target>Widget zabalera zehatza hautatu dezakezu. Aukeratu "auto" eta dagoen lekura egokituko da widgeta (1000 px gehienez). 440 pxeko zabalera baino gutxiago balego, edukia bi zutabetan ageriko da (batean izan ordez) eta saio hasiera formularioa eskaera testuaren azpian ageriko da. 768 px baino gutxiagoko gailu mugikorretan, widgetaren zabalera 360 pxkoa izango da, irakurketa erosoagoa bideratzeko.</target></trans-unit>
<trans-unit id="108"><source>Text title</source><target>Testuaren izenburua</target></trans-unit>
<trans-unit id="109"><source>Text body</source><target>Testuaren gorputza</target></trans-unit>
<trans-unit id="110"><source>Button</source><target>Botoia</target></trans-unit>
<trans-unit id="111"><source>Backgr left</source><target>Ezkerreko atzealdea</target></trans-unit>
<trans-unit id="121"><source>Backgr right</source><target>Eskubiko atzealdea</target></trans-unit>
<trans-unit id="122"><source>Form title</source><target>Formularioaren izenburua</target></trans-unit>
<trans-unit id="123"><source>Customise contents: use your own words to convince your target group. To change the title, introduction and background texts, copy the texts from the edit fields into a text editor, make your changes and paste them back into the edit fields. Thereafter, adapt the width and the colours to seamlessly integrate the widget into your website design.</source><target>Pertsonalizatu edukiak: erabili zure hitzak xede taldea konbentzitzeko. Kopiatu edizio eremuko testuak editore batean, egin aldaketak eta itsatsi berriz edizio eremuan, izenburua, sarrera eta atzealdeko testuak aldatzeko. Zabalera eta koloreak moldatu widgetak zure web orriko diseinuarekin bat egin dezan.</target></trans-unit>
<trans-unit id="124"><source>Title</source><target>Izenburua</target></trans-unit>
<trans-unit id="125"><source>Target, Subheading</source><target>Xedea, izenburua</target></trans-unit>
<trans-unit id="126"><source>Intro</source><target>Sarrera</target></trans-unit>
<trans-unit id="127"><source>Body</source><target>Gorputza</target></trans-unit>
<trans-unit id="128"><source>Footer</source><target>Orri oina</target></trans-unit>
<trans-unit id="129"><source>Subject</source><target>Gaia</target></trans-unit>
<trans-unit id="130"><source>Email body</source><target>Mezuaren gorputza</target></trans-unit>
<trans-unit id="131"><source>Choose 'Embed' to have this box ("widget") embedded into your webpage, including texts and action-form. Visitors can instantly read all and take action. However, you need at least 440px width to embed the widget. Choose 'Popup' if you lack sufficient space on your webpage. You will get a small box ("teaser") with flexible width (at least 150px). If visitors click on the teaser, the big action-widget pops up.</source><target>Aukeratu “txertatu” laukia (“widgeta”) zure web orrian txertatzeko, baita testuak eta ekintza orria ere. Berehala irakurri eta parte hartzeko aukera izango dute bisitariek. Edozein eratara, 440 pxko eremua beharko duzu, gutxienez, widgeta txertatzeko. Aukeratu “sortu” zure web orrian nahiko leku ez badaukazu. Zabalera malguko aurrerapen lauki txiki bat (“teaser”) sortuko da (150 px gutxienez). Bisitariek aurrerapenean klik egiten badute, ekintza widget handia irekiko da.</target></trans-unit>
<trans-unit id="166"><source>Target #</source><target>Xedea #</target></trans-unit>
<trans-unit id="201"><source>Hello</source><target>Kaixo</target></trans-unit>
<trans-unit id="202"><source>Dear Madam %F %L,</source><target>Andere agurgarria</target></trans-unit>
<trans-unit id="203"><source>Dear Sir %F %L,</source><target>Jaun agurgarria</target></trans-unit>
<trans-unit id="204"><source>Dear Sir/Madam %F %L,</source><target>Jaun/andere agurgarria</target></trans-unit>
<trans-unit id="301"><source>Yes</source><target>Bai</target></trans-unit>
<trans-unit id="302"><source>No</source><target>Ez</target></trans-unit>
<trans-unit id="303"><source>No comment</source><target>Komentariorik gabe</target></trans-unit>
<trans-unit id="304"><source>Secure your pledge page with a password (optional).</source><target>Segurtatu zure konpromiso orria pasahitz batekin (hautazkoa)</target></trans-unit>
<trans-unit id="305"><source>Change your password (optional).</source><target>Pasahitza aldatu (hautazkoa)</target></trans-unit>
<trans-unit id="306"><source>Passwords do not match.</source><target>Pasahitzak ez datoz bat</target></trans-unit>
<trans-unit id="307"><source>Password is too short. Use at least 8 characters.</source><target>Pasahitza motzegia da. Erabili 8 karaktere gutxienez.</target></trans-unit>
<trans-unit id="308"><source>Save &amp; submit my pledges</source><target>Gorde eta bidali nire konpromisoak</target></trans-unit>
<trans-unit id="309"><source>Please enter your password.</source><target>Sartu zure pasahitza mesedez.</target></trans-unit>
<trans-unit id="310"><source>Company</source><target>Enpresa</target></trans-unit>
<trans-unit id="311"><source>Party</source><target>Alderdia</target></trans-unit>
<trans-unit id="312"><source>Electorate</source><target>Hautesleria</target></trans-unit>
<trans-unit id="313"><source>Recipients</source><target>Jasotzaileak</target></trans-unit>
<trans-unit id="314"><source>Read pledge text</source><target>Irakurri konpromiso orria</target></trans-unit>
<trans-unit id="315"><source>Password</source><target>Pasahitza</target></trans-unit>
<trans-unit id="316"><source>Password again</source><target>Pasahitza berriro</target></trans-unit>
<trans-unit id="317"><source>Enter</source><target>Sartu</target></trans-unit>
<trans-unit id="318"><source>I pledged on #DATE#</source><target>#DATE#rako hitzematen dut</target></trans-unit>
</body>
</file>
</xliff>
