﻿<?xml version="1.0" encoding="UTF-8"?>
<!DOCTYPE xliff PUBLIC "-//XLIFF//DTD XLIFF//EN" "http://www.oasis-open.org/committees/xliff/documents/xliff.dtd">
<xliff version="1.0">
<file source-language="EN" target-language="no" datatype="plaintext" original="messages" date="2010-04-08T13:53:17Z" product-name="messages">
<header/>
<body>
<trans-unit id="1"><source>Petition</source><target>Underskriftskampanje</target></trans-unit>
<trans-unit id="2"><source>Email action</source><target>Epostkampanje</target></trans-unit>
<trans-unit id="3"><source>Initiative</source><target>Initiative </target></trans-unit>
<trans-unit id="4"><source>Network-News</source><target>Nettverksnyheter</target></trans-unit>
<trans-unit id="11"><source>Sign the Petition</source><target>Skriv under</target></trans-unit>
<trans-unit id="12"><source>Send an Email</source><target>Send en epost</target></trans-unit>
<trans-unit id="13"><source>Support</source><target>Støtte </target></trans-unit>
<trans-unit id="14"><source>Take action</source><target>Handle</target></trans-unit>
<trans-unit id="15"><source>Sign</source><target>Skriv under</target></trans-unit>
<trans-unit id="16"><source>Send</source><target>Send</target></trans-unit>
<trans-unit id="17"><source>Subscribe</source><target>Abonner</target></trans-unit>
<trans-unit id="18"><source>Support the initiative</source><target>Signere initiativet</target></trans-unit>
<trans-unit id="21"><source>Name</source><target>Navn</target></trans-unit>
<trans-unit id="22"><source>Full name</source><target>Fullt navn</target></trans-unit>
<trans-unit id="23"><source>First name</source><target>Fornavn</target></trans-unit>
<trans-unit id="24"><source>Last name</source><target>Etternavn</target></trans-unit>
<trans-unit id="25"><source>Mr</source><target>Herr</target></trans-unit>
<trans-unit id="26"><source>Mrs</source><target>Fru</target></trans-unit>
<trans-unit id="27"><source>Mrs/Mr</source><target>Fr/Hr</target></trans-unit>
<trans-unit id="28"><source>City</source><target>Sted</target></trans-unit>
<trans-unit id="29"><source>Post code</source><target>Postnummer</target></trans-unit>
<trans-unit id="30"><source>Country</source><target>Land</target></trans-unit>
<trans-unit id="31"><source>Address</source><target>Adresse</target></trans-unit>
<trans-unit id="32"><source>Email address</source><target>Epostadresse</target></trans-unit>
<trans-unit id="33"><source>Comment</source><target>Kommenter</target></trans-unit>
<trans-unit id="34"><source>Privacy policy</source><target>Jeg har lest og akseptert personvernerklæringen</target></trans-unit>
<trans-unit id="35"><source>Keep me posted on this and similar campaigns.</source><target>Send meg informasjon om denne og tilsvarende kampanjer</target></trans-unit>
<trans-unit id="36"><source>Reminder:</source><target>Reminder:</target></trans-unit>
<trans-unit id="41"><source>Thank you</source><target>Takk</target></trans-unit>
<trans-unit id="42"><source>Attention: You will receive a confirmation email. Check your email inbox (and junk folder) now! To confirm your action, click the link given in the email.</source><target>OBS! Du vil få tilsendt en bekreftelse-epost. Sjekk innboksen din (evt. i spam-folderen) nå! For å bekrefe så klikk på lenken i eposten.</target></trans-unit>
<trans-unit id="43"><source>Attention: You've already taken part in this action (maybe on another website).</source><target>OBS! Du har allerede skrevet under på denne kampanjen (kanskje på en annen nettside).</target></trans-unit>
<trans-unit id="44"><source>Your email is being validated, please wait!</source><target>Din e-post blir validert, vennligst vent! </target></trans-unit>
<trans-unit id="45"><source>You verified your email address. Your action is confirmed. Use this moment to tell friends and family.</source><target>Takk for at du bekreftet din epost-adresse. Underskriften din er nå registrert. Nå er det på tide å spre ordet til venner og familie.</target></trans-unit>
<trans-unit id="46"><source>Share</source><target>Del</target></trans-unit>
<trans-unit id="47"><source>Tell your friends</source><target>Spre til dine venner</target></trans-unit>
<trans-unit id="48"><source>Separate email addresses with a comma.</source><target>Skill epostadresser med komma.</target></trans-unit>
<trans-unit id="49"><source>We have sent an email with information about this campaign to the address(es) specified.</source><target>Vi har sendt en epost med informasjon om denne kampanjen til adressen(e) du la inn.</target></trans-unit>
<trans-unit id="50"><source>Donate</source><target>Donasjon</target></trans-unit>
<trans-unit id="51"><source>Help us fund this campaign. Give whatever you can now using the safe and secure paypal form below.</source><target>Hjelp oss med å finansiere kampanjen. Du kan gi et lite eller stort bidrag ved å bruke den sikre PayPal-formen under.</target></trans-unit>
<trans-unit id="52"><source>Amount</source><target>Beløp</target></trans-unit>
<trans-unit id="61"><source>Back</source><target>Tilbake</target></trans-unit>
<trans-unit id="62"><source>Background</source><target>Bakgrunn</target></trans-unit>
<trans-unit id="63"><source>Read more</source><target>Les mer</target></trans-unit>
<trans-unit id="64"><source>More actions</source><target>Start oppropet!</target></trans-unit>
<trans-unit id="65"><source>PP Heading</source><target>Personvern</target></trans-unit>
<trans-unit id="66"><source>people so far</source><target>underskrifter så langt</target></trans-unit>
<trans-unit id="67"><source>emails sent</source><target>e-poster sendt</target></trans-unit>
<trans-unit id="68"><source>The action starts on #DATE#. Stay tuned and spread the word!</source><target>Handlingen starter på #DATE#. Følg med og spre ordet! </target></trans-unit>
<trans-unit id="69"><source>This action is over. Thanks to the #COUNTER# people who signed-up!</source><target>Denne handlingen er over. Takk til #COUNTER# folk som signerte-up! </target></trans-unit>
<trans-unit id="70"><source>select</source><target>velg</target></trans-unit>
<trans-unit id="71"><source>select all</source><target>velg alle</target></trans-unit>
<trans-unit id="72"><source>Recipient(s)</source><target>Mottager(e)</target></trans-unit>
<trans-unit id="81"><source>Embed this</source><target>Bygg inn dette</target></trans-unit>
<trans-unit id="82"><source>Organisation</source><target>Organisasjon</target></trans-unit>
<trans-unit id="83"><source>Register your widget</source><target>Registrer din widget</target></trans-unit>
<trans-unit id="84"><source>Generate widget</source><target>Lag widget</target></trans-unit>
<trans-unit id="85"><source>Change widget</source><target>Endre widget</target></trans-unit>
<trans-unit id="86"><source>Embed this code</source><target>Bygg inn kode</target></trans-unit>
<trans-unit id="101"><source>Customise your widget</source><target>Tilpass din widget</target></trans-unit>
<trans-unit id="102"><source>Widget type</source><target>Widget-type</target></trans-unit>
<trans-unit id="103"><source>Embed</source><target>Innebygging</target></trans-unit>
<trans-unit id="104"><source>Popup</source><target>Popup</target></trans-unit>
<trans-unit id="105"><source>Email Validation Landingpage - auto forwarding to external page</source><target>Opt-in e-postbekreftelse Landing (http: // ...) </target></trans-unit>
<trans-unit id="106"><source>Width</source><target>Bredde</target></trans-unit>
<trans-unit id="107"><source>You may define a precise widget width. Select "auto" and the widget will adapt to the space available (max: 1000px). Should there be less than 440px width available, contents will display in one column (instead of two) with the sign-on-form below the petition text. On mobile devices with less than 768px device-width, the widget-width is set to 360px for smooth reading on smartphones.</source><target>Du kan definere en presis widget bredde. Velg "auto" og widgeten vil tilpasse seg den tilgjengelige plassen (maks: 1000px). Skulle det være mindre enn 440px bredde tilgjengelig, vil innholdet vises i en kolonne (i stedet for to) med sign-on-skjemaet nedenfor begjæringen teksten. På mobile enheter med mindre enn 768px enhets bredde, blir det widget-bredde satt til 360px for jevn lesing på smarttelefoner.</target></trans-unit>
<trans-unit id="108"><source>Text title</source><target>Tittel, venstre </target></trans-unit>
<trans-unit id="109"><source>Text body</source><target>tekst </target></trans-unit>
<trans-unit id="110"><source>Button</source><target>Button </target></trans-unit>
<trans-unit id="111"><source>Backgr left</source><target>Bakgr venstre</target></trans-unit>
<trans-unit id="121"><source>Backgr right</source><target>Bakgr høyre</target></trans-unit>
<trans-unit id="122"><source>Form title</source><target>Tittel, ikke sant</target></trans-unit>
<trans-unit id="123"><source>Customise contents: use your own words to convince your target group. To change the title, introduction and background texts, copy the texts from the edit fields into a text editor, make your changes and paste them back into the edit fields. Thereafter, adapt the width and the colours to seamlessly integrate the widget into your website design.</source><target>Tilpass teksten og bruk dine egne ord for å nå fram til din målgruppe. For å endre tittel, introduksjon og bakgrunnstekst, kopier tekstene fra redigeringsfeltet inn i et tekstbehandlingsprogram, gjør endringer og lim det tilbake inn i redigeringsfeltet. Tilpass deretter bredde og farger for å integrere widget med designet på din webside.</target></trans-unit>
<trans-unit id="124"><source>Title</source><target>Tittel</target></trans-unit>
<trans-unit id="125"><source>Target, Subheading</source><target>Mottakere, Underoverskrift</target></trans-unit>
<trans-unit id="126"><source>Intro</source><target>Intro</target></trans-unit>
<trans-unit id="127"><source>Body</source><target>Innhold</target></trans-unit>
<trans-unit id="128"><source>Footer</source><target>Bunntekst</target></trans-unit>
<trans-unit id="129"><source>Subject</source><target>Emne</target></trans-unit>
<trans-unit id="130"><source>Email body</source><target>Epost-tekst</target></trans-unit>
<trans-unit id="131"><source>Choose 'Embed' to have this box ("widget") embedded into your webpage, including texts and action-form. Visitors can instantly read all and take action. However, you need at least 440px width to embed the widget. Choose 'Popup' if you lack sufficient space on your webpage. You will get a small box ("teaser") with flexible width (at least 150px). If visitors click on the teaser, the big action-widget pops up.</source><target>Velg "Bygg inn" for å ha denne boksen ("widget") plassert på din nettside, inkludert tekst og underskriftsform. Lesere kan med en gang lese alt og skrive under. Vær oppmerksom på at du trenger 440px bredde for å bygge inn widgeten. Velg "Popup" hvis du ikke har nok plass på din webside. Da får du en liten boks ("teaser") med fleksibel bredde (minst 150px). Når leserne klikker på "teaseren" popper den store aksjonswidgeten opp.</target></trans-unit>
<trans-unit id="201"><source>Hello</source><target>Hei </target></trans-unit>
<trans-unit id="202"><source>Dear Madam %F %L,</source><target>Kjære %F %L,</target></trans-unit>
<trans-unit id="203"><source>Dear Sir %F %L,</source><target>Kjære %F %L,</target></trans-unit>
<trans-unit id="204"><source>Dear Sir/Madam %F %L,</source><target>Kjære %F %L,</target></trans-unit>
<trans-unit id="301"><source>Yes</source><target>Ja </target></trans-unit>
<trans-unit id="302"><source>No</source><target>Nei </target></trans-unit>
<trans-unit id="303"><source>No comment</source><target>Ingen kommentar </target></trans-unit>
<trans-unit id="304"><source>Secure your pledge page with a password (optional).</source><target>Sikre pant side med et passord (valgfritt). </target></trans-unit>
<trans-unit id="305"><source>Change your password (optional).</source><target>Endre passord (valgfritt). </target></trans-unit>
<trans-unit id="306"><source>Passwords do not match.</source><target>Passordene er ikke like. </target></trans-unit>
<trans-unit id="307"><source>Password is too short. Use at least 8 characters.</source><target>Passordet er for kort. Bruk minst 8 tegn. </target></trans-unit>
<trans-unit id="308"><source>Save &amp; submit my pledges</source><target>Lagre og sende mine løfter </target></trans-unit>
<trans-unit id="309"><source>Please enter your password.</source><target>Skriv inn ditt passord. </target></trans-unit>
<trans-unit id="310"><source>Company</source><target>selskapet </target></trans-unit>
<trans-unit id="311"><source>Party</source><target>politisk parti </target></trans-unit>
<trans-unit id="312"><source>Electorate</source><target>velgerne </target></trans-unit>
<trans-unit id="313"><source>Recipients</source><target>mottakere </target></trans-unit>
<trans-unit id="314"><source>Read pledge text</source><target>Les pantet teksten. </target></trans-unit>
<trans-unit id="315"><source>Password</source><target>passord </target></trans-unit>
<trans-unit id="316"><source>Password again</source><target>passordet på nytt </target></trans-unit>
<trans-unit id="317"><source>Enter</source><target>Enter </target></trans-unit>
<trans-unit id="318"><source>I pledged on #DATE#</source><target>Jeg lovet på #DATE#</target></trans-unit>

</body>
</file>
</xliff>
