﻿<?xml version="1.0" encoding="UTF-8"?>
<!DOCTYPE xliff PUBLIC "-//XLIFF//DTD XLIFF//EN" "http://www.oasis-open.org/committees/xliff/documents/xliff.dtd">
<xliff version="1.0">
<file source-language="EN" target-language="ro" datatype="plaintext" original="messages" date="2019-10-30T13:53:17Z" product-name="messages">
<header/>
<body>
<trans-unit id="1"><source>Petition</source><target>Petiție</target></trans-unit>
<trans-unit id="2"><source>Email action</source><target>Acțiune E-mail</target></trans-unit>
<trans-unit id="3"><source>Initiative</source><target>Inițiativă</target></trans-unit>
<trans-unit id="4"><source>Appeal</source><target>Apel</target></trans-unit>
<trans-unit id="5"><source>Community</source><target>Comunitate</target></trans-unit>
<trans-unit id="6"><source>Newsletter</source><target>Newsletter</target></trans-unit>
<trans-unit id="7"><source>Join</source><target>Alătură-te</target></trans-unit>
<trans-unit id="8"><source>Sign up</source><target>Înscrieți-vă</target></trans-unit>
<trans-unit id="9"><source>Sign up to the newsletter</source><target>Abonați-vă la newsletter</target></trans-unit>
<trans-unit id="11"><source>Sign the Petition</source><target>Semnează petiția</target></trans-unit>
<trans-unit id="12"><source>Send an Email</source><target>Trimite un e-mail</target></trans-unit>
<trans-unit id="13"><source>Support</source><target>Susține</target></trans-unit>
<trans-unit id="14"><source>Take action</source><target>Acționa</target></trans-unit>
<trans-unit id="15"><source>Sign</source><target>Semnează</target></trans-unit>
<trans-unit id="16"><source>Send</source><target>Trimite</target></trans-unit>
<trans-unit id="17"><source>Subscribe</source><target>Abonează-te</target></trans-unit>
<trans-unit id="18"><source>Support the initiative</source><target>Susține inițiativa</target></trans-unit>
<trans-unit id="19"><source>Support the appeal</source><target>Susține apelul</target></trans-unit>
<trans-unit id="20"><source>Join the community</source><target>Intră în comunitate</target></trans-unit>
<trans-unit id="21"><source>Name</source><target>Nume</target></trans-unit>
<trans-unit id="22"><source>Full name</source><target>Nume complet</target></trans-unit>
<trans-unit id="23"><source>First name</source><target>Prenume</target></trans-unit>
<trans-unit id="24"><source>Last name</source><target>Nume</target></trans-unit>
<trans-unit id="25"><source>Mr</source><target>Dl.</target></trans-unit>
<trans-unit id="26"><source>Mrs</source><target>Dna.</target></trans-unit>
<trans-unit id="27"><source>Mrs/Mr</source><target>Dna./Dl.</target></trans-unit>
<trans-unit id="28"><source>City</source><target>Oraș</target></trans-unit>
<trans-unit id="29"><source>Post code</source><target>Cod poștal</target></trans-unit>
<trans-unit id="30"><source>Country</source><target>Țara</target></trans-unit>
<trans-unit id="31"><source>Address</source><target>Adresă</target></trans-unit>
<trans-unit id="32"><source>Email address</source><target>Adresă de e-mail</target></trans-unit>
<trans-unit id="33"><source>Personal comment</source><target>Comentariu</target></trans-unit>
<trans-unit id="34"><source>PP Heading</source><target>Politica de confidentialitate</target></trans-unit>
<trans-unit id="35"><source>I accept the _privacy policy_</source><target>Sunt de acord cu _politica de confidențialitate_</target></trans-unit>
<trans-unit id="36"><source>Keep me posted on this and similar campaigns.</source><target>Ține-mă la curent despre această campanie și altele asemănătoare</target></trans-unit>
<trans-unit id="37"><source>Reminder:</source><target>Reminder</target></trans-unit>
<trans-unit id="38"><source>Thank you</source><target>Mulțumesc</target></trans-unit>
<trans-unit id="46"><source>Share</source><target>Distribuie</target></trans-unit>
<trans-unit id="47"><source>Tell your friends</source><target>Spune-le prietenilor</target></trans-unit>
<trans-unit id="48"><source>Separate email addresses with a comma.</source><target>Separă adresa de e-mail cu o virgulă</target></trans-unit>
<trans-unit id="49"><source>We have sent an email with information about this campaign to the address(es) specified.</source><target>Am trimis un e-mail cu informații despre această campanie la adresa specificată de tine.</target></trans-unit>
<trans-unit id="50"><source>Donate</source><target>Donează</target></trans-unit>
<trans-unit id="51"><source>Help us fund this campaign. Give whatever you can now using the safe and secure paypal form below.</source><target>Ajută-ne să finanțăm campania. Orice sumă este binevenită. Poți să folosești paypal, sigur și rapid.</target></trans-unit>
<trans-unit id="52"><source>Amount</source><target>Suma</target></trans-unit>
<trans-unit id="53"><source>Last signers</source><target>Ultimii semnatari</target></trans-unit>
<trans-unit id="54"><source>All signers</source><target>Toți semnatarii</target></trans-unit>
<trans-unit id="61"><source>Back</source><target>Înapoi</target></trans-unit>
<trans-unit id="62"><source>Background</source><target>Context</target></trans-unit>
<trans-unit id="63"><source>Read more</source><target>Citește mai multe</target></trans-unit>
<trans-unit id="64"><source>More actions</source><target>Mai multe acțiuni</target></trans-unit>
<trans-unit id="66"><source># Participants</source><target># participanți</target></trans-unit>
<trans-unit id="67"><source># emails sent</source><target># e-mailul trimise</target></trans-unit>
<trans-unit id="68"><source>The action starts on #DATE#. Stay tuned and spread the word!</source><target>Acțiunea începe pe #DATE#. Țineți aproape și dați mai departe vestea!</target></trans-unit>
<trans-unit id="69"><source>This action is over. Thanks to the #COUNTER# people who signed-up!</source><target>Acțiunea s-a încheiat. Mulțumim celor #COUNTER# persoane care au semnat petiția.</target></trans-unit>
<trans-unit id="70"><source>select</source><target>selectează</target></trans-unit>
<trans-unit id="71"><source>select all</source><target>selectează tot</target></trans-unit>
<trans-unit id="72"><source>Recipient(s)</source><target>Destinatari</target></trans-unit>
<trans-unit id="81"><source>Embed this</source><target>Copiază codul</target></trans-unit>
<trans-unit id="82"><source>Organisation</source><target>Organizația</target></trans-unit>
<trans-unit id="83"><source>Register your widget</source><target>Înregistrează widget-ul</target></trans-unit>
<trans-unit id="84"><source>Generate widget</source><target>Generează widget-ul</target></trans-unit>
<trans-unit id="85"><source>Change widget</source><target>Schimbă widget-ul</target></trans-unit>
<trans-unit id="86"><source>Embed this code</source><target>Copiază codul</target></trans-unit>
<trans-unit id="101"><source>Customise your widget</source><target>Personalizează widget-ul</target></trans-unit>
<trans-unit id="102"><source>Widget type</source><target>Tip de widget</target></trans-unit>
<trans-unit id="103"><source>Embed</source><target>Embed</target></trans-unit>
<trans-unit id="104"><source>Popup</source><target>Popup</target></trans-unit>
<trans-unit id="105"><source>Email Validation Landingpage - auto forwarding to external page</source><target>E-mail de validare a landing page - redirecționare automată către o pagină externă</target></trans-unit>
<trans-unit id="106"><source>Width</source><target>Lățime</target></trans-unit>
<trans-unit id="107"><source>You may define a precise widget width. Select "auto" and the widget will adapt to the space available (max: 1000px). Should there be less than 440px width available, contents will display in one column (instead of two) with the sign-on-form below the petition text. On mobile devices with less than 768px device-width, the widget-width is set to 360px for smooth reading on smartphones.</source><target>Poți să definești un widget cu o lățime precisă. Selectează „auto” și widget-ul se va adapta la spațiul disponibil (max. 1000px). Ar trebui să rămână mai puțin de 440 px în lățime disponibil, iar conținutul se va afișa pe o coloană (în loc de două), cu semnează formularul de mai jos. Pe dispozitive mobile cu mai puțin de 768 lățime, lățimea widget-ului este setată la 360 px pentru o citire confortabilă.</target></trans-unit>
<trans-unit id="108"><source>Text title</source><target>Titlul textului</target></trans-unit>
<trans-unit id="109"><source>Text body</source><target>Corpul textului</target></trans-unit>
<trans-unit id="110"><source>Button</source><target>Buton</target></trans-unit>
<trans-unit id="111"><source>Backgr left</source><target>Backgr stânga</target></trans-unit>
<trans-unit id="121"><source>Backgr right</source><target>Backgr dreapta</target></trans-unit>
<trans-unit id="122"><source>Form title</source><target>Titlul formularului</target></trans-unit>
<trans-unit id="123"><source>Customise contents: use your own words to convince your target group. To change the title, introduction and background texts, copy the texts from the edit fields into a text editor, make your changes and paste them back into the edit fields. Thereafter, adapt the width and the colours to seamlessly integrate the widget into your website design.</source><target>Personalizează conținutul: folosește propriile cuvinte pentru a convinge grupul țintă. Pentru a schimba titlul, introducerea și contextul, copiază textul din spațiile de editare într-un editor de text, introdu modificările tale și copiază-le la loc în spațiile de editare. Apoi, adaptează lățimea și culoarea pentru a integra widget-ul în design-ul website-ului tău.</target></trans-unit>
<trans-unit id="124"><source>Title</source><target>Titlu</target></trans-unit>
<trans-unit id="125"><source>Target, Subheading</source><target>Grup țintă, subparagraf</target></trans-unit>
<trans-unit id="126"><source>Intro</source><target>Intro</target></trans-unit>
<trans-unit id="127"><source>Body</source><target>Corp</target></trans-unit>
<trans-unit id="128"><source>Footer</source><target>Footer</target></trans-unit>
<trans-unit id="129"><source>Subject</source><target>Subiect</target></trans-unit>
<trans-unit id="130"><source>Email body</source><target>Corpul e-mailului</target></trans-unit>
<trans-unit id="131"><source>Choose 'Embed' to have this box ("widget") embedded into your webpage, including texts and action-form. Visitors can instantly read all and take action. However, you need at least 440px width to embed the widget. Choose 'Popup' if you lack sufficient space on your webpage. You will get a small box ("teaser") with flexible width (at least 150px). If visitors click on the teaser, the big action-widget pops up.</source><target>Alege \embed\ pentru a avea această casetă (widget) încorporată în pagina web, inclusiv textele și formularele de acțiune. Vizitatorii pot vedea și acționa instant. Oricum, ai nevoie de cel puțin 440 px lățime pentru a încorpora widget-ul. Alege \Popup\ dacă nu ai sufiecient spațiu pe pagina ta web. Va apărea o căsuță \teaser\ cu lățime flexibilă (cel puțin 150 px). Dacă vizitatorii vor da click pe teaser, widget-ul va apărea</target></trans-unit>
<trans-unit id="166"><source>Target #</source><target>Țintă #</target></trans-unit>
<trans-unit id="201"><source>Hello</source><target>Salut</target></trans-unit>
<trans-unit id="202"><source>Dear Madam %F %L,</source><target>Stimată doamnă %F %L</target></trans-unit>
<trans-unit id="203"><source>Dear Sir %F %L,</source><target>Stimate domn</target></trans-unit>
<trans-unit id="204"><source>Dear Sir/Madam %F %L,</source><target>Stimate domn/doamnă</target></trans-unit>
<trans-unit id="301"><source>Yes</source><target>da</target></trans-unit>
<trans-unit id="302"><source>No</source><target>nu</target></trans-unit>
<trans-unit id="303"><source>No comment</source><target>fără comentarii</target></trans-unit>
<trans-unit id="304"><source>Secure your pledge page with a password (optional).</source><target>Securizează pagina cu o parolă (opțional)</target></trans-unit>
<trans-unit id="305"><source>Change your password (optional).</source><target>Schimbă parola</target></trans-unit>
<trans-unit id="306"><source>Passwords do not match.</source><target>Parolele nu se potrivesc</target></trans-unit>
<trans-unit id="307"><source>Password is too short. Use at least 8 characters.</source><target>Parola este prea scurtă. Folosește cel puțin 8 caractere.</target></trans-unit>
<trans-unit id="308"><source>Save &amp; submit my pledges</source><target>Salvați și trimiteți-mi angajamentele</target></trans-unit>
<trans-unit id="309"><source>Please enter your password.</source><target>Te rog, reintrodu parola</target></trans-unit>
<trans-unit id="310"><source>Company</source><target>Compania</target></trans-unit>
<trans-unit id="311"><source>Party</source><target>Partid</target></trans-unit>
<trans-unit id="312"><source>Electorate</source><target>Electorat</target></trans-unit>
<trans-unit id="313"><source>Recipients</source><target>Destinatari</target></trans-unit>
<trans-unit id="314"><source>Read pledge text</source><target>Citește textul pentru angajament</target></trans-unit>
<trans-unit id="315"><source>Password</source><target>Parola</target></trans-unit>
<trans-unit id="316"><source>Password again</source><target>Parola din nou</target></trans-unit>
<trans-unit id="317"><source>Enter</source><target>Enter</target></trans-unit>
<trans-unit id="318"><source>I pledged on #DATE#</source><target>M-am angajat pe #DATE#</target></trans-unit>
<trans-unit id="400"><source>Attention: You will receive a confirmation email. Check your email inbox (and junk folder) now! To confirm your action, click the link given in the email.</source><target>Atenție: Vei primi un e-mail de confirmare. Verifică inbox-ul (și coșul de gunoi) acum! Pentru confirmare, te rugăm să accesezi link-ul primit în e-mail.</target></trans-unit>
<trans-unit id="401"><source>Attention: You've already taken part in this action (maybe on another website).</source><target>Atenție: Deja susții această inițiativă (poate pe un alt website).</target></trans-unit>
<trans-unit id="402"><source>Your email is being validated, please wait!</source><target>E-mailul tău este în curs de validare. Te rugăm să aștepți!</target></trans-unit>
<trans-unit id="403"><source>You verified your email address.</source><target>Ți-ai verificat adresa de e-mail . </target></trans-unit>
<trans-unit id="404"><source>Your action is confirmed.</source><target>Acțiunea ta este confirmată. </target></trans-unit>
<trans-unit id="405"><source>Use this moment to tell friends and family.</source><target>Dă-le de veste prietenilor și familiei!. </target></trans-unit>
<trans-unit id="406"><source>Your statement of support has been submitted successfully.</source><target>Vă mulțumim pentru participare! Ați semnat ICE. </target></trans-unit>
<trans-unit id="407"><source>Signature identifier</source><target>Semnătura dvs. va fi înregistrată la Comisia UE sub identificatorul semnăturii</target></trans-unit>
<trans-unit id="408"><source>Yes, please</source><target>Da, vă rog</target></trans-unit>
<trans-unit id="409"><source>No, thank you</source><target>Nu, mulțumesc</target></trans-unit>
<trans-unit id="410"><source>Become part of the movement</source><target>Abonați-vă la newsletter</target></trans-unit>
<trans-unit id="411"><source>Join now</source><target>Alătură-te acum </target></trans-unit>
<trans-unit id="412"><source>Confirm and continue</source><target>Confirmă și continuă</target></trans-unit>
<trans-unit id="413"><source>Skip and go directly to signing the initiative in step 2</source><target>Treci mai departe direct la semnarea inițiativei în pasul 2</target></trans-unit>
<trans-unit id="414"><source>Why do I have to share all this information?</source><target>De ce trebuie să furnizez toate aceste informații?</target></trans-unit>
<trans-unit id="415"><source>Your national government decides what information you need to provide for a European Citizens' Initiative so that your signature can be validated and counted. Therefore, please fill in all lines. (Your data will be transmitted securely and encrypted. Your data can only be accessed by national authorities for verification purposes.)</source><target>Guvernul dvs. național decide ce informații trebuie să furnizați pentru o inițiativă cetățenească europeană, astfel încât semnătura dvs. să poată fi validată și numărată. Prin urmare, vă rugăm să completați toate rândurile. (Datele dvs. vor fi transmise în siguranță și criptate. Datele ICE pot fi accesate numai de autoritățile naționale în scopul verificării).</target></trans-unit>
<trans-unit id="416"><source>Sign up and become part of the movement.</source><target>&nbsp;</target></trans-unit>
</body>
</file>
</xliff>