﻿<?xml version="1.0" encoding="UTF-8"?>
<!DOCTYPE xliff PUBLIC "-//XLIFF//DTD XLIFF//EN" "http://www.oasis-open.org/committees/xliff/documents/xliff.dtd">
<xliff version="1.0">
<file source-language="EN" target-language="IS" datatype="plaintext" original="messages" date="2020-09-08T13:53:17Z" product-name="messages">
<header/>
<body>
<trans-unit id="1"><source>Petition</source><target>Áskorun</target></trans-unit>
<trans-unit id="2"><source>Email action</source><target>Netfang</target></trans-unit>
<trans-unit id="3"><source>Initiative</source><target>Frumkvæði</target></trans-unit>
<trans-unit id="4"><source>Appeal</source><target>Höfða til </target></trans-unit>
<trans-unit id="5"><source>Community</source><target>Samfélag</target></trans-unit>
<trans-unit id="6"><source>Newsletter</source><target>Fréttabréf</target></trans-unit>
<trans-unit id="7"><source>Join</source><target>Taka þátt</target></trans-unit>
<trans-unit id="8"><source>Sign up</source><target>Skrá mig</target></trans-unit>
<trans-unit id="9"><source>Sign up to the newsletter</source><target>Skrá mig á póstlista</target></trans-unit>
<trans-unit id="11"><source>Sign the Petition</source><target>Skrifa undir áskorunina</target></trans-unit>
<trans-unit id="12"><source>Send an Email</source><target>Senda tölvupóst</target></trans-unit>
<trans-unit id="13"><source>Support</source><target>Styðja</target></trans-unit>
<trans-unit id="14"><source>Take action</source><target>grípa til aðgerða</target></trans-unit>
<trans-unit id="15"><source>Sign</source><target>skrifa undir </target></trans-unit>
<trans-unit id="16"><source>Send</source><target>senda </target></trans-unit>
<trans-unit id="17"><source>Subscribe</source><target>Gerast áskrifandi</target></trans-unit>
<trans-unit id="18"><source>Support the initiative</source><target>Skrifa undir</target></trans-unit>
<trans-unit id="19"><source>Support the appeal</source><target>Styðja áskorunina</target></trans-unit>
<trans-unit id="20"><source>Join the community</source><target>Gerast meðlimur</target></trans-unit>
<trans-unit id="21"><source>Name</source><target>Nafn</target></trans-unit>
<trans-unit id="22"><source>Full name</source><target>Fullt nafn</target></trans-unit>
<trans-unit id="23"><source>First name</source><target>Nafn</target></trans-unit>
<trans-unit id="24"><source>Last name</source><target>Eftirnafn</target></trans-unit>
<trans-unit id="25"><source>Mr</source><target>hr</target></trans-unit>
<trans-unit id="26"><source>Mrs</source><target>fr</target></trans-unit>
<trans-unit id="27"><source>Mrs/Mr</source><target>hr/fr</target></trans-unit>
<trans-unit id="28"><source>City</source><target>Staður</target></trans-unit>
<trans-unit id="29"><source>Post code</source><target>Póstnúmer</target></trans-unit>
<trans-unit id="30"><source>Country</source><target>Land</target></trans-unit>
<trans-unit id="31"><source>Address</source><target>heimilisfang</target></trans-unit>
<trans-unit id="32"><source>Email address</source><target>netfang</target></trans-unit>
<trans-unit id="33"><source>Personal comment</source><target>Athugasemd</target></trans-unit>
<trans-unit id="34"><source>PP Heading</source><target>Persónuverndarstefna</target></trans-unit>
<trans-unit id="35"><source>I accept the _privacy policy_</source><target>Ég samþykki "_persónuverndarstefnu_"</target></trans-unit>
<trans-unit id="36"><source>Keep me posted on this and similar campaigns.</source><target>Leyfa mér að fylgjast með þessu átaki og svipuðum átökum</target></trans-unit>
<trans-unit id="37"><source>Reminder:</source><target>Áminning:</target></trans-unit>
<trans-unit id="38"><source>Thank you</source><target>Takk fyrir</target></trans-unit>
<trans-unit id="46"><source>Share</source><target>Deila</target></trans-unit>
<trans-unit id="47"><source>Tell your friends</source><target>Deila með vinum</target></trans-unit>
<trans-unit id="48"><source>Separate email addresses with a comma.</source><target>Aðskilja netföng með kommu</target></trans-unit>
<trans-unit id="49"><source>We have sent an email with information about this campaign to the address(es) specified.</source><target>Við höfum sent þér tölvupóst með upplýsingum um átakið á netfangið sem þú gafst upp</target></trans-unit>
<trans-unit id="50"><source>Donate</source><target>Styðja</target></trans-unit>
<trans-unit id="51"><source>Help us fund this campaign. Give whatever you can now using the safe and secure paypal form below.</source><target>Hjálpaðu okkur að fjármagna átakið. Gefðu það sem þú getur með því að nota Paypal formið hér að neðan.</target></trans-unit>
<trans-unit id="52"><source>Amount</source><target>Upphæð</target></trans-unit>
<trans-unit id="53"><source>Last signers</source><target>Síðustu sem skrifuðu undir</target></trans-unit>
<trans-unit id="54"><source>All signers</source><target>Allir sem skrifað hafa undir</target></trans-unit>
<trans-unit id="61"><source>Back</source><target>Til baka</target></trans-unit>
<trans-unit id="62"><source>Background</source><target>Bakgrunnur</target></trans-unit>
<trans-unit id="63"><source>Read more</source><target>lesa meira</target></trans-unit>
<trans-unit id="64"><source>More actions</source><target>Hefja þína eigin áskorun!</target></trans-unit>
<trans-unit id="66"><source># Participants</source><target>#þátttakendur</target></trans-unit>
<trans-unit id="67"><source># emails sent</source><target>#emails sent</target></trans-unit>
<trans-unit id="68"><source>The action starts on #DATE#. Stay tuned and spread the word!</source><target>Átakið hefst #DATE. Fylgstu með og segðu öðrum frá.</target></trans-unit>
<trans-unit id="69"><source>This action is over. Thanks to the #COUNTER# people who signed-up!</source><target>Þessu átaki er lokið. Takk fyrir, það voru #COUNTER# manns sem skrifuðu undir.</target></trans-unit>
<trans-unit id="70"><source>select</source><target>Velja</target></trans-unit>
<trans-unit id="71"><source>select all</source><target>Senda öllum</target></trans-unit>
<trans-unit id="72"><source>Recipient(s)</source><target>Viðtakendur / Viðtakendum</target></trans-unit>
<trans-unit id="81"><source>Embed this</source><target>Fella inn</target></trans-unit>
<trans-unit id="82"><source>Organisation</source><target>Félagasamtök</target></trans-unit>
<trans-unit id="83"><source>Register your widget</source><target>Skrá viðbótina þína</target></trans-unit>
<trans-unit id="84"><source>Generate widget</source><target>búa til viðbót</target></trans-unit>
<trans-unit id="85"><source>Change widget</source><target>breyta viðbót</target></trans-unit>
<trans-unit id="86"><source>Embed this code</source><target>Fella inn þennan kóða</target></trans-unit>
<trans-unit id="101"><source>Customise your widget</source><target>Sérsníða viðbótina</target></trans-unit>
<trans-unit id="102"><source>Widget type</source><target>Tegund viðbótar</target></trans-unit>
<trans-unit id="103"><source>Embed</source><target>Deila</target></trans-unit>
<trans-unit id="104"><source>Popup</source><target>Sprettigluggi</target></trans-unit>
<trans-unit id="105"><source>Email Validation Landingpage - auto forwarding to external page</source><target>Samþykkja netfang lendingarsíðu (http://…)</target></trans-unit>
<trans-unit id="106"><source>Width</source><target>Breidd</target></trans-unit>
<trans-unit id="107"><source>You may define a precise widget width. Select "auto" and the widget will adapt to the space available (max: 1000px). Should there be less than 440px width available, contents will display in one column (instead of two) with the sign-on-form below the petition text. On mobile devices with less than 768px device-width, the widget-width is set to 360px for smooth reading on smartphones.</source><target>Þú getur skilgreint breidd fyrir viðbótina. Veldu "sjálfgefið" og viðbótin aðlagar sig að mögulegri breidd (max 1000 px). Ef minni breidd en 440 px er möguleg, verður efnið í einum dálk í stað tveggja. þar sem formið verður fyrir neðan texta áskorunarinnar. Á snjalltækjum með minni breidd en 768 px breidd, verður breiddin sett í 360 px til að auðvelda lestur á snjallsímum. </target></trans-unit>
<trans-unit id="108"><source>Text title</source><target>Fyrirsögn, vinstri</target></trans-unit>
<trans-unit id="109"><source>Text body</source><target>Texti</target></trans-unit>
<trans-unit id="110"><source>Button</source><target>Hnappur</target></trans-unit>
<trans-unit id="111"><source>Backgr left</source><target>Bakgrunnur, vinstri</target></trans-unit>
<trans-unit id="121"><source>Backgr right</source><target>Bakgrunnur, hægri</target></trans-unit>
<trans-unit id="122"><source>Form title</source><target>Fyrirsögn, hægri</target></trans-unit>
<trans-unit id="123"><source>Customise contents: use your own words to convince your target group. To change the title, introduction and background texts, copy the texts from the edit fields into a text editor, make your changes and paste them back into the edit fields. Thereafter, adapt the width and the colours to seamlessly integrate the widget into your website design.</source><target>Sérsníddu efnið, notaðu þín eigin orð til að sannfæra markhópinn. Til að breyta fyrirsögn, kynningu og texta í bakgrunni, afritaðu textann yfir í ritil, gerðu breytingar og límdu aftur inn í reitina. Að því loknu, aðlagaðu breidd og liti til þess að fella viðbótina inn í vefinn þinn. </target></trans-unit>
<trans-unit id="124"><source>Title</source><target>Fyrirsögn</target></trans-unit>
<trans-unit id="125"><source>Target, Subheading</source><target>Markmið, undirfyrirsögn</target></trans-unit>
<trans-unit id="126"><source>Intro</source><target>Kynning</target></trans-unit>
<trans-unit id="127"><source>Body</source><target>Texti</target></trans-unit>
<trans-unit id="128"><source>Footer</source><target>Fótur</target></trans-unit>
<trans-unit id="129"><source>Subject</source><target>Efni</target></trans-unit>
<trans-unit id="130"><source>Email body</source><target>Texti tölvupósts</target></trans-unit>
<trans-unit id="131"><source>Choose 'Embed' to have this box ("widget") embedded into your webpage, including texts and action-form. Visitors can instantly read all and take action. However, you need at least 440px width to embed the widget. Choose 'Popup' if you lack sufficient space on your webpage. You will get a small box ("teaser") with flexible width (at least 150px). If visitors click on the teaser, the big action-widget pops up.</source><target>Veldu "fella inn" til að fá viðbótina inn á vefsíðuna, með texta og formi. Gestir geta lesið allt og brugðist við. Þú þarf amk 440 px breidd til að fella inn viðbótina. Veldu "sprettiglugga" ef þú ert ekki með nægilegt pláss á vefsíðunni þinni. Þú færð lítinn glugga (sýnishorn) með sveigjanlegri breidd (amk 150 px). Ef gestir smella á sýnishornið fá þeir upp stærri sprettiglugga. </target></trans-unit>
<trans-unit id="166"><source>Target #</source><target>Markmið #</target></trans-unit>
<trans-unit id="201"><source>Hello</source><target>Halló</target></trans-unit>
<trans-unit id="202"><source>Dear Madam %F %L,</source><target>Kæra %F %L,</target></trans-unit>
<trans-unit id="203"><source>Dear Sir %F %L,</source><target>Kæri %F %L,</target></trans-unit>
<trans-unit id="204"><source>Dear Sir/Madam %F %L,</source><target>Kæri /Kæra %F %L,</target></trans-unit>
<trans-unit id="301"><source>Yes</source><target>Já</target></trans-unit>
<trans-unit id="302"><source>No</source><target>Nei</target></trans-unit>
<trans-unit id="303"><source>No comment</source><target>Engar athugasemdir</target></trans-unit>
<trans-unit id="304"><source>Secure your pledge page with a password (optional).</source><target>Tryggðu öryggi þitt með leyniorði (valkvætt)</target></trans-unit>
<trans-unit id="305"><source>Change your password (optional).</source><target>Breyta leyniorði (valkvætt)</target></trans-unit>
<trans-unit id="306"><source>Passwords do not match.</source><target>Leyniorðin stemma ekki</target></trans-unit>
<trans-unit id="307"><source>Password is too short. Use at least 8 characters.</source><target>Leyniorðið er of stutt. Notaðu amk 8 stafi.</target></trans-unit>
<trans-unit id="308"><source>Save &amp; submit my pledges</source><target>Vista &amp; senda áheit</target></trans-unit>
<trans-unit id="309"><source>Please enter your password.</source><target>Sláðu inn leyniorð</target></trans-unit>
<trans-unit id="310"><source>Company</source><target>Fyrirtæki</target></trans-unit>
<trans-unit id="311"><source>Party</source><target>Flokkur</target></trans-unit>
<trans-unit id="312"><source>Electorate</source><target>Kjósendur</target></trans-unit>
<trans-unit id="313"><source>Recipients</source><target>Viðtakendur </target></trans-unit>
<trans-unit id="314"><source>Read pledge text</source><target>Lesa texta áheits</target></trans-unit>
<trans-unit id="315"><source>Password</source><target>Leyniorð</target></trans-unit>
<trans-unit id="316"><source>Password again</source><target>Leyniorð aftur</target></trans-unit>
<trans-unit id="317"><source>Enter</source><target>Venda</target></trans-unit>
<trans-unit id="318"><source>I pledged on #DATE#</source><target>Ég hét á #DATE#</target></trans-unit>
<trans-unit id="400"><source>Attention: You will receive a confirmation email. Check your email inbox (and junk folder) now! To confirm your action, click the link given in the email.</source><target>Athugið: Þú færð tölvupóst til staðfestingar. Skoðaðu tölvupóstinn þinn (og ruslpóstinn) núna!. Til að samþykkja, smelltu á tengilinn í tölvupóstinum. </target></trans-unit>
<trans-unit id="401"><source>Attention: You've already taken part in this action (maybe on another website).</source><target>Athugið: Þú hefur kannski tekið þátt nú þegar (kannski á öðru vefsvæði).</target></trans-unit>
<trans-unit id="402"><source>Your email is being validated, please wait!</source><target>Það er verið að staðfesta netfangið þitt, vinsamlegast bíðið!</target></trans-unit>
<trans-unit id="403"><source>You verified your email address.</source><target>Þú hefur staðfest netfangið þitt.</target></trans-unit>
<trans-unit id="404"><source>Your action is confirmed.</source><target>Aðgerð þín hefur verið staðfest.</target></trans-unit>
<trans-unit id="405"><source>Use this moment to tell friends and family.</source><target>Notaðu tækifærið og segðu vinum og fjölskyldunni frá.</target></trans-unit>
<trans-unit id="406"><source>Your statement of support has been submitted successfully.</source><target>Stuðningsyfirlýsing þín hefur verið staðfest. </target></trans-unit>
<trans-unit id="407"><source>Signature identifier</source><target>Undirskrift þekkt</target></trans-unit>
<trans-unit id="408"><source>Yes, please</source><target>Já</target></trans-unit>
<trans-unit id="409"><source>No, thank you</source><target>Nei</target></trans-unit>
<trans-unit id="410"><source>Become part of the movement</source><target>Gerast þátttakandi</target></trans-unit>
<trans-unit id="411"><source>Join now</source><target>Taka þátt</target></trans-unit>
<trans-unit id="412"><source>Confirm and continue</source><target>Staðfesta og halda áfram</target></trans-unit>
<trans-unit id="413"><source>Skip and go directly to signing the initiative in step 2</source><target>Sleppa og fara beint í að skrifa undir í skrefi 2. </target></trans-unit>
</body>
</file>
</xliff>
