﻿<?xml version="1.0" encoding="UTF-8"?>
<!DOCTYPE xliff PUBLIC "-//XLIFF//DTD XLIFF//EN" "http://www.oasis-open.org/committees/xliff/documents/xliff.dtd">
<xliff version="1.0">
<file source-language="EN" target-language="zh" datatype="plaintext" original="messages" date="2010-07-27T14:00:00Z" product-name="messages">
<header/>
<body>
<trans-unit id="1"><source>Petition</source><target>请愿</target></trans-unit>
<trans-unit id="2"><source>Email action</source><target>电子邮件动作</target></trans-unit>
<trans-unit id="3"><source>Initiative</source><target>倡议 </target></trans-unit>
<trans-unit id="4"><source>Network-News</source><target>网络新闻</target></trans-unit>
<trans-unit id="11"><source>Sign the Petition</source><target>签署请愿书</target></trans-unit>
<trans-unit id="12"><source>Send an Email</source><target>发送电​​子邮件</target></trans-unit>
<trans-unit id="13"><source>Support</source><target>支持 </target></trans-unit>
<trans-unit id="14"><source>Take action</source><target>行动</target></trans-unit>
<trans-unit id="15"><source>Sign</source><target>签署</target></trans-unit>
<trans-unit id="16"><source>Send</source><target>发送</target></trans-unit>
<trans-unit id="17"><source>Subscribe</source><target>订阅</target></trans-unit>
<trans-unit id="18"><source>Support the initiative</source><target>注册的主动权</target></trans-unit>
<trans-unit id="21"><source>Name</source><target>名称</target></trans-unit>
<trans-unit id="22"><source>Full name</source><target>全名</target></trans-unit>
<trans-unit id="23"><source>First name</source><target>名字</target></trans-unit>
<trans-unit id="24"><source>Last name</source><target>姓</target></trans-unit>
<trans-unit id="25"><source>Mr</source><target>先生</target></trans-unit>
<trans-unit id="26"><source>Mrs</source><target>女士</target></trans-unit>
<trans-unit id="27"><source>Mrs/Mr</source><target>女士/先生</target></trans-unit>
<trans-unit id="28"><source>City</source><target>城市</target></trans-unit>
<trans-unit id="29"><source>Post code</source><target>发表代码</target></trans-unit>
<trans-unit id="30"><source>Country</source><target>国家</target></trans-unit>
<trans-unit id="31"><source>Address</source><target>地址</target></trans-unit>
<trans-unit id="32"><source>Email address</source><target>电子邮件地址</target></trans-unit>
<trans-unit id="33"><source>Comment</source><target>评论</target></trans-unit>
<trans-unit id="34"><source>Privacy policy</source><target>隐私政策</target></trans-unit>
<trans-unit id="35"><source>Keep me posted on this and similar campaigns.</source><target>让我这一点，类似的活动。</target></trans-unit>
<trans-unit id="36"><source>Reminder:</source><target>Reminder:</target></trans-unit>
<trans-unit id="41"><source>Thank you</source><target>谢谢</target></trans-unit>
<trans-unit id="42"><source>Attention: You will receive a confirmation email. Check your email inbox (and junk folder) now! To confirm your action, click the link given in the email.</source><target>注意：您将收到一封确认电子邮件。检查您的收件箱中的电子邮件（垃圾邮件文件夹），现在！确认您的操作，请单击电子邮件中的链接。</target></trans-unit>
<trans-unit id="43"><source>Attention: You've already taken part in this action (maybe on another website).</source><target>注意：您已经在这一行动中的一部分（可能在其他网站上）。</target></trans-unit>
<trans-unit id="44"><source>Your email is being validated, please wait!</source><target>你的电子邮件验证证书是白色的，请稍候！ </target></trans-unit>
<trans-unit id="45"><source>You verified your email address. Your action is confirmed. Use this moment to tell friends and family.</source><target>您验证您的电子邮件地址。你的行为已被确认。利用这个机会告诉朋友和家人。</target></trans-unit>
<trans-unit id="46"><source>Share</source><target>分享 </target></trans-unit>
<trans-unit id="47"><source>Tell your friends</source><target>告诉你的朋友</target></trans-unit>
<trans-unit id="48"><source>Separate email addresses with a comma.</source><target>不同的电子邮件地址用逗号隔开。</target></trans-unit>
<trans-unit id="49"><source>We have sent an email with information about this campaign to the address(es) specified.</source><target>我们已经将一封电子邮件到指定的地址（ES）的信息有关这项活动的。</target></trans-unit>
<trans-unit id="50"><source>Donate</source><target>捐赠</target></trans-unit>
<trans-unit id="51"><source>Help us fund this campaign. Give whatever you can now using the safe and secure paypal form below.</source><target>帮助我们这个活动提供资金。给不管你现在可以使用的安全和安全的PayPal下面的表格。</target></trans-unit>
<trans-unit id="52"><source>Amount</source><target>量</target></trans-unit>
<trans-unit id="61"><source>Back</source><target>背面</target></trans-unit>
<trans-unit id="62"><source>Background</source><target>背景</target></trans-unit>
<trans-unit id="63"><source>Read more</source><target>阅读更多</target></trans-unit>
<trans-unit id="64"><source>More actions</source><target>开始您的申请！ </target></trans-unit>
<trans-unit id="65"><source>PP Heading</source><target>隐私政策 </target></trans-unit>
<trans-unit id="66"><source>people so far</source><target>人们至今</target></trans-unit>
<trans-unit id="67"><source>emails sent</source><target>发送的电子邮件</target></trans-unit>
<trans-unit id="68"><source>The action starts on #DATE#. Stay tuned and spread the word!</source><target>这项工作开始于 #DATE# 年月日。敬请关注，并流传着一句话！ </target></trans-unit>
<trans-unit id="69"><source>This action is over. Thanks to the #COUNTER# people who signed-up!</source><target>这一比例已经结束了。感谢 #COUNTER# 计数器人谁签约了！ </target></trans-unit>
<trans-unit id="70"><source>select</source><target>选择</target></trans-unit>
<trans-unit id="71"><source>select all</source><target>向所有</target></trans-unit>
<trans-unit id="72"><source>Recipient(s)</source><target>收件人（S）</target></trans-unit>
<trans-unit id="81"><source>Embed this</source><target>嵌入此</target></trans-unit>
<trans-unit id="82"><source>Organisation</source><target>组织</target></trans-unit>
<trans-unit id="83"><source>Register your widget</source><target>注册您的小工具</target></trans-unit>
<trans-unit id="84"><source>Generate widget</source><target>生成插件</target></trans-unit>
<trans-unit id="85"><source>Change widget</source><target>更换部件</target></trans-unit>
<trans-unit id="86"><source>Embed this code</source><target>嵌入该代码</target></trans-unit>
<trans-unit id="101"><source>Customise your widget</source><target>自定义您的小工具</target></trans-unit>
<trans-unit id="102"><source>Widget type</source><target>控件类型</target></trans-unit>
<trans-unit id="103"><source>Embed</source><target>嵌</target></trans-unit>
<trans-unit id="104"><source>Popup</source><target>弹出</target></trans-unit>
<trans-unit id="105"><source>Email Validation Landingpage - auto forwarding to external page</source><target>选择在确认电子邮件登陆页面（HTTP：// ...） </target></trans-unit>
<trans-unit id="106"><source>Width</source><target>宽度</target></trans-unit>
<trans-unit id="107"><source>You may define a precise widget width. Select "auto" and the widget will adapt to the space available (max: 1000px). Should there be less than 440px width available, contents will display in one column (instead of two) with the sign-on-form below the petition text. On mobile devices with less than 768px device-width, the widget-width is set to 360px for smooth reading on smartphones.</source><target>Ви можете визначити точну ширину віджету. Виберіть "AUTO" і віджет буде адаптуватися до космічної доступною (макс: 1000px). Чи повинні бути менше 440px ширина доступні, зміст буде відображатися в одну колонку (замість двох) зі знаком-на-формі нижче тексту петиції. На мобільних пристроях з менш 768px пристрої ширини, віджет-ширина встановлена ​​в 360px для плавного читання на смартфонах.</target></trans-unit>
<trans-unit id="108"><source>Text title</source><target>文字标题。</target></trans-unit>
<trans-unit id="109"><source>Text body</source><target>文本正文</target></trans-unit>
<trans-unit id="110"><source>Button</source><target>钮</target></trans-unit>
<trans-unit id="111"><source>Backgr left</source><target>背景离开</target></trans-unit>
<trans-unit id="121"><source>Backgr right</source><target>背景右</target></trans-unit>
<trans-unit id="122"><source>Form title</source><target>标题吧</target></trans-unit>
<trans-unit id="123"><source>Customise contents: use your own words to convince your target group. To change the title, introduction and background texts, copy the texts from the edit fields into a text editor, make your changes and paste them back into the edit fields. Thereafter, adapt the width and the colours to seamlessly integrate the widget into your website design.</source><target>自定义内容：用自己的话来说服你的目标群体。要更改标题，介绍和背景的文本，拷贝到一个文本编辑器中编辑字段中的文本，进行更改，然后将它们粘贴到编辑框中。此后，适应无缝集成到您的网站设计部件的宽度和颜色。</target></trans-unit>
<trans-unit id="124"><source>Title</source><target>标题</target></trans-unit>
<trans-unit id="125"><source>Target, Subheading</source><target>目标，副标题</target></trans-unit>
<trans-unit id="126"><source>Intro</source><target>介绍</target></trans-unit>
<trans-unit id="127"><source>Body</source><target>身体</target></trans-unit>
<trans-unit id="128"><source>Footer</source><target>页脚</target></trans-unit>
<trans-unit id="129"><source>Subject</source><target>主题</target></trans-unit>
<trans-unit id="130"><source>Email body</source><target>电子邮件正文</target></trans-unit>
<trans-unit id="131"><source>Choose 'Embed' to have this box ("widget") embedded into your webpage, including texts and action-form. Visitors can instantly read all and take action. However, you need at least 440px width to embed the widget. Choose 'Popup' if you lack sufficient space on your webpage. You will get a small box ("teaser") with flexible width (at least 150px). If visitors click on the teaser, the big action-widget pops up.</source><target>选择'嵌入“有这个框（”窗口小部件“）嵌入到您的网页，包括文字和行动的形式。游客可以立即读取并采取行动。但是，你需要至少440px的宽度嵌入的部件。选择“弹出”如果你没有足够的空间在您的网页上。灵活的宽度（至少150像素），你会得到一个小盒子（“传情”）。如果访问者点击传情，大动作小部件弹出。</target></trans-unit>
<trans-unit id="201"><source>Hello</source><target>您好 </target></trans-unit>
<trans-unit id="202"><source>Dear Madam %F %L,</source><target>亲爱的 %F %L</target></trans-unit>
<trans-unit id="203"><source>Dear Sir %F %L,</source><target>亲爱的 %F %L</target></trans-unit>
<trans-unit id="204"><source>Dear Sir/Madam %F %L,</source><target>亲爱的 %F %L</target></trans-unit>
<trans-unit id="301"><source>Yes</source><target>是的 </target></trans-unit>
<trans-unit id="302"><source>No</source><target>无 </target></trans-unit>
<trans-unit id="303"><source>No comment</source><target>没有意见 </target></trans-unit>
<trans-unit id="304"><source>Secure your pledge page with a password (optional).</source><target>用密码（可选）保护你的祈愿页面。 </target></trans-unit>
<trans-unit id="305"><source>Change your password (optional).</source><target>更改您的密码（可选）。 </target></trans-unit>
<trans-unit id="306"><source>Passwords do not match.</source><target>密码不匹配。 </target></trans-unit>
<trans-unit id="307"><source>Password is too short. Use at least 8 characters.</source><target>密码太短。使用至少八个字符。 </target></trans-unit>
<trans-unit id="308"><source>Save &amp; submit my pledges</source><target>储存并提交我的承诺 </target></trans-unit>
<trans-unit id="309"><source>Please enter your password.</source><target>请输入您的密码。 </target></trans-unit>
<trans-unit id="310"><source>Company</source><target>公司 </target></trans-unit>
<trans-unit id="311"><source>Party</source><target>党 </target></trans-unit>
<trans-unit id="312"><source>Electorate</source><target>选民 </target></trans-unit>
<trans-unit id="313"><source>Recipients</source><target>收件人 </target></trans-unit>
<trans-unit id="314"><source>Read pledge text</source><target>阅读文本的承诺 </target></trans-unit>
<trans-unit id="315"><source>Password</source><target>密码 </target></trans-unit>
<trans-unit id="316"><source>Password again</source><target>再次输入密码 </target></trans-unit>
<trans-unit id="317"><source>Enter</source><target>输入 </target></trans-unit>
<trans-unit id="318"><source>I pledged on #DATE#</source><target>我承诺你 #DATE# </target></trans-unit>

</body>
</file>
</xliff>