﻿<?xml version="1.0" encoding="UTF-8"?>
<!DOCTYPE xliff PUBLIC "-//XLIFF//DTD XLIFF//EN" "http://www.oasis-open.org/committees/xliff/documents/xliff.dtd">
<xliff version="1.0">
<file source-language="EN" target-language="uk" datatype="plaintext" original="messages" date="2010-04-08T13:53:17Z" product-name="messages">
<header/>
<body>
<trans-unit id="1"><source>Petition</source><target>клопотання</target></trans-unit>
<trans-unit id="2"><source>Email action</source><target>E - mail дію</target></trans-unit>
<trans-unit id="3"><source>Initiative</source><target>ініціатива </target></trans-unit>
<trans-unit id="4"><source>Network-News</source><target>Мережеві новини</target></trans-unit>
<trans-unit id="11"><source>Sign the Petition</source><target>Підпишіть петицію</target></trans-unit>
<trans-unit id="12"><source>Send an Email</source><target>Надіслати лист</target></trans-unit>
<trans-unit id="13"><source>Support</source><target>підтримка </target></trans-unit>
<trans-unit id="14"><source>Take action</source><target>вживати заходів</target></trans-unit>
<trans-unit id="15"><source>Sign</source><target>знак</target></trans-unit>
<trans-unit id="16"><source>Send</source><target>послати</target></trans-unit>
<trans-unit id="17"><source>Subscribe</source><target>підписуватися</target></trans-unit>
<trans-unit id="18"><source>Support the initiative</source><target>Підпишіть ініціативу</target></trans-unit>
<trans-unit id="21"><source>Name</source><target>Назва</target></trans-unit>
<trans-unit id="22"><source>Full name</source><target>повне ім'я</target></trans-unit>
<trans-unit id="23"><source>First name</source><target>ім'я</target></trans-unit>
<trans-unit id="24"><source>Last name</source><target>Прізвище</target></trans-unit>
<trans-unit id="25"><source>Mr</source><target>Г- н</target></trans-unit>
<trans-unit id="26"><source>Mrs</source><target>місіс</target></trans-unit>
<trans-unit id="27"><source>Mrs/Mr</source><target>Г- жа / г</target></trans-unit>
<trans-unit id="28"><source>City</source><target>Сіті</target></trans-unit>
<trans-unit id="29"><source>Post code</source><target>Поштовий індекс</target></trans-unit>
<trans-unit id="30"><source>Country</source><target>Країна</target></trans-unit>
<trans-unit id="31"><source>Address</source><target>Адреса</target></trans-unit>
<trans-unit id="32"><source>Email address</source><target>Адреса електронної пошти</target></trans-unit>
<trans-unit id="33"><source>Comment</source><target>коментар</target></trans-unit>
<trans-unit id="34"><source>Privacy policy</source><target>Політика конфіденційності</target></trans-unit>
<trans-unit id="35"><source>Keep me posted on this and similar campaigns.</source><target>Тримайте мене в курсі про це і подібних кампаній.</target></trans-unit>
<trans-unit id="36"><source>Reminder:</source><target>Reminder:</target></trans-unit>
<trans-unit id="41"><source>Thank you</source><target>Спасибі</target></trans-unit>
<trans-unit id="42"><source>Attention: You will receive a confirmation email. Check your email inbox (and junk folder) now! To confirm your action, click the link given in the email.</source><target>Увага: Ви отримаєте підтвердження електронною поштою. Перевірте свою поштову скриньку (і папку небажаної ) зараз! Щоб підтвердити дію , натисніть на посилання в електронному листі , GivenName .</target></trans-unit>
<trans-unit id="43"><source>Attention: You've already taken part in this action (maybe on another website).</source><target>Увага: Ви вже взяли участь у цій акції (можливо на іншому сайті).</target></trans-unit>
<trans-unit id="44"><source>Your email is being validated, please wait!</source><target>Вашу адресу електронної пошти перевіряється сертифікати бути білим, будь ласка, зачекайте! </target></trans-unit>
<trans-unit id="45"><source>You verified your email address. Your action is confirmed. Use this moment to tell friends and family.</source><target>Ви підтвердили свою адресу електронної пошти. Ваші дії підтверджується. Використовуйте цей момент , щоб розповісти друзям і родині.</target></trans-unit>
<trans-unit id="46"><source>Share</source><target>Поділитися </target></trans-unit>
<trans-unit id="47"><source>Tell your friends</source><target>Розкажіть своїм друзям ,</target></trans-unit>
<trans-unit id="48"><source>Separate email addresses with a comma.</source><target>Розділяйте адреси коми.</target></trans-unit>
<trans-unit id="49"><source>We have sent an email with information about this campaign to the address(es) specified.</source><target>Ми відправили лист з інформацією про цю кампанію на адресу ( а ) зазначеного .</target></trans-unit>
<trans-unit id="50"><source>Donate</source><target>жертвувати</target></trans-unit>
<trans-unit id="51"><source>Help us fund this campaign. Give whatever you can now using the safe and secure paypal form below.</source><target>Допоможіть нам фінансувати цю кампанію. Дайте все , що тепер ви можете за допомогою безпечної та надійної форму Paypal нижче.</target></trans-unit>
<trans-unit id="52"><source>Amount</source><target>кількість</target></trans-unit>
<trans-unit id="61"><source>Back</source><target>назад</target></trans-unit>
<trans-unit id="62"><source>Background</source><target>фон</target></trans-unit>
<trans-unit id="63"><source>Read more</source><target>Детальніше</target></trans-unit>
<trans-unit id="64"><source>More actions</source><target>Почніть петицію! </target></trans-unit>
<trans-unit id="65"><source>PP Heading</source><target>Політика конфіденційності </target></trans-unit>
<trans-unit id="66"><source>people so far</source><target>люди досі</target></trans-unit>
<trans-unit id="67"><source>emails sent</source><target>листи, відправлені</target></trans-unit>
<trans-unit id="68"><source>The action starts on #DATE#. Stay tuned and spread the word!</source><target>Робота починається на #DATE#. Залишайтеся з нами і поширити слово! </target></trans-unit>
<trans-unit id="69"><source>This action is over. Thanks to the #COUNTER# people who signed-up!</source><target>Ця частка становить більш. Завдяки #COUNTER# Хто людей підписали в експлуатацію! </target></trans-unit>
<trans-unit id="70"><source>select</source><target>вибирати</target></trans-unit>
<trans-unit id="71"><source>select all</source><target>вибрати все</target></trans-unit>
<trans-unit id="72"><source>Recipient(s)</source><target>Одержувач (і )</target></trans-unit>
<trans-unit id="81"><source>Embed this</source><target>вставити цей</target></trans-unit>
<trans-unit id="82"><source>Organisation</source><target>організація</target></trans-unit>
<trans-unit id="83"><source>Register your widget</source><target>Зареєструйте Ваш віджет</target></trans-unit>
<trans-unit id="84"><source>Generate widget</source><target>Створити віджет</target></trans-unit>
<trans-unit id="85"><source>Change widget</source><target>змінити віджет</target></trans-unit>
<trans-unit id="86"><source>Embed this code</source><target>Код для розміщення</target></trans-unit>
<trans-unit id="101"><source>Customise your widget</source><target>Налаштуйте свій віджет</target></trans-unit>
<trans-unit id="102"><source>Widget type</source><target>Віджет типу</target></trans-unit>
<trans-unit id="103"><source>Embed</source><target>вставляти</target></trans-unit>
<trans-unit id="104"><source>Popup</source><target>спливаюче</target></trans-unit>
<trans-unit id="105"><source>Email Validation Landingpage - auto forwarding to external page</source><target>Опт-підтвердження електронною поштою цільову сторінку (HTTP: // ...) </target></trans-unit>
<trans-unit id="106"><source>Width</source><target>Ширина</target></trans-unit>
<trans-unit id="107"><source>You may define a precise widget width. Select "auto" and the widget will adapt to the space available (max: 1000px). Should there be less than 440px width available, contents will display in one column (instead of two) with the sign-on-form below the petition text. On mobile devices with less than 768px device-width, the widget-width is set to 360px for smooth reading on smartphones.</source><target>Ви можете визначити точну ширину віджету. Виберіть "AUTO" і віджет буде адаптуватися до космічної доступною (макс: 1000px). Чи повинні бути менше 440px ширина доступні, зміст буде відображатися в одну колонку (замість двох) зі знаком-на-формі нижче тексту петиції. На мобільних пристроях з менш 768px пристрої ширини, віджет-ширина встановлена ​​в 360px для плавного читання на смартфонах.</target></trans-unit>
<trans-unit id="108"><source>Text title</source><target>Назва тексту</target></trans-unit>
<trans-unit id="109"><source>Text body</source><target>основний текст</target></trans-unit>
<trans-unit id="110"><source>Button</source><target>кнопка</target></trans-unit>
<trans-unit id="111"><source>Backgr left</source><target>Backgr залишили</target></trans-unit>
<trans-unit id="121"><source>Backgr right</source><target>Backgr право</target></trans-unit>
<trans-unit id="122"><source>Form title</source><target>Назва, право</target></trans-unit>
<trans-unit id="123"><source>Customise contents: use your own words to convince your target group. To change the title, introduction and background texts, copy the texts from the edit fields into a text editor, make your changes and paste them back into the edit fields. Thereafter, adapt the width and the colours to seamlessly integrate the widget into your website design.</source><target>Налаштувати вміст : використовувати свої власні слова , щоб переконати вашу цільову групу. Щоб змінити назву , введення і фонові тексти , скопіюйте тексти з полів введення в текстовий редактор , внесіть необхідні зміни і вставте їх назад у відповідні поля. Там після , адаптувати ширину і кольору для безшовної інтеграції віджет в дизайн Вашого сайту.</target></trans-unit>
<trans-unit id="124"><source>Title</source><target>Назва</target></trans-unit>
<trans-unit id="125"><source>Target, Subheading</source><target>Мета , Підзаголовок</target></trans-unit>
<trans-unit id="126"><source>Intro</source><target>введення</target></trans-unit>
<trans-unit id="127"><source>Body</source><target>тіло</target></trans-unit>
<trans-unit id="128"><source>Footer</source><target>Нижній колонтитул</target></trans-unit>
<trans-unit id="129"><source>Subject</source><target>Тема</target></trans-unit>
<trans-unit id="130"><source>Email body</source><target>E - mail тіла</target></trans-unit>
<trans-unit id="131"><source>Choose 'Embed' to have this box ("widget") embedded into your webpage, including texts and action-form. Visitors can instantly read all and take action. However, you need at least 440px width to embed the widget. Choose 'Popup' if you lack sufficient space on your webpage. You will get a small box ("teaser") with flexible width (at least 150px). If visitors click on the teaser, the big action-widget pops up.</source><target>Виберіть ' Код для вставки ' , щоб це вікно ( " віджет" ), вбудований в веб -сторінки , в тому числі текстів і форми дії . Відвідувачі можуть миттєво прочитав все і вжити заходів. Однак, ви повинні , принаймні 440px ширина для вбудовування віджету. Виберіть "поп" , якщо ви малюєте достатньо місця на вашому сайті. Ви отримаєте маленький прямокутник ( " тизер ") з гнучкою ширини (принаймні 150px ) . Якщо відвідувач натискає на тизер , великий екшн- віджет спливає</target></trans-unit>
<trans-unit id="201"><source>Hello</source><target>Привіт </target></trans-unit>
<trans-unit id="202"><source>Dear Madam %F %L,</source><target>Шановна пані %F %L,</target></trans-unit>
<trans-unit id="203"><source>Dear Sir %F %L,</source><target>Шановний сер %F %L,</target></trans-unit>
<trans-unit id="204"><source>Dear Sir/Madam %F %L,</source><target>Шановний сер / Шановна пані %F %L,</target></trans-unit>
<trans-unit id="301"><source>Yes</source><target>та </target></trans-unit>
<trans-unit id="302"><source>No</source><target>немає </target></trans-unit>
<trans-unit id="303"><source>No comment</source><target>без коментарів </target></trans-unit>
<trans-unit id="304"><source>Secure your pledge page with a password (optional).</source><target>Закріпіть вашу сторінку застави з паролем (опція). </target></trans-unit>
<trans-unit id="305"><source>Change your password (optional).</source><target>Змінити пароль (опціонально). </target></trans-unit>
<trans-unit id="306"><source>Passwords do not match.</source><target>Паролі не збігаються. </target></trans-unit>
<trans-unit id="307"><source>Password is too short. Use at least 8 characters.</source><target>Пароль занадто короткий. Використовуйте не менше восьми символів. </target></trans-unit>
<trans-unit id="308"><source>Save &amp; submit my pledges</source><target>Зберегти &amp; представити мої застав </target></trans-unit>
<trans-unit id="309"><source>Please enter your password.</source><target>Будь ласка, введіть ваш пароль. </target></trans-unit>
<trans-unit id="310"><source>Company</source><target>компанія </target></trans-unit>
<trans-unit id="311"><source>Party</source><target>партія </target></trans-unit>
<trans-unit id="312"><source>Electorate</source><target>електорат </target></trans-unit>
<trans-unit id="313"><source>Recipients</source><target>одержувачі </target></trans-unit>
<trans-unit id="314"><source>Read pledge text</source><target>Читайте текстовий заставу </target></trans-unit>
<trans-unit id="315"><source>Password</source><target>пароль </target></trans-unit>
<trans-unit id="316"><source>Password again</source><target>пароль ще раз </target></trans-unit>
<trans-unit id="317"><source>Enter</source><target>введіть </target></trans-unit>
<trans-unit id="318"><source>I pledged on #DATE#</source><target>Я в заставі на #DATE# </target></trans-unit>

</body>
</file>
</xliff>