af	Afrikaans	Afrikaans
af_NA	Afrikaans (Namibia)	Afrikaans (Namibië)
af_ZA	Afrikaans (South Africa)	Afrikaans (Suid-Afrika)
am	Amharic	አማርኛ
am_ET	Amharic (Ethiopia)	አማርኛ (ኢትዮጵያ)
ar	Arabic	العربية
ar_AE	Arabic (United Arab Emirates)	العربية (الامارات العربية المتحدة)
ar_BH	Arabic (Bahrain)	العربية (البحرين)
ar_DZ	Arabic (Algeria)	العربية (الجزائر)
ar_EG	Arabic (Egypt)	العربية (مصر)
ar_IQ	Arabic (Iraq)	العربية (العراق)
ar_JO	Arabic (Jordan)	العربية (الأردن)
ar_KW	Arabic (Kuwait)	العربية (الكويت)
ar_LB	Arabic (Lebanon)	العربية (لبنان)
ar_LY	Arabic (Libya)	العربية (ليبيا)
ar_MA	Arabic (Morocco)	العربية (المغرب)
ar_OM	Arabic (Oman)	العربية (عمان)
ar_QA	Arabic (Qatar)	العربية (قطر)
ar_SA	Arabic (Saudi Arabia)	العربية (المملكة العربية السعودية)
ar_SD	Arabic (Sudan)	العربية (السودان)
ar_SY	Arabic (Syria)	العربية (سوريا)
ar_TN	Arabic (Tunisia)	العربية (تونس)
ar_YE	Arabic (Yemen)	العربية (اليمن)
as	Assamese	অসমীয়া
as_IN	Assamese (India)	অসমীয়া (ভাৰত)
az	Azerbaijani	azərbaycanca
az_AZ	Azerbaijani (Azerbaijan)	azərbaycanca (Azərbaycan)
be	Belarusian	беларуская
be_BY	Belarusian (Belarus)	беларуская (Беларусь)
bg	Bulgarian	български
bg_BG	Bulgarian (Bulgaria)	български (България)
bn	Bengali	বাংলা
bn_BD	Bengali (Bangladesh)	বাংলা (বাংলাদেশ)
bn_IN	Bengali (India)	বাংলা (ভারত)
bo	Tibetan	པོད་སྐད་
bo_CN	Tibetan (China)	པོད་སྐད་ (རྒྱ་ནག)
bo_IN	Tibetan (India)	པོད་སྐད་ (རྒྱ་གར་)
ca	Catalan	català
ca_ES	Catalan (Spain)	català (Espanya)
cs	Czech	čeština
cs_CZ	Czech (Czech Republic)	čeština (Česká republika)
cy	Welsh	Cymraeg
cy_GB	Welsh (United Kingdom)	Cymraeg (Prydain Fawr)
da	Danish	dansk
da_DK	Danish (Denmark)	dansk (Danmark)
de	German	Deutsch
de_AT	German (Austria)	Deutsch (Österreich)
de_BE	German (Belgium)	Deutsch (Belgien)
de_CH	German (Switzerland)	Deutsch (Schweiz)
de_DE	German (Germany)	Deutsch (Deutschland)
de_LI	German (Liechtenstein)	Deutsch (Liechtenstein)
de_LU	German (Luxembourg)	Deutsch (Luxemburg)
el	Greek	Ελληνικά
el_CY	Greek (Cyprus)	Ελληνικά (Κύπρος)
el_GR	Greek (Greece)	Ελληνικά (Ελλάδα)
en	English	English
en_AU	English (Australia)	English (Australia)
en_BE	English (Belgium)	English (Belgium)
en_BW	English (Botswana)	English (Botswana)
en_BZ	English (Belize)	English (Belize)
en_CA	English (Canada)	English (Canada)
en_GB	English (United Kingdom)	English (United Kingdom)
en_HK	English (Hong Kong SAR China)	English (Hong Kong SAR China)
en_IE	English (Ireland)	English (Ireland)
en_IN	English (India)	English (India)
en_JM	English (Jamaica)	English (Jamaica)
en_MH	English (Marshall Islands)	English (Marshall Islands)
en_MT	English (Malta)	English (Malta)
en_NA	English (Namibia)	English (Namibia)
en_NZ	English (New Zealand)	English (New Zealand)
en_PH	English (Philippines)	English (Philippines)
en_PK	English (Pakistan)	English (Pakistan)
en_RH	English	English
en_SG	English (Singapore)	English (Singapore)
en_TT	English (Trinidad and Tobago)	English (Trinidad and Tobago)
en_US	English (United States)	English (United States)
en_US_POSIX	English (United States)	English (United States)
en_VI	English (U.S. Virgin Islands)	English (U.S. Virgin Islands)
en_ZA	English (South Africa)	English (South Africa)
en_ZW	English (Zimbabwe)	English (Zimbabwe)
eo	Esperanto	esperanto
es	Spanish	español
es_AR	Spanish (Argentina)	español (Argentina)
es_BO	Spanish (Bolivia)	español (Bolivia)
es_CL	Spanish (Chile)	español (Chile)
es_CO	Spanish (Colombia)	español (Colombia)
es_CR	Spanish (Costa Rica)	español (Costa Rica)
es_DO	Spanish (Dominican Republic)	español (República Dominicana)
es_EC	Spanish (Ecuador)	español (Ecuador)
es_ES	Spanish (Spain)	español (España)
es_GT	Spanish (Guatemala)	español (Guatemala)
es_HN	Spanish (Honduras)	español (Honduras)
es_MX	Spanish (Mexico)	español (México)
es_NI	Spanish (Nicaragua)	español (Nicaragua)
es_PA	Spanish (Panama)	español (Panamá)
es_PE	Spanish (Peru)	español (Perú)
es_PR	Spanish (Puerto Rico)	español (Puerto Rico)
es_PY	Spanish (Paraguay)	español (Paraguay)
es_SV	Spanish (El Salvador)	español (El Salvador)
es_US	Spanish (United States)	español (Estados Unidos)
es_UY	Spanish (Uruguay)	español (Uruguay)
es_VE	Spanish (Venezuela)	español (Venezuela)
et	Estonian	eesti
et_EE	Estonian (Estonia)	eesti (Eesti)
eu	Basque	euskara
eu_ES	Basque (Spain)	euskara (Espainia)
fa	Persian	فارسی
fa_AF	Persian (Afghanistan)	دری (افغانستان)
fa_IR	Persian (Iran)	فارسی (ایران)
fi	Finnish	suomi
fi_FI	Finnish (Finland)	suomi (Suomi)
fo	Faroese	føroyskt
fo_FO	Faroese (Faroe Islands)	føroyskt (Føroyar)
fr	French	français
fr_BE	French (Belgium)	français (Belgique)
fr_CA	French (Canada)	français (Canada)
fr_CH	French (Switzerland)	français (Suisse)
fr_FR	French (France)	français (France)
fr_LU	French (Luxembourg)	français (Luxembourg)
fr_MC	French (Monaco)	français (Monaco)
fr_SN	French (Senegal)	français (Sénégal)
ga	Irish	Gaeilge
ga_IE	Irish (Ireland)	Gaeilge (Éire)
gl	Galician	galego
gl_ES	Galician (Spain)	galego (España)
gu	Gujarati	ગુજરાતી
gu_IN	Gujarati (India)	ગુજરાતી (ભારત)
gv	Manx	Gaelg
gv_GB	Manx (United Kingdom)	Gaelg (Rywvaneth Unys)
ha	Hausa	Haoussa
ha_GH	Hausa (Ghana)	Haoussa (Gaana)
ha_NE	Hausa (Niger)	Haoussa (Nijer)
ha_NG	Hausa (Nigeria)	Haoussa (Nijeriya)
he	Hebrew	עברית
he_IL	Hebrew (Israel)	עברית (ישראל)
hi	Hindi	हिन्दी
hi_IN	Hindi (India)	हिन्दी (भारत)
hr	Croatian	hrvatski
hr_HR	Croatian (Croatia)	hrvatski (Hrvatska)
hu	Hungarian	magyar
hu_HU	Hungarian (Hungary)	magyar (Magyarország)
hy	Armenian	Հայերէն
hy_AM	Armenian (Armenia)	Հայերէն (Հայաստանի Հանրապետութիւն)
id	Indonesian	Bahasa Indonesia
id_ID	Indonesian (Indonesia)	Bahasa Indonesia (Indonesia)
ii	Sichuan Yi	ꆈꌠꉙ
ii_CN	Sichuan Yi (China)	ꆈꌠꉙ (ꍏꇩ)
in	in	Array
in_ID	in_ID	Array (Indonesia)
is	Icelandic	íslenska
is_IS	Icelandic (Iceland)	íslenska (Ísland)
it	Italian	italiano
it_CH	Italian (Switzerland)	italiano (Svizzera)
it_IT	Italian (Italy)	italiano (Italia)
iw	iw	Array
iw_IL	iw_IL	Array (ישראל)
ja	Japanese	日本語
ja_JP	Japanese (Japan)	日本語 (日本)
ka	Georgian	ქართული
ka_GE	Georgian (Georgia)	ქართული (საქართველო)
kk	Kazakh	Қазақ
kk_KZ	Kazakh (Kazakhstan)	Қазақ (Қазақстан)
kl	Kalaallisut	kalaallisut
kl_GL	Kalaallisut (Greenland)	kalaallisut (Kalaallit Nunaat)
km	Khmer	ភាសាខ្មែរ
km_KH	Khmer (Cambodia)	ភាសាខ្មែរ (កម្ពុជា)
kn	Kannada	ಕನ್ನಡ
kn_IN	Kannada (India)	ಕನ್ನಡ (ಭಾರತ)
ko	Korean	한국어
ko_KR	Korean (South Korea)	한국어 (대한민국)
kw	Cornish	kernewek
kw_GB	Cornish (United Kingdom)	kernewek (Rywvaneth Unys)
lt	Lithuanian	lietuvių
lt_LT	Lithuanian (Lithuania)	lietuvių (Lietuva)
lv	Latvian	latviešu
lv_LV	Latvian (Latvia)	latviešu (Latvija)
mk	Macedonian	македонски
mk_MK	Macedonian (Macedonia)	македонски (Македонија)
ml	Malayalam	മലയാളം
ml_IN	Malayalam (India)	മലയാളം (ഇന്ത്യ)
mr	Marathi	मराठी
mr_IN	Marathi (India)	मराठी (भारत)
ms	Malay	Bahasa Melayu
ms_BN	Malay (Brunei)	Bahasa Melayu (Brunei)
ms_MY	Malay (Malaysia)	Bahasa Melayu (Malaysia)
mt	Maltese	Malti
mt_MT	Maltese (Malta)	Malti (Malta)
nb	Norwegian Bokmål	norsk bokmål
nb_NO	Norwegian Bokmål (Norway)	norsk bokmål (Norge)
ne	Nepali	नेपाली
ne_IN	Nepali (India)	नेपाली (भारत)
ne_NP	Nepali (Nepal)	नेपाली (नेपाल)
nl	Dutch	Nederlands
nl_BE	Dutch (Belgium)	Nederlands (België)
nl_NL	Dutch (Netherlands)	Nederlands (Nederland)
nn	Norwegian Nynorsk	nynorsk
nn_NO	Norwegian Nynorsk (Norway)	nynorsk (Noreg)
no	Norwegian	norsk
no_NO	Norwegian (Norway)	norsk (Norge)
no_NO_NY	Norwegian (Norway)	norsk (Noreg)
om	Oromo	Oromoo
om_ET	Oromo (Ethiopia)	Oromoo (Itoophiyaa)
om_KE	Oromo (Kenya)	Oromoo (Keeniyaa)
or	Oriya	ଓଡ଼ିଆ
or_IN	Oriya (India)	ଓଡ଼ିଆ (ଭାରତ)
pa	Punjabi	ਪੰਜਾਬੀ
pa_IN	Punjabi (India)	ਪੰਜਾਬੀ (ਭਾਰਤ)
pa_PK	Punjabi (Pakistan)	پنجاب (پکستان)
pl	Polish	polski
pl_PL	Polish (Poland)	polski (Polska)
ps	Pashto	پښتو
ps_AF	Pashto (Afghanistan)	پښتو (افغانستان)
pt	Portuguese	português
pt_BR	Portuguese (Brazil)	português (Brasil)
pt_PT	Portuguese (Portugal)	português (Portugal)
ro	Romanian	română
ro_MD	Romanian (Moldova)	română (Republica Moldova)
ro_RO	Romanian (Romania)	română (România)
ru	Russian	русский
ru_RU	Russian (Russia)	русский (Россия)
ru_UA	Russian (Ukraine)	русский (Украина)
sh	Serbo-Croatian	Srpskohrvatski
sh_BA	Serbo-Croatian (Bosnia and Herzegovina)	Srpskohrvatski (Bosna i Hercegovina)
sh_CS	Serbo-Croatian (Serbia and Montenegro)	Srpskohrvatski (Srbija i Crna Gora)
sh_YU	Serbo-Croatian	Srpskohrvatski
si	Sinhala	සිංහල
si_LK	Sinhala (Sri Lanka)	සිංහල (ශ්‍රී ලංකාව)
sk	Slovak	slovenčina
sk_SK	Slovak (Slovakia)	slovenčina (Slovenská republika)
sl	Slovenian	slovenščina
sl_SI	Slovenian (Slovenia)	slovenščina (Slovenija)
so	Somali	Soomaali
so_DJ	Somali (Djibouti)	Soomaali (Jabuuti)
so_ET	Somali (Ethiopia)	Soomaali (Itoobiya)
so_KE	Somali (Kenya)	Soomaali (Kiiniya)
so_SO	Somali (Somalia)	Soomaali (Soomaaliya)
sq	Albanian	shqipe
sq_AL	Albanian (Albania)	shqipe (Shqipëria)
sr	Serbian	Српски
sr_BA	Serbian (Bosnia and Herzegovina)	Српски (Босна и Херцеговина)
sr_CS	Serbian (Serbia and Montenegro)	Српски (Србија и Црна Гора)
sr_ME	Serbian (Montenegro)	Srpski (Crna Gora)
sr_RS	Serbian (Serbia)	Српски (Србија)
sr_YU	Serbian	Српски
sv	Swedish	svenska
sv_FI	Swedish (Finland)	svenska (Finland)
sv_SE	Swedish (Sweden)	svenska (Sverige)
sw	Swahili	Kiswahili
sw_KE	Swahili (Kenya)	Kiswahili (Kenya)
sw_TZ	Swahili (Tanzania)	Kiswahili (Tanzania)
ta	Tamil	தமிழ்
ta_IN	Tamil (India)	தமிழ் (இந்தியா)
te	Telugu	తెలుగు
te_IN	Telugu (India)	తెలుగు (భారత దేశం)
th	Thai	ไทย
th_TH	Thai (Thailand)	ไทย (ไทย)
ti	Tigrinya	ትግርኛ
ti_ER	Tigrinya (Eritrea)	ትግርኛ
ti_ET	Tigrinya (Ethiopia)	ትግርኛ
tr	Turkish	Türkçe
tr_TR	Turkish (Turkey)	Türkçe (Türkiye)
uk	Ukrainian	українська
uk_UA	Ukrainian (Ukraine)	українська (Україна)
ur	Urdu	اردو
ur_IN	Urdu (India)	اردو (بھارت)
ur_PK	Urdu (Pakistan)	اردو (پاکستان)
uz	Uzbek	Ўзбек
uz_AF	Uzbek (Afghanistan)	اۉزبېک (افغانستان)
uz_UZ	Uzbek (Uzbekistan)	Ўзбек (Ўзбекистон)
vi	Vietnamese	Tiếng Việt
vi_VN	Vietnamese (Vietnam)	Tiếng Việt (Việt Nam)
zh	Chinese	中文
zh_CN	Chinese (China)	中文 (中国)
zh_HK	Chinese (Hong Kong SAR China)	中文 (中華人民共和國香港特別行政區)
zh_MO	Chinese (Macau SAR China)	中文 (中華人民共和國澳門特別行政區)
zh_SG	Chinese (Singapore)	中文 (新加坡)
zh_TW	Chinese (Taiwan)	中文 (台灣)
zu	Zulu	isiZulu
zu_ZA	Zulu (South Africa)	isiZulu (iNingizimu Afrika)
